{
"type": "FeatureCollection",
"name": "buildings",
"crs": { "type": "name", "properties": { "name": "urn:ogc:def:crs:OGC:1.3:CRS84" } },
"features": [
{ "type": "Feature", "properties": { "element": "relation", "id": 909486, "addr:city": "Herzogenaurach", "addr:country": null, "addr:housenumber": "17", "addr:postcode": "91074", "addr:street": "Edergasse", "building": "school", "amenity": null, "check_date:opening_hours": null, "cuisine": null, "indoor_seating": null, "name": null, "opening_hours": null, "outdoor_seating": null, "website": null, "wheelchair": null, "description": null, "leisure": null, "sport": null, "nohousenumber": null, "roof:shape": null, "air_conditioning": null, "building:levels": null, "diet:vegan": null, "diet:vegetarian": null, "payment:credit_cards": null, "payment:debit_cards": null, "phone": null, "roof:levels": null, "check_date": null, "email": null, "mobile": null, "shop": null, "denomination": null, "operator": null, "roof:colour": null, "capacity": null, "building:colour": null, "note": null, "source": null, "house": null, "roof:orientation": null, "layer": null, "compressed_air": null, "not:brand:wikidata": null, "religion": null, "contact:phone": null, "contact:website": null, "name:de": null, "name:en": null, "smoking": null, "name:signed": null, "tourism": null, "community_centre:for": null, "toilets:wheelchair": null, "url": null, "alt_name": null, "operator:wikidata": null, "power": null, "ref": null, "substation": null, "type": "multipolygon" }, "geometry": { "type": "Polygon", "coordinates": [ [ [ 10.8862021, 49.5709247 ], [ 10.8861386, 49.5709483 ], [ 10.8860883, 49.570967 ], [ 10.8861101, 49.5709916 ], [ 10.8860228, 49.5710241 ], [ 10.8860801, 49.5710888 ], [ 10.8860392, 49.5711124 ], [ 10.8858279, 49.5709074 ], [ 10.8857035, 49.5709613 ], [ 10.8859148, 49.5711663 ], [ 10.885934, 49.571158 ], [ 10.8861388, 49.5714727 ], [ 10.8861581, 49.5715022 ], [ 10.8862113, 49.571584 ], [ 10.8863287, 49.5715586 ], [ 10.8863223, 49.571537 ], [ 10.8863954, 49.5715114 ], [ 10.8864187, 49.571534 ], [ 10.8868214, 49.5713784 ], [ 10.8867785, 49.5713379 ], [ 10.8868249, 49.5713187 ], [ 10.8868971, 49.5713911 ], [ 10.887005, 49.5713459 ], [ 10.8865758, 49.5709152 ], [ 10.8865878, 49.5709102 ], [ 10.8864867, 49.5708088 ], [ 10.8863762, 49.5708551 ], [ 10.8864695, 49.5709487 ], [ 10.8864602, 49.5709526 ], [ 10.8864121, 49.5709672 ], [ 10.8863535, 49.5709009 ], [ 10.8862238, 49.5709492 ], [ 10.8862021, 49.5709247 ] ], [ [ 10.8862482, 49.5714392 ], [ 10.8860917, 49.5711822 ], [ 10.8861466, 49.5711638 ], [ 10.8861748, 49.5711957 ], [ 10.8865054, 49.5710726 ], [ 10.8864732, 49.5710362 ], [ 10.8865254, 49.5710181 ], [ 10.8867567, 49.5712502 ], [ 10.8862482, 49.5714392 ] ] ] } },
{ "type": "Feature", "properties": { "element": "way", "id": 44213156, "addr:city": "Herzogenaurach", "addr:country": "DE", "addr:housenumber": "2", "addr:postcode": "91074", "addr:street": "Bahnhofstraße", "building": "yes", "amenity": null, "check_date:opening_hours": null, "cuisine": null, "indoor_seating": null, "name": null, "opening_hours": null, "outdoor_seating": null, "website": null, "wheelchair": null, "description": null, "leisure": null, "sport": null, "nohousenumber": null, "roof:shape": null, "air_conditioning": null, "building:levels": null, "diet:vegan": null, "diet:vegetarian": null, "payment:credit_cards": null, "payment:debit_cards": null, "phone": null, "roof:levels": null, "check_date": null, "email": null, "mobile": null, "shop": null, "denomination": null, "operator": null, "roof:colour": null, "capacity": null, "building:colour": null, "note": null, "source": null, "house": null, "roof:orientation": null, "layer": null, "compressed_air": null, "not:brand:wikidata": null, "religion": null, "contact:phone": null, "contact:website": null, "name:de": null, "name:en": null, "smoking": null, "name:signed": null, "tourism": null, "community_centre:for": null, "toilets:wheelchair": null, "url": null, "alt_name": null, "operator:wikidata": null, "power": null, "ref": null, "substation": null, "type": null }, "geometry": { "type": "Polygon", "coordinates": [ [ [ 10.8846295, 49.5677233 ], [ 10.8844927, 49.5677645 ], [ 10.884447, 49.5677008 ], [ 10.8843723, 49.5675967 ], [ 10.884509, 49.5675554 ], [ 10.8845633, 49.5676311 ], [ 10.8846295, 49.5677233 ] ] ] } },
{ "type": "Feature", "properties": { "element": "way", "id": 44213160, "addr:city": "Herzogenaurach", "addr:country": "DE", "addr:housenumber": "5", "addr:postcode": "91074", "addr:street": "Erlanger Straße", "building": "yes", "amenity": "restaurant", "check_date:opening_hours": "2025-05-11", "cuisine": "pizza;pasta", "indoor_seating": "yes", "name": "Casa Negri", "opening_hours": "Tu-Sa 11:30-14:00,17:30-22:00", "outdoor_seating": "yes", "website": "https://casanegri.de/", "wheelchair": "limited", "description": null, "leisure": null, "sport": null, "nohousenumber": null, "roof:shape": null, "air_conditioning": null, "building:levels": null, "diet:vegan": null, "diet:vegetarian": null, "payment:credit_cards": null, "payment:debit_cards": null, "phone": null, "roof:levels": null, "check_date": null, "email": null, "mobile": null, "shop": null, "denomination": null, "operator": null, "roof:colour": null, "capacity": null, "building:colour": null, "note": null, "source": null, "house": null, "roof:orientation": null, "layer": null, "compressed_air": null, "not:brand:wikidata": null, "religion": null, "contact:phone": null, "contact:website": null, "name:de": null, "name:en": null, "smoking": null, "name:signed": null, "tourism": null, "community_centre:for": null, "toilets:wheelchair": null, "url": null, "alt_name": null, "operator:wikidata": null, "power": null, "ref": null, "substation": null, "type": null }, "geometry": { "type": "Polygon", "coordinates": [ [ [ 10.8844017, 49.5681691 ], [ 10.8844626, 49.5681456 ], [ 10.8845366, 49.568117 ], [ 10.8845945, 49.5681846 ], [ 10.8846166, 49.5682105 ], [ 10.8844831, 49.5682614 ], [ 10.8844757, 49.5682531 ], [ 10.8844017, 49.5681691 ] ] ] } },
{ "type": "Feature", "properties": { "element": "way", "id": 44213162, "addr:city": "Herzogenaurach", "addr:country": "DE", "addr:housenumber": "8", "addr:postcode": "91074", "addr:street": "Zum Flughafen", "building": "apartments", "amenity": null, "check_date:opening_hours": null, "cuisine": null, "indoor_seating": null, "name": null, "opening_hours": null, "outdoor_seating": null, "website": null, "wheelchair": null, "description": null, "leisure": null, "sport": null, "nohousenumber": null, "roof:shape": null, "air_conditioning": null, "building:levels": null, "diet:vegan": null, "diet:vegetarian": null, "payment:credit_cards": null, "payment:debit_cards": null, "phone": null, "roof:levels": null, "check_date": null, "email": null, "mobile": null, "shop": null, "denomination": null, "operator": null, "roof:colour": null, "capacity": null, "building:colour": null, "note": null, "source": null, "house": null, "roof:orientation": null, "layer": null, "compressed_air": null, "not:brand:wikidata": null, "religion": null, "contact:phone": null, "contact:website": null, "name:de": null, "name:en": null, "smoking": null, "name:signed": null, "tourism": null, "community_centre:for": null, "toilets:wheelchair": null, "url": null, "alt_name": null, "operator:wikidata": null, "power": null, "ref": null, "substation": null, "type": null }, "geometry": { "type": "Polygon", "coordinates": [ [ [ 10.8849033, 49.5686382 ], [ 10.8849327, 49.5687531 ], [ 10.8849547, 49.5688392 ], [ 10.8851976, 49.568813 ], [ 10.8851779, 49.5687358 ], [ 10.8850546, 49.5687491 ], [ 10.885043, 49.5687039 ], [ 10.8851969, 49.5686874 ], [ 10.8851768, 49.5686088 ], [ 10.8849033, 49.5686382 ] ] ] } },
{ "type": "Feature", "properties": { "element": "way", "id": 46352601, "addr:city": null, "addr:country": null, "addr:housenumber": null, "addr:postcode": null, "addr:street": null, "building": "yes", "amenity": null, "check_date:opening_hours": null, "cuisine": null, "indoor_seating": null, "name": "Doppelturnhalle Carl-Platz-Schule", "opening_hours": null, "outdoor_seating": null, "website": null, "wheelchair": null, "description": "Turnhalle", "leisure": "sports_centre", "sport": "multi", "nohousenumber": null, "roof:shape": null, "air_conditioning": null, "building:levels": null, "diet:vegan": null, "diet:vegetarian": null, "payment:credit_cards": null, "payment:debit_cards": null, "phone": null, "roof:levels": null, "check_date": null, "email": null, "mobile": null, "shop": null, "denomination": null, "operator": null, "roof:colour": null, "capacity": null, "building:colour": null, "note": null, "source": null, "house": null, "roof:orientation": null, "layer": null, "compressed_air": null, "not:brand:wikidata": null, "religion": null, "contact:phone": null, "contact:website": null, "name:de": null, "name:en": null, "smoking": null, "name:signed": null, "tourism": null, "community_centre:for": null, "toilets:wheelchair": null, "url": null, "alt_name": null, "operator:wikidata": null, "power": null, "ref": null, "substation": null, "type": null }, "geometry": { "type": "Polygon", "coordinates": [ [ [ 10.8877775, 49.5711109 ], [ 10.8876691, 49.5709595 ], [ 10.8875685, 49.5709898 ], [ 10.8874817, 49.5708689 ], [ 10.8872801, 49.5709298 ], [ 10.8870396, 49.5710024 ], [ 10.8871148, 49.5711071 ], [ 10.8869867, 49.571083 ], [ 10.8869685, 49.5711237 ], [ 10.8869744, 49.5711661 ], [ 10.8870093, 49.5712 ], [ 10.8870572, 49.5712274 ], [ 10.8871154, 49.5712425 ], [ 10.8871728, 49.5712448 ], [ 10.8872902, 49.5712107 ], [ 10.8873176, 49.5712503 ], [ 10.8877004, 49.5711389 ], [ 10.8876976, 49.5711349 ], [ 10.8877775, 49.5711109 ] ] ] } },
{ "type": "Feature", "properties": { "element": "way", "id": 46673941, "addr:city": null, "addr:country": null, "addr:housenumber": null, "addr:postcode": null, "addr:street": null, "building": "residential", "amenity": null, "check_date:opening_hours": null, "cuisine": null, "indoor_seating": null, "name": "Liebfrauenhaus", "opening_hours": null, "outdoor_seating": null, "website": null, "wheelchair": null, "description": null, "leisure": null, "sport": null, "nohousenumber": "yes", "roof:shape": null, "air_conditioning": null, "building:levels": null, "diet:vegan": null, "diet:vegetarian": null, "payment:credit_cards": null, "payment:debit_cards": null, "phone": null, "roof:levels": null, "check_date": null, "email": null, "mobile": null, "shop": null, "denomination": null, "operator": null, "roof:colour": null, "capacity": null, "building:colour": null, "note": null, "source": null, "house": null, "roof:orientation": null, "layer": null, "compressed_air": null, "not:brand:wikidata": null, "religion": null, "contact:phone": null, "contact:website": null, "name:de": null, "name:en": null, "smoking": null, "name:signed": null, "tourism": null, "community_centre:for": null, "toilets:wheelchair": null, "url": null, "alt_name": null, "operator:wikidata": null, "power": null, "ref": null, "substation": null, "type": null }, "geometry": { "type": "Polygon", "coordinates": [ [ [ 10.8879991, 49.5674945 ], [ 10.8880269, 49.5676017 ], [ 10.8886592, 49.5675315 ], [ 10.8887735, 49.568008 ], [ 10.8889903, 49.5679902 ], [ 10.8889654, 49.5678676 ], [ 10.8891853, 49.5678418 ], [ 10.889149, 49.5677034 ], [ 10.8889356, 49.567723 ], [ 10.8888971, 49.567707 ], [ 10.888826, 49.5674111 ], [ 10.8886748, 49.567429 ], [ 10.8879991, 49.5674945 ] ] ] } },
{ "type": "Feature", "properties": { "element": "way", "id": 47487525, "addr:city": "Herzogenaurach", "addr:country": "DE", "addr:housenumber": "20", "addr:postcode": "91074", "addr:street": "Erlanger Straße", "building": "residential", "amenity": null, "check_date:opening_hours": null, "cuisine": null, "indoor_seating": null, "name": null, "opening_hours": null, "outdoor_seating": null, "website": null, "wheelchair": null, "description": null, "leisure": null, "sport": null, "nohousenumber": null, "roof:shape": null, "air_conditioning": null, "building:levels": null, "diet:vegan": null, "diet:vegetarian": null, "payment:credit_cards": null, "payment:debit_cards": null, "phone": null, "roof:levels": null, "check_date": null, "email": null, "mobile": null, "shop": null, "denomination": null, "operator": null, "roof:colour": null, "capacity": null, "building:colour": null, "note": null, "source": null, "house": null, "roof:orientation": null, "layer": null, "compressed_air": null, "not:brand:wikidata": null, "religion": null, "contact:phone": null, "contact:website": null, "name:de": null, "name:en": null, "smoking": null, "name:signed": null, "tourism": null, "community_centre:for": null, "toilets:wheelchair": null, "url": null, "alt_name": null, "operator:wikidata": null, "power": null, "ref": null, "substation": null, "type": null }, "geometry": { "type": "Polygon", "coordinates": [ [ [ 10.8872741, 49.5673191 ], [ 10.8873348, 49.5674174 ], [ 10.8875354, 49.5673654 ], [ 10.8874747, 49.567267 ], [ 10.8872741, 49.5673191 ] ] ] } },
{ "type": "Feature", "properties": { "element": "way", "id": 47487530, "addr:city": "Herzogenaurach", "addr:country": "DE", "addr:housenumber": "8", "addr:postcode": "91074", "addr:street": "Eichelmühlgasse", "building": "yes", "amenity": null, "check_date:opening_hours": null, "cuisine": null, "indoor_seating": null, "name": null, "opening_hours": null, "outdoor_seating": null, "website": null, "wheelchair": null, "description": null, "leisure": null, "sport": null, "nohousenumber": null, "roof:shape": null, "air_conditioning": null, "building:levels": null, "diet:vegan": null, "diet:vegetarian": null, "payment:credit_cards": null, "payment:debit_cards": null, "phone": null, "roof:levels": null, "check_date": null, "email": null, "mobile": null, "shop": null, "denomination": null, "operator": null, "roof:colour": null, "capacity": null, "building:colour": null, "note": null, "source": null, "house": null, "roof:orientation": null, "layer": null, "compressed_air": null, "not:brand:wikidata": null, "religion": null, "contact:phone": null, "contact:website": null, "name:de": null, "name:en": null, "smoking": null, "name:signed": null, "tourism": null, "community_centre:for": null, "toilets:wheelchair": null, "url": null, "alt_name": null, "operator:wikidata": null, "power": null, "ref": null, "substation": null, "type": null }, "geometry": { "type": "Polygon", "coordinates": [ [ [ 10.8887189, 49.5664576 ], [ 10.8887554, 49.5664337 ], [ 10.8888353, 49.5663842 ], [ 10.8888533, 49.5663942 ], [ 10.8889401, 49.5664426 ], [ 10.8888283, 49.5665234 ], [ 10.8887368, 49.5664684 ], [ 10.8887189, 49.5664576 ] ] ] } },
{ "type": "Feature", "properties": { "element": "way", "id": 47487532, "addr:city": null, "addr:country": null, "addr:housenumber": null, "addr:postcode": null, "addr:street": null, "building": "yes", "amenity": null, "check_date:opening_hours": null, "cuisine": null, "indoor_seating": null, "name": null, "opening_hours": null, "outdoor_seating": null, "website": null, "wheelchair": null, "description": null, "leisure": null, "sport": null, "nohousenumber": null, "roof:shape": null, "air_conditioning": null, "building:levels": null, "diet:vegan": null, "diet:vegetarian": null, "payment:credit_cards": null, "payment:debit_cards": null, "phone": null, "roof:levels": null, "check_date": null, "email": null, "mobile": null, "shop": null, "denomination": null, "operator": null, "roof:colour": null, "capacity": null, "building:colour": null, "note": null, "source": null, "house": null, "roof:orientation": null, "layer": null, "compressed_air": null, "not:brand:wikidata": null, "religion": null, "contact:phone": null, "contact:website": null, "name:de": null, "name:en": null, "smoking": null, "name:signed": null, "tourism": null, "community_centre:for": null, "toilets:wheelchair": null, "url": null, "alt_name": null, "operator:wikidata": null, "power": null, "ref": null, "substation": null, "type": null }, "geometry": { "type": "Polygon", "coordinates": [ [ [ 10.8886569, 49.56896 ], [ 10.888837, 49.5689461 ], [ 10.8887854, 49.5686649 ], [ 10.8886591, 49.5686747 ], [ 10.8886994, 49.5688943 ], [ 10.8886456, 49.5688984 ], [ 10.8886569, 49.56896 ] ] ] } },
{ "type": "Feature", "properties": { "element": "way", "id": 47487533, "addr:city": null, "addr:country": null, "addr:housenumber": null, "addr:postcode": null, "addr:street": null, "building": "yes", "amenity": null, "check_date:opening_hours": null, "cuisine": null, "indoor_seating": null, "name": null, "opening_hours": null, "outdoor_seating": null, "website": null, "wheelchair": null, "description": null, "leisure": null, "sport": null, "nohousenumber": null, "roof:shape": "gabled", "air_conditioning": null, "building:levels": null, "diet:vegan": null, "diet:vegetarian": null, "payment:credit_cards": null, "payment:debit_cards": null, "phone": null, "roof:levels": null, "check_date": null, "email": null, "mobile": null, "shop": null, "denomination": null, "operator": null, "roof:colour": null, "capacity": null, "building:colour": null, "note": null, "source": null, "house": null, "roof:orientation": null, "layer": null, "compressed_air": null, "not:brand:wikidata": null, "religion": null, "contact:phone": null, "contact:website": null, "name:de": null, "name:en": null, "smoking": null, "name:signed": null, "tourism": null, "community_centre:for": null, "toilets:wheelchair": null, "url": null, "alt_name": null, "operator:wikidata": null, "power": null, "ref": null, "substation": null, "type": null }, "geometry": { "type": "Polygon", "coordinates": [ [ [ 10.8898441, 49.5680437 ], [ 10.8900697, 49.5680389 ], [ 10.890069, 49.5680241 ], [ 10.8901186, 49.568023 ], [ 10.8901191, 49.5680329 ], [ 10.8902257, 49.5680307 ], [ 10.8902207, 49.567931 ], [ 10.890115, 49.5679333 ], [ 10.8901154, 49.5679405 ], [ 10.8900615, 49.5679416 ], [ 10.8900548, 49.5678082 ], [ 10.8899765, 49.5678094 ], [ 10.8899752, 49.5677842 ], [ 10.8899682, 49.5677841 ], [ 10.8899667, 49.5677553 ], [ 10.8899389, 49.5677392 ], [ 10.889806, 49.5677428 ], [ 10.8898112, 49.5678464 ], [ 10.8898342, 49.5678459 ], [ 10.8898441, 49.5680437 ] ] ] } },
{ "type": "Feature", "properties": { "element": "way", "id": 47487534, "addr:city": null, "addr:country": null, "addr:housenumber": null, "addr:postcode": null, "addr:street": null, "building": "yes", "amenity": null, "check_date:opening_hours": null, "cuisine": null, "indoor_seating": null, "name": null, "opening_hours": null, "outdoor_seating": null, "website": null, "wheelchair": null, "description": null, "leisure": null, "sport": null, "nohousenumber": null, "roof:shape": "gabled", "air_conditioning": null, "building:levels": null, "diet:vegan": null, "diet:vegetarian": null, "payment:credit_cards": null, "payment:debit_cards": null, "phone": null, "roof:levels": null, "check_date": null, "email": null, "mobile": null, "shop": null, "denomination": null, "operator": null, "roof:colour": null, "capacity": null, "building:colour": null, "note": null, "source": null, "house": null, "roof:orientation": null, "layer": null, "compressed_air": null, "not:brand:wikidata": null, "religion": null, "contact:phone": null, "contact:website": null, "name:de": null, "name:en": null, "smoking": null, "name:signed": null, "tourism": null, "community_centre:for": null, "toilets:wheelchair": null, "url": null, "alt_name": null, "operator:wikidata": null, "power": null, "ref": null, "substation": null, "type": null }, "geometry": { "type": "Polygon", "coordinates": [ [ [ 10.8907196, 49.5682658 ], [ 10.8909508, 49.5682514 ], [ 10.8909179, 49.5680298 ], [ 10.8906867, 49.5680443 ], [ 10.8907196, 49.5682658 ] ] ] } },
{ "type": "Feature", "properties": { "element": "way", "id": 47487542, "addr:city": "Herzogenaurach", "addr:country": "DE", "addr:housenumber": "12", "addr:postcode": "91074", "addr:street": "Plonergasse", "building": "yes", "amenity": null, "check_date:opening_hours": null, "cuisine": null, "indoor_seating": null, "name": null, "opening_hours": null, "outdoor_seating": null, "website": null, "wheelchair": null, "description": null, "leisure": null, "sport": null, "nohousenumber": null, "roof:shape": null, "air_conditioning": null, "building:levels": null, "diet:vegan": null, "diet:vegetarian": null, "payment:credit_cards": null, "payment:debit_cards": null, "phone": null, "roof:levels": null, "check_date": null, "email": null, "mobile": null, "shop": null, "denomination": null, "operator": null, "roof:colour": null, "capacity": null, "building:colour": null, "note": null, "source": null, "house": null, "roof:orientation": null, "layer": null, "compressed_air": null, "not:brand:wikidata": null, "religion": null, "contact:phone": null, "contact:website": null, "name:de": null, "name:en": null, "smoking": null, "name:signed": null, "tourism": null, "community_centre:for": null, "toilets:wheelchair": null, "url": null, "alt_name": null, "operator:wikidata": null, "power": null, "ref": null, "substation": null, "type": null }, "geometry": { "type": "Polygon", "coordinates": [ [ [ 10.8872801, 49.5709298 ], [ 10.8871603, 49.5707541 ], [ 10.8871229, 49.570766 ], [ 10.8870344, 49.570649 ], [ 10.8874614, 49.5705133 ], [ 10.8875521, 49.5706334 ], [ 10.8873402, 49.5707008 ], [ 10.8874817, 49.5708689 ], [ 10.8872801, 49.5709298 ] ] ] } },
{ "type": "Feature", "properties": { "element": "way", "id": 47487544, "addr:city": null, "addr:country": null, "addr:housenumber": null, "addr:postcode": null, "addr:street": null, "building": "residential", "amenity": null, "check_date:opening_hours": null, "cuisine": null, "indoor_seating": null, "name": null, "opening_hours": null, "outdoor_seating": null, "website": null, "wheelchair": null, "description": null, "leisure": null, "sport": null, "nohousenumber": null, "roof:shape": null, "air_conditioning": null, "building:levels": null, "diet:vegan": null, "diet:vegetarian": null, "payment:credit_cards": null, "payment:debit_cards": null, "phone": null, "roof:levels": null, "check_date": null, "email": null, "mobile": null, "shop": null, "denomination": null, "operator": null, "roof:colour": null, "capacity": null, "building:colour": null, "note": null, "source": null, "house": null, "roof:orientation": null, "layer": null, "compressed_air": null, "not:brand:wikidata": null, "religion": null, "contact:phone": null, "contact:website": null, "name:de": null, "name:en": null, "smoking": null, "name:signed": null, "tourism": null, "community_centre:for": null, "toilets:wheelchair": null, "url": null, "alt_name": null, "operator:wikidata": null, "power": null, "ref": null, "substation": null, "type": null }, "geometry": { "type": "Polygon", "coordinates": [ [ [ 10.8928181, 49.571892 ], [ 10.8929249, 49.5718153 ], [ 10.892682, 49.571673 ], [ 10.8925752, 49.5717497 ], [ 10.8928181, 49.571892 ] ] ] } },
{ "type": "Feature", "properties": { "element": "way", "id": 47487551, "addr:city": null, "addr:country": null, "addr:housenumber": null, "addr:postcode": null, "addr:street": null, "building": "residential", "amenity": null, "check_date:opening_hours": null, "cuisine": null, "indoor_seating": null, "name": null, "opening_hours": null, "outdoor_seating": null, "website": null, "wheelchair": null, "description": null, "leisure": null, "sport": null, "nohousenumber": null, "roof:shape": "gabled", "air_conditioning": null, "building:levels": null, "diet:vegan": null, "diet:vegetarian": null, "payment:credit_cards": null, "payment:debit_cards": null, "phone": null, "roof:levels": null, "check_date": null, "email": null, "mobile": null, "shop": null, "denomination": null, "operator": null, "roof:colour": null, "capacity": null, "building:colour": null, "note": null, "source": null, "house": null, "roof:orientation": null, "layer": null, "compressed_air": null, "not:brand:wikidata": null, "religion": null, "contact:phone": null, "contact:website": null, "name:de": null, "name:en": null, "smoking": null, "name:signed": null, "tourism": null, "community_centre:for": null, "toilets:wheelchair": null, "url": null, "alt_name": null, "operator:wikidata": null, "power": null, "ref": null, "substation": null, "type": null }, "geometry": { "type": "Polygon", "coordinates": [ [ [ 10.8879478, 49.5716548 ], [ 10.8880658, 49.5716157 ], [ 10.8881769, 49.5717565 ], [ 10.8880588, 49.5717957 ], [ 10.8879478, 49.5716548 ] ] ] } },
{ "type": "Feature", "properties": { "element": "way", "id": 47487561, "addr:city": null, "addr:country": null, "addr:housenumber": null, "addr:postcode": null, "addr:street": null, "building": "residential", "amenity": null, "check_date:opening_hours": null, "cuisine": null, "indoor_seating": null, "name": null, "opening_hours": null, "outdoor_seating": null, "website": null, "wheelchair": null, "description": null, "leisure": null, "sport": null, "nohousenumber": null, "roof:shape": "gabled", "air_conditioning": null, "building:levels": null, "diet:vegan": null, "diet:vegetarian": null, "payment:credit_cards": null, "payment:debit_cards": null, "phone": null, "roof:levels": null, "check_date": null, "email": null, "mobile": null, "shop": null, "denomination": null, "operator": null, "roof:colour": null, "capacity": null, "building:colour": null, "note": null, "source": null, "house": null, "roof:orientation": null, "layer": null, "compressed_air": null, "not:brand:wikidata": null, "religion": null, "contact:phone": null, "contact:website": null, "name:de": null, "name:en": null, "smoking": null, "name:signed": null, "tourism": null, "community_centre:for": null, "toilets:wheelchair": null, "url": null, "alt_name": null, "operator:wikidata": null, "power": null, "ref": null, "substation": null, "type": null }, "geometry": { "type": "Polygon", "coordinates": [ [ [ 10.8874926, 49.5718089 ], [ 10.887622, 49.5717703 ], [ 10.8877139, 49.5718997 ], [ 10.8875845, 49.5719383 ], [ 10.8874926, 49.5718089 ] ] ] } },
{ "type": "Feature", "properties": { "element": "way", "id": 47487566, "addr:city": null, "addr:country": null, "addr:housenumber": null, "addr:postcode": null, "addr:street": null, "building": "residential", "amenity": null, "check_date:opening_hours": null, "cuisine": null, "indoor_seating": null, "name": null, "opening_hours": null, "outdoor_seating": null, "website": null, "wheelchair": null, "description": null, "leisure": null, "sport": null, "nohousenumber": null, "roof:shape": null, "air_conditioning": null, "building:levels": null, "diet:vegan": null, "diet:vegetarian": null, "payment:credit_cards": null, "payment:debit_cards": null, "phone": null, "roof:levels": null, "check_date": null, "email": null, "mobile": null, "shop": null, "denomination": null, "operator": null, "roof:colour": null, "capacity": null, "building:colour": null, "note": null, "source": null, "house": null, "roof:orientation": null, "layer": null, "compressed_air": null, "not:brand:wikidata": null, "religion": null, "contact:phone": null, "contact:website": null, "name:de": null, "name:en": null, "smoking": null, "name:signed": null, "tourism": null, "community_centre:for": null, "toilets:wheelchair": null, "url": null, "alt_name": null, "operator:wikidata": null, "power": null, "ref": null, "substation": null, "type": null }, "geometry": { "type": "Polygon", "coordinates": [ [ [ 10.8922655, 49.5716171 ], [ 10.8923495, 49.5715387 ], [ 10.8925607, 49.5716339 ], [ 10.8924766, 49.5717123 ], [ 10.8922655, 49.5716171 ] ] ] } },
{ "type": "Feature", "properties": { "element": "way", "id": 47487567, "addr:city": "Herzogenaurach", "addr:country": "DE", "addr:housenumber": "46", "addr:postcode": "91074", "addr:street": "Zum Flughafen", "building": "residential", "amenity": null, "check_date:opening_hours": null, "cuisine": null, "indoor_seating": null, "name": null, "opening_hours": null, "outdoor_seating": null, "website": null, "wheelchair": null, "description": null, "leisure": null, "sport": null, "nohousenumber": null, "roof:shape": null, "air_conditioning": null, "building:levels": null, "diet:vegan": null, "diet:vegetarian": null, "payment:credit_cards": null, "payment:debit_cards": null, "phone": null, "roof:levels": null, "check_date": null, "email": null, "mobile": null, "shop": null, "denomination": null, "operator": null, "roof:colour": null, "capacity": null, "building:colour": null, "note": null, "source": null, "house": null, "roof:orientation": null, "layer": null, "compressed_air": null, "not:brand:wikidata": null, "religion": null, "contact:phone": null, "contact:website": null, "name:de": null, "name:en": null, "smoking": null, "name:signed": null, "tourism": null, "community_centre:for": null, "toilets:wheelchair": null, "url": null, "alt_name": null, "operator:wikidata": null, "power": null, "ref": null, "substation": null, "type": null }, "geometry": { "type": "Polygon", "coordinates": [ [ [ 10.8920317, 49.5715204 ], [ 10.8921486, 49.571565 ], [ 10.8922294, 49.5714758 ], [ 10.8921125, 49.5714313 ], [ 10.8920317, 49.5715204 ] ] ] } },
{ "type": "Feature", "properties": { "element": "way", "id": 47487568, "addr:city": "Herzogenaurach", "addr:country": "DE", "addr:housenumber": "19", "addr:postcode": "91074", "addr:street": "Karl-Bröger-Straße", "building": "residential", "amenity": null, "check_date:opening_hours": null, "cuisine": null, "indoor_seating": null, "name": null, "opening_hours": null, "outdoor_seating": null, "website": null, "wheelchair": null, "description": null, "leisure": null, "sport": null, "nohousenumber": null, "roof:shape": null, "air_conditioning": null, "building:levels": null, "diet:vegan": null, "diet:vegetarian": null, "payment:credit_cards": null, "payment:debit_cards": null, "phone": null, "roof:levels": null, "check_date": null, "email": null, "mobile": null, "shop": null, "denomination": null, "operator": null, "roof:colour": null, "capacity": null, "building:colour": null, "note": null, "source": null, "house": null, "roof:orientation": null, "layer": null, "compressed_air": null, "not:brand:wikidata": null, "religion": null, "contact:phone": null, "contact:website": null, "name:de": null, "name:en": null, "smoking": null, "name:signed": null, "tourism": null, "community_centre:for": null, "toilets:wheelchair": null, "url": null, "alt_name": null, "operator:wikidata": null, "power": null, "ref": null, "substation": null, "type": null }, "geometry": { "type": "Polygon", "coordinates": [ [ [ 10.8924085, 49.5712927 ], [ 10.8924156, 49.571202 ], [ 10.8926564, 49.5712099 ], [ 10.8926492, 49.5713006 ], [ 10.8924085, 49.5712927 ] ] ] } },
{ "type": "Feature", "properties": { "element": "way", "id": 47487569, "addr:city": "Herzogenaurach", "addr:country": "DE", "addr:housenumber": "32", "addr:postcode": "91074", "addr:street": "Eichendorffstraße", "building": "residential", "amenity": null, "check_date:opening_hours": null, "cuisine": null, "indoor_seating": null, "name": null, "opening_hours": null, "outdoor_seating": null, "website": null, "wheelchair": null, "description": null, "leisure": null, "sport": null, "nohousenumber": null, "roof:shape": "gabled", "air_conditioning": null, "building:levels": null, "diet:vegan": null, "diet:vegetarian": null, "payment:credit_cards": null, "payment:debit_cards": null, "phone": null, "roof:levels": null, "check_date": null, "email": null, "mobile": null, "shop": null, "denomination": null, "operator": null, "roof:colour": null, "capacity": null, "building:colour": null, "note": null, "source": null, "house": null, "roof:orientation": null, "layer": null, "compressed_air": null, "not:brand:wikidata": null, "religion": null, "contact:phone": null, "contact:website": null, "name:de": null, "name:en": null, "smoking": null, "name:signed": null, "tourism": null, "community_centre:for": null, "toilets:wheelchair": null, "url": null, "alt_name": null, "operator:wikidata": null, "power": null, "ref": null, "substation": null, "type": null }, "geometry": { "type": "Polygon", "coordinates": [ [ [ 10.8911656, 49.5711577 ], [ 10.8913559, 49.5711648 ], [ 10.8913461, 49.5712752 ], [ 10.8911559, 49.5712681 ], [ 10.8911656, 49.5711577 ] ] ] } },
{ "type": "Feature", "properties": { "element": "way", "id": 48774324, "addr:city": "Herzogenaurach", "addr:country": "DE", "addr:housenumber": "8", "addr:postcode": "91074", "addr:street": "Erlanger Straße", "building": "retail", "amenity": "cafe", "check_date:opening_hours": null, "cuisine": "ice_cream", "indoor_seating": "yes", "name": "Eiscafé Carlo", "opening_hours": "Mo-Su 10:00-22:00", "outdoor_seating": "yes", "website": "http://www.eiscafe-carlo.de/", "wheelchair": "limited", "description": null, "leisure": null, "sport": null, "nohousenumber": null, "roof:shape": "pyramidal", "air_conditioning": "no", "building:levels": "2", "diet:vegan": "yes", "diet:vegetarian": "yes", "payment:credit_cards": "no", "payment:debit_cards": "no", "phone": "+49 9132 796 931", "roof:levels": "0", "check_date": null, "email": null, "mobile": null, "shop": null, "denomination": null, "operator": null, "roof:colour": null, "capacity": null, "building:colour": null, "note": null, "source": null, "house": null, "roof:orientation": null, "layer": null, "compressed_air": null, "not:brand:wikidata": null, "religion": null, "contact:phone": null, "contact:website": null, "name:de": null, "name:en": null, "smoking": null, "name:signed": null, "tourism": null, "community_centre:for": null, "toilets:wheelchair": null, "url": null, "alt_name": null, "operator:wikidata": null, "power": null, "ref": null, "substation": null, "type": null }, "geometry": { "type": "Polygon", "coordinates": [ [ [ 10.8855712, 49.5675963 ], [ 10.8857537, 49.567598 ], [ 10.885754, 49.567585 ], [ 10.8857556, 49.5675127 ], [ 10.8855732, 49.567511 ], [ 10.8855718, 49.567571 ], [ 10.8855712, 49.5675963 ] ] ] } },
{ "type": "Feature", "properties": { "element": "way", "id": 48774325, "addr:city": "Herzogenaurach", "addr:country": "DE", "addr:housenumber": "8", "addr:postcode": "91074", "addr:street": "Kellergasse", "building": "yes", "amenity": null, "check_date:opening_hours": null, "cuisine": null, "indoor_seating": null, "name": null, "opening_hours": null, "outdoor_seating": null, "website": null, "wheelchair": null, "description": null, "leisure": null, "sport": null, "nohousenumber": null, "roof:shape": null, "air_conditioning": null, "building:levels": null, "diet:vegan": null, "diet:vegetarian": null, "payment:credit_cards": null, "payment:debit_cards": null, "phone": null, "roof:levels": null, "check_date": "2024-04-21", "email": null, "mobile": null, "shop": null, "denomination": null, "operator": null, "roof:colour": null, "capacity": null, "building:colour": null, "note": null, "source": null, "house": null, "roof:orientation": null, "layer": null, "compressed_air": null, "not:brand:wikidata": null, "religion": null, "contact:phone": null, "contact:website": null, "name:de": null, "name:en": null, "smoking": null, "name:signed": null, "tourism": null, "community_centre:for": null, "toilets:wheelchair": null, "url": null, "alt_name": null, "operator:wikidata": null, "power": null, "ref": null, "substation": null, "type": null }, "geometry": { "type": "Polygon", "coordinates": [ [ [ 10.8861142, 49.5669587 ], [ 10.8862295, 49.5670366 ], [ 10.8863633, 49.5669534 ], [ 10.8864928, 49.5668728 ], [ 10.8863775, 49.5667949 ], [ 10.8861142, 49.5669587 ] ] ] } },
{ "type": "Feature", "properties": { "element": "way", "id": 48774326, "addr:city": null, "addr:country": null, "addr:housenumber": null, "addr:postcode": null, "addr:street": null, "building": "yes", "amenity": null, "check_date:opening_hours": null, "cuisine": null, "indoor_seating": null, "name": null, "opening_hours": null, "outdoor_seating": null, "website": null, "wheelchair": null, "description": null, "leisure": null, "sport": null, "nohousenumber": null, "roof:shape": null, "air_conditioning": null, "building:levels": null, "diet:vegan": null, "diet:vegetarian": null, "payment:credit_cards": null, "payment:debit_cards": null, "phone": null, "roof:levels": null, "check_date": null, "email": null, "mobile": null, "shop": null, "denomination": null, "operator": null, "roof:colour": null, "capacity": null, "building:colour": null, "note": null, "source": null, "house": null, "roof:orientation": null, "layer": null, "compressed_air": null, "not:brand:wikidata": null, "religion": null, "contact:phone": null, "contact:website": null, "name:de": null, "name:en": null, "smoking": null, "name:signed": null, "tourism": null, "community_centre:for": null, "toilets:wheelchair": null, "url": null, "alt_name": null, "operator:wikidata": null, "power": null, "ref": null, "substation": null, "type": null }, "geometry": { "type": "Polygon", "coordinates": [ [ [ 10.8853762, 49.5668346 ], [ 10.8853762, 49.5669219 ], [ 10.8855223, 49.5669219 ], [ 10.8855223, 49.5668346 ], [ 10.8853762, 49.5668346 ] ] ] } },
{ "type": "Feature", "properties": { "element": "way", "id": 48774327, "addr:city": "Herzogenaurach", "addr:country": "DE", "addr:housenumber": "12", "addr:postcode": "91074", "addr:street": "Erlanger Straße", "building": "residential", "amenity": null, "check_date:opening_hours": null, "cuisine": null, "indoor_seating": null, "name": null, "opening_hours": null, "outdoor_seating": null, "website": null, "wheelchair": null, "description": null, "leisure": null, "sport": null, "nohousenumber": null, "roof:shape": null, "air_conditioning": null, "building:levels": null, "diet:vegan": null, "diet:vegetarian": null, "payment:credit_cards": null, "payment:debit_cards": null, "phone": null, "roof:levels": null, "check_date": null, "email": null, "mobile": null, "shop": null, "denomination": null, "operator": null, "roof:colour": null, "capacity": null, "building:colour": null, "note": null, "source": null, "house": null, "roof:orientation": null, "layer": null, "compressed_air": null, "not:brand:wikidata": null, "religion": null, "contact:phone": null, "contact:website": null, "name:de": null, "name:en": null, "smoking": null, "name:signed": null, "tourism": null, "community_centre:for": null, "toilets:wheelchair": null, "url": null, "alt_name": null, "operator:wikidata": null, "power": null, "ref": null, "substation": null, "type": null }, "geometry": { "type": "Polygon", "coordinates": [ [ [ 10.8859891, 49.567466 ], [ 10.8860145, 49.5674454 ], [ 10.8860317, 49.5674384 ], [ 10.8861277, 49.5674043 ], [ 10.8862156, 49.5674131 ], [ 10.8862661, 49.5674262 ], [ 10.8864195, 49.5675726 ], [ 10.8862894, 49.5675886 ], [ 10.8862169, 49.5675013 ], [ 10.8860924, 49.5675463 ], [ 10.8859998, 49.5674994 ], [ 10.8859773, 49.5674995 ], [ 10.8859891, 49.567466 ] ] ] } },
{ "type": "Feature", "properties": { "element": "way", "id": 48774328, "addr:city": "Herzogenaurach", "addr:country": "DE", "addr:housenumber": "9a", "addr:postcode": "91074", "addr:street": "Kellergasse", "building": "yes", "amenity": null, "check_date:opening_hours": null, "cuisine": null, "indoor_seating": null, "name": null, "opening_hours": null, "outdoor_seating": null, "website": null, "wheelchair": null, "description": null, "leisure": null, "sport": null, "nohousenumber": null, "roof:shape": null, "air_conditioning": null, "building:levels": null, "diet:vegan": null, "diet:vegetarian": null, "payment:credit_cards": null, "payment:debit_cards": null, "phone": null, "roof:levels": null, "check_date": null, "email": null, "mobile": null, "shop": null, "denomination": null, "operator": null, "roof:colour": null, "capacity": null, "building:colour": null, "note": null, "source": null, "house": null, "roof:orientation": null, "layer": null, "compressed_air": null, "not:brand:wikidata": null, "religion": null, "contact:phone": null, "contact:website": null, "name:de": null, "name:en": null, "smoking": null, "name:signed": null, "tourism": null, "community_centre:for": null, "toilets:wheelchair": null, "url": null, "alt_name": null, "operator:wikidata": null, "power": null, "ref": null, "substation": null, "type": null }, "geometry": { "type": "Polygon", "coordinates": [ [ [ 10.8869326, 49.5669904 ], [ 10.8870284, 49.5670805 ], [ 10.8872065, 49.5670221 ], [ 10.8871505, 49.5669503 ], [ 10.8870763, 49.5668769 ], [ 10.8869507, 49.5669273 ], [ 10.8869895, 49.566966 ], [ 10.8869326, 49.5669904 ] ] ] } },
{ "type": "Feature", "properties": { "element": "way", "id": 48774329, "addr:city": "Herzogenaurach", "addr:country": "DE", "addr:housenumber": "3", "addr:postcode": "91074", "addr:street": "Kellergasse", "building": "apartments", "amenity": null, "check_date:opening_hours": null, "cuisine": null, "indoor_seating": null, "name": null, "opening_hours": null, "outdoor_seating": null, "website": null, "wheelchair": null, "description": null, "leisure": null, "sport": null, "nohousenumber": null, "roof:shape": null, "air_conditioning": null, "building:levels": null, "diet:vegan": null, "diet:vegetarian": null, "payment:credit_cards": null, "payment:debit_cards": null, "phone": null, "roof:levels": null, "check_date": null, "email": null, "mobile": null, "shop": null, "denomination": null, "operator": null, "roof:colour": null, "capacity": null, "building:colour": null, "note": null, "source": null, "house": null, "roof:orientation": null, "layer": null, "compressed_air": null, "not:brand:wikidata": null, "religion": null, "contact:phone": null, "contact:website": null, "name:de": null, "name:en": null, "smoking": null, "name:signed": null, "tourism": null, "community_centre:for": null, "toilets:wheelchair": null, "url": null, "alt_name": null, "operator:wikidata": null, "power": null, "ref": null, "substation": null, "type": null }, "geometry": { "type": "Polygon", "coordinates": [ [ [ 10.8859522, 49.5672845 ], [ 10.8860181, 49.5673462 ], [ 10.8861566, 49.5673081 ], [ 10.8860599, 49.5672291 ], [ 10.8860359, 49.56725 ], [ 10.8859522, 49.5672845 ] ] ] } },
{ "type": "Feature", "properties": { "element": "way", "id": 48774330, "addr:city": "Herzogenaurach", "addr:country": "DE", "addr:housenumber": "2", "addr:postcode": "91074", "addr:street": "Kellergasse", "building": "apartments", "amenity": null, "check_date:opening_hours": null, "cuisine": null, "indoor_seating": null, "name": null, "opening_hours": null, "outdoor_seating": null, "website": null, "wheelchair": null, "description": null, "leisure": null, "sport": null, "nohousenumber": null, "roof:shape": null, "air_conditioning": null, "building:levels": null, "diet:vegan": null, "diet:vegetarian": null, "payment:credit_cards": null, "payment:debit_cards": null, "phone": null, "roof:levels": null, "check_date": null, "email": null, "mobile": null, "shop": null, "denomination": null, "operator": null, "roof:colour": null, "capacity": null, "building:colour": null, "note": null, "source": null, "house": null, "roof:orientation": null, "layer": null, "compressed_air": null, "not:brand:wikidata": null, "religion": null, "contact:phone": null, "contact:website": null, "name:de": null, "name:en": null, "smoking": null, "name:signed": null, "tourism": null, "community_centre:for": null, "toilets:wheelchair": null, "url": null, "alt_name": null, "operator:wikidata": null, "power": null, "ref": null, "substation": null, "type": null }, "geometry": { "type": "Polygon", "coordinates": [ [ [ 10.8856305, 49.5673383 ], [ 10.8857394, 49.5672884 ], [ 10.8858329, 49.5672502 ], [ 10.885742, 49.567163 ], [ 10.8856319, 49.5672089 ], [ 10.8855406, 49.567245 ], [ 10.8856305, 49.5673383 ] ] ] } },
{ "type": "Feature", "properties": { "element": "way", "id": 48774331, "addr:city": null, "addr:country": null, "addr:housenumber": null, "addr:postcode": null, "addr:street": null, "building": "yes", "amenity": null, "check_date:opening_hours": null, "cuisine": null, "indoor_seating": null, "name": null, "opening_hours": null, "outdoor_seating": null, "website": null, "wheelchair": null, "description": null, "leisure": null, "sport": null, "nohousenumber": null, "roof:shape": null, "air_conditioning": null, "building:levels": null, "diet:vegan": null, "diet:vegetarian": null, "payment:credit_cards": null, "payment:debit_cards": null, "phone": null, "roof:levels": null, "check_date": null, "email": null, "mobile": null, "shop": null, "denomination": null, "operator": null, "roof:colour": null, "capacity": null, "building:colour": null, "note": null, "source": null, "house": null, "roof:orientation": null, "layer": null, "compressed_air": null, "not:brand:wikidata": null, "religion": null, "contact:phone": null, "contact:website": null, "name:de": null, "name:en": null, "smoking": null, "name:signed": null, "tourism": null, "community_centre:for": null, "toilets:wheelchair": null, "url": null, "alt_name": null, "operator:wikidata": null, "power": null, "ref": null, "substation": null, "type": null }, "geometry": { "type": "Polygon", "coordinates": [ [ [ 10.8855358, 49.5670463 ], [ 10.8856273, 49.5670838 ], [ 10.8856984, 49.5670108 ], [ 10.8856068, 49.5669734 ], [ 10.8855358, 49.5670463 ] ] ] } },
{ "type": "Feature", "properties": { "element": "way", "id": 48774332, "addr:city": null, "addr:country": null, "addr:housenumber": null, "addr:postcode": null, "addr:street": null, "building": "yes", "amenity": null, "check_date:opening_hours": null, "cuisine": null, "indoor_seating": null, "name": null, "opening_hours": null, "outdoor_seating": null, "website": null, "wheelchair": null, "description": null, "leisure": null, "sport": null, "nohousenumber": null, "roof:shape": null, "air_conditioning": null, "building:levels": null, "diet:vegan": null, "diet:vegetarian": null, "payment:credit_cards": null, "payment:debit_cards": null, "phone": null, "roof:levels": null, "check_date": null, "email": null, "mobile": null, "shop": null, "denomination": null, "operator": null, "roof:colour": null, "capacity": null, "building:colour": null, "note": null, "source": null, "house": null, "roof:orientation": null, "layer": null, "compressed_air": null, "not:brand:wikidata": null, "religion": null, "contact:phone": null, "contact:website": null, "name:de": null, "name:en": null, "smoking": null, "name:signed": null, "tourism": null, "community_centre:for": null, "toilets:wheelchair": null, "url": null, "alt_name": null, "operator:wikidata": null, "power": null, "ref": null, "substation": null, "type": null }, "geometry": { "type": "Polygon", "coordinates": [ [ [ 10.8852734, 49.5670968 ], [ 10.8854108, 49.5670981 ], [ 10.8854132, 49.5669816 ], [ 10.8852759, 49.5669804 ], [ 10.8852734, 49.5670968 ] ] ] } },
{ "type": "Feature", "properties": { "element": "way", "id": 48774333, "addr:city": null, "addr:country": null, "addr:housenumber": null, "addr:postcode": null, "addr:street": null, "building": "apartments", "amenity": null, "check_date:opening_hours": null, "cuisine": null, "indoor_seating": null, "name": null, "opening_hours": null, "outdoor_seating": null, "website": null, "wheelchair": null, "description": null, "leisure": null, "sport": null, "nohousenumber": null, "roof:shape": null, "air_conditioning": null, "building:levels": null, "diet:vegan": null, "diet:vegetarian": null, "payment:credit_cards": null, "payment:debit_cards": null, "phone": null, "roof:levels": null, "check_date": null, "email": null, "mobile": null, "shop": null, "denomination": null, "operator": null, "roof:colour": null, "capacity": null, "building:colour": null, "note": null, "source": null, "house": null, "roof:orientation": null, "layer": null, "compressed_air": null, "not:brand:wikidata": null, "religion": null, "contact:phone": null, "contact:website": null, "name:de": null, "name:en": null, "smoking": null, "name:signed": null, "tourism": null, "community_centre:for": null, "toilets:wheelchair": null, "url": null, "alt_name": null, "operator:wikidata": null, "power": null, "ref": null, "substation": null, "type": null }, "geometry": { "type": "Polygon", "coordinates": [ [ [ 10.885119, 49.5674 ], [ 10.885141, 49.5674993 ], [ 10.8852366, 49.5674871 ], [ 10.8853273, 49.5674756 ], [ 10.8853155, 49.5673913 ], [ 10.8852819, 49.5673465 ], [ 10.8852042, 49.5673633 ], [ 10.8852132, 49.567399 ], [ 10.8851792, 49.5674067 ], [ 10.8851773, 49.5673513 ], [ 10.8851307, 49.5673533 ], [ 10.885119, 49.5674 ] ] ] } },
{ "type": "Feature", "properties": { "element": "way", "id": 48774334, "addr:city": null, "addr:country": null, "addr:housenumber": null, "addr:postcode": null, "addr:street": null, "building": "yes", "amenity": null, "check_date:opening_hours": null, "cuisine": null, "indoor_seating": null, "name": null, "opening_hours": null, "outdoor_seating": null, "website": null, "wheelchair": null, "description": null, "leisure": null, "sport": null, "nohousenumber": null, "roof:shape": null, "air_conditioning": null, "building:levels": null, "diet:vegan": null, "diet:vegetarian": null, "payment:credit_cards": null, "payment:debit_cards": null, "phone": null, "roof:levels": null, "check_date": null, "email": null, "mobile": null, "shop": null, "denomination": null, "operator": null, "roof:colour": null, "capacity": null, "building:colour": null, "note": null, "source": null, "house": null, "roof:orientation": null, "layer": null, "compressed_air": null, "not:brand:wikidata": null, "religion": null, "contact:phone": null, "contact:website": null, "name:de": null, "name:en": null, "smoking": null, "name:signed": null, "tourism": null, "community_centre:for": null, "toilets:wheelchair": null, "url": null, "alt_name": null, "operator:wikidata": null, "power": null, "ref": null, "substation": null, "type": null }, "geometry": { "type": "Polygon", "coordinates": [ [ [ 10.8852819, 49.5673465 ], [ 10.8853155, 49.5673913 ], [ 10.8854349, 49.5673535 ], [ 10.8854012, 49.5673088 ], [ 10.8852819, 49.5673465 ] ] ] } },
{ "type": "Feature", "properties": { "element": "way", "id": 48774335, "addr:city": null, "addr:country": null, "addr:housenumber": null, "addr:postcode": null, "addr:street": null, "building": "yes", "amenity": null, "check_date:opening_hours": null, "cuisine": null, "indoor_seating": null, "name": null, "opening_hours": null, "outdoor_seating": null, "website": null, "wheelchair": null, "description": null, "leisure": null, "sport": null, "nohousenumber": null, "roof:shape": null, "air_conditioning": null, "building:levels": null, "diet:vegan": null, "diet:vegetarian": null, "payment:credit_cards": null, "payment:debit_cards": null, "phone": null, "roof:levels": null, "check_date": null, "email": null, "mobile": null, "shop": null, "denomination": null, "operator": null, "roof:colour": null, "capacity": null, "building:colour": null, "note": null, "source": null, "house": null, "roof:orientation": null, "layer": null, "compressed_air": null, "not:brand:wikidata": null, "religion": null, "contact:phone": null, "contact:website": null, "name:de": null, "name:en": null, "smoking": null, "name:signed": null, "tourism": null, "community_centre:for": null, "toilets:wheelchair": null, "url": null, "alt_name": null, "operator:wikidata": null, "power": null, "ref": null, "substation": null, "type": null }, "geometry": { "type": "Polygon", "coordinates": [ [ [ 10.8852419, 49.5672438 ], [ 10.8853367, 49.5672452 ], [ 10.8853403, 49.5671438 ], [ 10.8852455, 49.5671423 ], [ 10.8852419, 49.5672438 ] ] ] } },
{ "type": "Feature", "properties": { "element": "way", "id": 48774336, "addr:city": "Herzogenaurach", "addr:country": "DE", "addr:housenumber": "10", "addr:postcode": "91074", "addr:street": "Kellergasse", "building": "yes", "amenity": null, "check_date:opening_hours": null, "cuisine": null, "indoor_seating": null, "name": null, "opening_hours": null, "outdoor_seating": null, "website": null, "wheelchair": null, "description": null, "leisure": null, "sport": null, "nohousenumber": null, "roof:shape": null, "air_conditioning": null, "building:levels": null, "diet:vegan": null, "diet:vegetarian": null, "payment:credit_cards": null, "payment:debit_cards": null, "phone": null, "roof:levels": null, "check_date": null, "email": null, "mobile": null, "shop": null, "denomination": null, "operator": null, "roof:colour": null, "capacity": null, "building:colour": null, "note": null, "source": null, "house": null, "roof:orientation": null, "layer": null, "compressed_air": null, "not:brand:wikidata": null, "religion": null, "contact:phone": null, "contact:website": null, "name:de": null, "name:en": null, "smoking": null, "name:signed": null, "tourism": null, "community_centre:for": null, "toilets:wheelchair": null, "url": null, "alt_name": null, "operator:wikidata": null, "power": null, "ref": null, "substation": null, "type": null }, "geometry": { "type": "Polygon", "coordinates": [ [ [ 10.8865235, 49.5667832 ], [ 10.8865921, 49.5668297 ], [ 10.8866524, 49.5667923 ], [ 10.8867216, 49.5667494 ], [ 10.8866529, 49.5667029 ], [ 10.8865235, 49.5667832 ] ] ] } },
{ "type": "Feature", "properties": { "element": "way", "id": 48774337, "addr:city": "Herzogenaurach", "addr:country": "DE", "addr:housenumber": "10a", "addr:postcode": "91074", "addr:street": "Kellergasse", "building": "yes", "amenity": null, "check_date:opening_hours": null, "cuisine": null, "indoor_seating": null, "name": null, "opening_hours": null, "outdoor_seating": null, "website": null, "wheelchair": null, "description": null, "leisure": null, "sport": null, "nohousenumber": null, "roof:shape": null, "air_conditioning": null, "building:levels": null, "diet:vegan": null, "diet:vegetarian": null, "payment:credit_cards": null, "payment:debit_cards": null, "phone": null, "roof:levels": null, "check_date": null, "email": null, "mobile": null, "shop": null, "denomination": null, "operator": null, "roof:colour": null, "capacity": null, "building:colour": null, "note": null, "source": null, "house": null, "roof:orientation": null, "layer": null, "compressed_air": null, "not:brand:wikidata": null, "religion": null, "contact:phone": null, "contact:website": null, "name:de": null, "name:en": null, "smoking": null, "name:signed": null, "tourism": null, "community_centre:for": null, "toilets:wheelchair": null, "url": null, "alt_name": null, "operator:wikidata": null, "power": null, "ref": null, "substation": null, "type": null }, "geometry": { "type": "Polygon", "coordinates": [ [ [ 10.886725, 49.5666663 ], [ 10.8867983, 49.5667117 ], [ 10.8869121, 49.5666344 ], [ 10.8868768, 49.5666126 ], [ 10.8868388, 49.5665891 ], [ 10.886725, 49.5666663 ] ] ] } },
{ "type": "Feature", "properties": { "element": "way", "id": 48774338, "addr:city": "Herzogenaurach", "addr:country": "DE", "addr:housenumber": "12", "addr:postcode": "91074", "addr:street": "Kellergasse", "building": "yes", "amenity": null, "check_date:opening_hours": null, "cuisine": null, "indoor_seating": null, "name": null, "opening_hours": null, "outdoor_seating": null, "website": null, "wheelchair": null, "description": null, "leisure": null, "sport": null, "nohousenumber": null, "roof:shape": null, "air_conditioning": null, "building:levels": null, "diet:vegan": null, "diet:vegetarian": null, "payment:credit_cards": null, "payment:debit_cards": null, "phone": null, "roof:levels": null, "check_date": null, "email": null, "mobile": null, "shop": null, "denomination": null, "operator": null, "roof:colour": null, "capacity": null, "building:colour": null, "note": null, "source": null, "house": null, "roof:orientation": null, "layer": null, "compressed_air": null, "not:brand:wikidata": null, "religion": null, "contact:phone": null, "contact:website": null, "name:de": null, "name:en": null, "smoking": null, "name:signed": null, "tourism": null, "community_centre:for": null, "toilets:wheelchair": null, "url": null, "alt_name": null, "operator:wikidata": null, "power": null, "ref": null, "substation": null, "type": null }, "geometry": { "type": "Polygon", "coordinates": [ [ [ 10.8869573, 49.5665346 ], [ 10.886997, 49.5665565 ], [ 10.8870302, 49.5665749 ], [ 10.8871171, 49.5665086 ], [ 10.8870442, 49.5664684 ], [ 10.8869573, 49.5665346 ] ] ] } },
{ "type": "Feature", "properties": { "element": "way", "id": 48774339, "addr:city": "Herzogenaurach", "addr:country": "DE", "addr:housenumber": "17", "addr:postcode": "91074", "addr:street": "Kellergasse", "building": "yes", "amenity": null, "check_date:opening_hours": null, "cuisine": null, "indoor_seating": null, "name": null, "opening_hours": null, "outdoor_seating": null, "website": null, "wheelchair": null, "description": null, "leisure": null, "sport": null, "nohousenumber": null, "roof:shape": null, "air_conditioning": null, "building:levels": null, "diet:vegan": null, "diet:vegetarian": null, "payment:credit_cards": null, "payment:debit_cards": null, "phone": null, "roof:levels": null, "check_date": null, "email": null, "mobile": null, "shop": null, "denomination": null, "operator": null, "roof:colour": null, "capacity": null, "building:colour": null, "note": null, "source": null, "house": null, "roof:orientation": null, "layer": null, "compressed_air": null, "not:brand:wikidata": null, "religion": null, "contact:phone": null, "contact:website": null, "name:de": null, "name:en": null, "smoking": null, "name:signed": null, "tourism": null, "community_centre:for": null, "toilets:wheelchair": null, "url": null, "alt_name": null, "operator:wikidata": null, "power": null, "ref": null, "substation": null, "type": null }, "geometry": { "type": "Polygon", "coordinates": [ [ [ 10.8871308, 49.5667031 ], [ 10.8871935, 49.5667721 ], [ 10.88725, 49.566753 ], [ 10.8873039, 49.5667348 ], [ 10.8872355, 49.5666576 ], [ 10.8871308, 49.5667031 ] ] ] } },
{ "type": "Feature", "properties": { "element": "way", "id": 48774340, "addr:city": "Herzogenaurach", "addr:country": "DE", "addr:housenumber": "11", "addr:postcode": "91074", "addr:street": "Kellergasse", "building": "yes", "amenity": null, "check_date:opening_hours": null, "cuisine": null, "indoor_seating": null, "name": null, "opening_hours": null, "outdoor_seating": null, "website": null, "wheelchair": null, "description": null, "leisure": null, "sport": null, "nohousenumber": null, "roof:shape": null, "air_conditioning": null, "building:levels": null, "diet:vegan": null, "diet:vegetarian": null, "payment:credit_cards": null, "payment:debit_cards": null, "phone": null, "roof:levels": null, "check_date": null, "email": null, "mobile": null, "shop": null, "denomination": null, "operator": null, "roof:colour": null, "capacity": null, "building:colour": null, "note": null, "source": null, "house": null, "roof:orientation": null, "layer": null, "compressed_air": null, "not:brand:wikidata": null, "religion": null, "contact:phone": null, "contact:website": null, "name:de": null, "name:en": null, "smoking": null, "name:signed": null, "tourism": null, "community_centre:for": null, "toilets:wheelchair": null, "url": null, "alt_name": null, "operator:wikidata": null, "power": null, "ref": null, "substation": null, "type": null }, "geometry": { "type": "Polygon", "coordinates": [ [ [ 10.8871766, 49.5665908 ], [ 10.8873083, 49.5667189 ], [ 10.88742, 49.5666706 ], [ 10.8873298, 49.5665829 ], [ 10.8872883, 49.5665426 ], [ 10.8871766, 49.5665908 ] ] ] } },
{ "type": "Feature", "properties": { "element": "way", "id": 48774343, "addr:city": "Herzogenaurach", "addr:country": "DE", "addr:housenumber": "9", "addr:postcode": "91074", "addr:street": "Kellergasse", "building": "yes", "amenity": null, "check_date:opening_hours": null, "cuisine": null, "indoor_seating": null, "name": null, "opening_hours": null, "outdoor_seating": null, "website": null, "wheelchair": null, "description": null, "leisure": null, "sport": null, "nohousenumber": null, "roof:shape": null, "air_conditioning": null, "building:levels": null, "diet:vegan": null, "diet:vegetarian": null, "payment:credit_cards": null, "payment:debit_cards": null, "phone": null, "roof:levels": null, "check_date": null, "email": null, "mobile": null, "shop": null, "denomination": null, "operator": null, "roof:colour": null, "capacity": null, "building:colour": null, "note": null, "source": null, "house": null, "roof:orientation": null, "layer": null, "compressed_air": null, "not:brand:wikidata": null, "religion": null, "contact:phone": null, "contact:website": null, "name:de": null, "name:en": null, "smoking": null, "name:signed": null, "tourism": null, "community_centre:for": null, "toilets:wheelchair": null, "url": null, "alt_name": null, "operator:wikidata": null, "power": null, "ref": null, "substation": null, "type": null }, "geometry": { "type": "Polygon", "coordinates": [ [ [ 10.8867116, 49.567226 ], [ 10.8867952, 49.5673242 ], [ 10.8869023, 49.5672858 ], [ 10.8870581, 49.56723 ], [ 10.8869746, 49.5671319 ], [ 10.8867116, 49.567226 ] ] ] } },
{ "type": "Feature", "properties": { "element": "way", "id": 48774344, "addr:city": "Herzogenaurach", "addr:country": "DE", "addr:housenumber": "7", "addr:postcode": "91074", "addr:street": "Kellergasse", "building": "apartments", "amenity": null, "check_date:opening_hours": null, "cuisine": null, "indoor_seating": null, "name": null, "opening_hours": null, "outdoor_seating": null, "website": null, "wheelchair": null, "description": null, "leisure": null, "sport": null, "nohousenumber": null, "roof:shape": null, "air_conditioning": null, "building:levels": null, "diet:vegan": null, "diet:vegetarian": null, "payment:credit_cards": null, "payment:debit_cards": null, "phone": null, "roof:levels": null, "check_date": null, "email": null, "mobile": null, "shop": null, "denomination": null, "operator": null, "roof:colour": null, "capacity": null, "building:colour": null, "note": null, "source": null, "house": null, "roof:orientation": null, "layer": null, "compressed_air": null, "not:brand:wikidata": null, "religion": null, "contact:phone": null, "contact:website": null, "name:de": null, "name:en": null, "smoking": null, "name:signed": null, "tourism": null, "community_centre:for": null, "toilets:wheelchair": null, "url": null, "alt_name": null, "operator:wikidata": null, "power": null, "ref": null, "substation": null, "type": null }, "geometry": { "type": "Polygon", "coordinates": [ [ [ 10.8862491, 49.567144 ], [ 10.8863172, 49.5672211 ], [ 10.8863729, 49.5671944 ], [ 10.8864801, 49.5672985 ], [ 10.886574, 49.5672602 ], [ 10.8863753, 49.5670767 ], [ 10.8862949, 49.5671196 ], [ 10.8862491, 49.567144 ] ] ] } },
{ "type": "Feature", "properties": { "element": "way", "id": 48774348, "addr:city": null, "addr:country": null, "addr:housenumber": null, "addr:postcode": null, "addr:street": null, "building": "yes", "amenity": null, "check_date:opening_hours": null, "cuisine": null, "indoor_seating": null, "name": null, "opening_hours": null, "outdoor_seating": null, "website": null, "wheelchair": null, "description": null, "leisure": null, "sport": null, "nohousenumber": null, "roof:shape": null, "air_conditioning": null, "building:levels": null, "diet:vegan": null, "diet:vegetarian": null, "payment:credit_cards": null, "payment:debit_cards": null, "phone": null, "roof:levels": null, "check_date": null, "email": null, "mobile": null, "shop": null, "denomination": null, "operator": null, "roof:colour": null, "capacity": null, "building:colour": null, "note": null, "source": null, "house": null, "roof:orientation": null, "layer": null, "compressed_air": null, "not:brand:wikidata": null, "religion": null, "contact:phone": null, "contact:website": null, "name:de": null, "name:en": null, "smoking": null, "name:signed": null, "tourism": null, "community_centre:for": null, "toilets:wheelchair": null, "url": null, "alt_name": null, "operator:wikidata": null, "power": null, "ref": null, "substation": null, "type": null }, "geometry": { "type": "Polygon", "coordinates": [ [ [ 10.8924731, 49.5676443 ], [ 10.8927657, 49.5676731 ], [ 10.8927589, 49.5677023 ], [ 10.8930386, 49.5677299 ], [ 10.8930763, 49.5675686 ], [ 10.8925975, 49.5675215 ], [ 10.892504, 49.5675122 ], [ 10.8924731, 49.5676443 ] ] ] } },
{ "type": "Feature", "properties": { "element": "way", "id": 48774349, "addr:city": "Herzogenaurach", "addr:country": "DE", "addr:housenumber": "3", "addr:postcode": "91074", "addr:street": "Heinrichstraße", "building": "residential", "amenity": null, "check_date:opening_hours": null, "cuisine": null, "indoor_seating": null, "name": null, "opening_hours": null, "outdoor_seating": null, "website": null, "wheelchair": null, "description": null, "leisure": null, "sport": null, "nohousenumber": null, "roof:shape": null, "air_conditioning": null, "building:levels": null, "diet:vegan": null, "diet:vegetarian": null, "payment:credit_cards": null, "payment:debit_cards": null, "phone": null, "roof:levels": null, "check_date": null, "email": null, "mobile": null, "shop": null, "denomination": null, "operator": null, "roof:colour": null, "capacity": null, "building:colour": null, "note": null, "source": null, "house": null, "roof:orientation": null, "layer": null, "compressed_air": null, "not:brand:wikidata": null, "religion": null, "contact:phone": null, "contact:website": null, "name:de": null, "name:en": null, "smoking": null, "name:signed": null, "tourism": null, "community_centre:for": null, "toilets:wheelchair": null, "url": null, "alt_name": null, "operator:wikidata": null, "power": null, "ref": null, "substation": null, "type": null }, "geometry": { "type": "Polygon", "coordinates": [ [ [ 10.8927646, 49.5686258 ], [ 10.8927669, 49.5687481 ], [ 10.8929108, 49.568747 ], [ 10.8929085, 49.5686247 ], [ 10.8927646, 49.5686258 ] ] ] } },
{ "type": "Feature", "properties": { "element": "way", "id": 48774350, "addr:city": "Herzogenaurach", "addr:country": "DE", "addr:housenumber": "1", "addr:postcode": "91074", "addr:street": "Heinrichstraße", "building": "residential", "amenity": null, "check_date:opening_hours": null, "cuisine": null, "indoor_seating": null, "name": null, "opening_hours": null, "outdoor_seating": null, "website": null, "wheelchair": null, "description": null, "leisure": null, "sport": null, "nohousenumber": null, "roof:shape": null, "air_conditioning": null, "building:levels": null, "diet:vegan": null, "diet:vegetarian": null, "payment:credit_cards": null, "payment:debit_cards": null, "phone": null, "roof:levels": null, "check_date": null, "email": null, "mobile": null, "shop": null, "denomination": null, "operator": null, "roof:colour": null, "capacity": null, "building:colour": null, "note": null, "source": null, "house": null, "roof:orientation": null, "layer": null, "compressed_air": null, "not:brand:wikidata": null, "religion": null, "contact:phone": null, "contact:website": null, "name:de": null, "name:en": null, "smoking": null, "name:signed": null, "tourism": null, "community_centre:for": null, "toilets:wheelchair": null, "url": null, "alt_name": null, "operator:wikidata": null, "power": null, "ref": null, "substation": null, "type": null }, "geometry": { "type": "Polygon", "coordinates": [ [ [ 10.8927678, 49.5682408 ], [ 10.8927509, 49.5683409 ], [ 10.8929132, 49.5683524 ], [ 10.89293, 49.5682523 ], [ 10.8927678, 49.5682408 ] ] ] } },
{ "type": "Feature", "properties": { "element": "way", "id": 48774351, "addr:city": "Herzogenaurach", "addr:country": "DE", "addr:housenumber": "14", "addr:postcode": "91074", "addr:street": "Kunigundenstraße", "building": "residential", "amenity": null, "check_date:opening_hours": null, "cuisine": null, "indoor_seating": null, "name": null, "opening_hours": null, "outdoor_seating": null, "website": null, "wheelchair": null, "description": null, "leisure": null, "sport": null, "nohousenumber": null, "roof:shape": "gabled", "air_conditioning": null, "building:levels": null, "diet:vegan": null, "diet:vegetarian": null, "payment:credit_cards": null, "payment:debit_cards": null, "phone": null, "roof:levels": null, "check_date": null, "email": null, "mobile": null, "shop": null, "denomination": null, "operator": null, "roof:colour": null, "capacity": null, "building:colour": null, "note": null, "source": null, "house": null, "roof:orientation": null, "layer": null, "compressed_air": null, "not:brand:wikidata": null, "religion": null, "contact:phone": null, "contact:website": null, "name:de": null, "name:en": null, "smoking": null, "name:signed": null, "tourism": null, "community_centre:for": null, "toilets:wheelchair": null, "url": null, "alt_name": null, "operator:wikidata": null, "power": null, "ref": null, "substation": null, "type": null }, "geometry": { "type": "Polygon", "coordinates": [ [ [ 10.8927891, 49.5698223 ], [ 10.8927777, 49.5699233 ], [ 10.8929838, 49.5699332 ], [ 10.8929953, 49.5698322 ], [ 10.8927891, 49.5698223 ] ] ] } },
{ "type": "Feature", "properties": { "element": "way", "id": 48774363, "addr:city": "Herzogenaurach", "addr:country": "DE", "addr:housenumber": "2", "addr:postcode": "91074", "addr:street": "Eichelmühlgasse", "building": "yes", "amenity": null, "check_date:opening_hours": null, "cuisine": null, "indoor_seating": null, "name": null, "opening_hours": null, "outdoor_seating": null, "website": null, "wheelchair": null, "description": null, "leisure": null, "sport": null, "nohousenumber": null, "roof:shape": null, "air_conditioning": null, "building:levels": null, "diet:vegan": null, "diet:vegetarian": null, "payment:credit_cards": null, "payment:debit_cards": null, "phone": null, "roof:levels": null, "check_date": null, "email": null, "mobile": null, "shop": null, "denomination": null, "operator": null, "roof:colour": null, "capacity": null, "building:colour": null, "note": null, "source": null, "house": null, "roof:orientation": null, "layer": null, "compressed_air": null, "not:brand:wikidata": null, "religion": null, "contact:phone": null, "contact:website": null, "name:de": null, "name:en": null, "smoking": null, "name:signed": null, "tourism": null, "community_centre:for": null, "toilets:wheelchair": null, "url": null, "alt_name": null, "operator:wikidata": null, "power": null, "ref": null, "substation": null, "type": null }, "geometry": { "type": "Polygon", "coordinates": [ [ [ 10.8879989, 49.5669877 ], [ 10.8880444, 49.5670558 ], [ 10.8881292, 49.567032 ], [ 10.8882059, 49.5670105 ], [ 10.8881604, 49.5669424 ], [ 10.8879989, 49.5669877 ] ] ] } },
{ "type": "Feature", "properties": { "element": "way", "id": 48774364, "addr:city": "Herzogenaurach", "addr:country": "DE", "addr:housenumber": "24", "addr:postcode": "91074", "addr:street": "Erlanger Straße", "building": "residential", "amenity": null, "check_date:opening_hours": null, "cuisine": null, "indoor_seating": null, "name": null, "opening_hours": null, "outdoor_seating": null, "website": null, "wheelchair": null, "description": null, "leisure": null, "sport": null, "nohousenumber": null, "roof:shape": null, "air_conditioning": null, "building:levels": null, "diet:vegan": null, "diet:vegetarian": null, "payment:credit_cards": null, "payment:debit_cards": null, "phone": null, "roof:levels": null, "check_date": null, "email": null, "mobile": null, "shop": null, "denomination": null, "operator": null, "roof:colour": null, "capacity": null, "building:colour": null, "note": null, "source": null, "house": null, "roof:orientation": null, "layer": null, "compressed_air": null, "not:brand:wikidata": null, "religion": null, "contact:phone": null, "contact:website": null, "name:de": null, "name:en": null, "smoking": null, "name:signed": null, "tourism": null, "community_centre:for": null, "toilets:wheelchair": null, "url": null, "alt_name": null, "operator:wikidata": null, "power": null, "ref": null, "substation": null, "type": null }, "geometry": { "type": "Polygon", "coordinates": [ [ [ 10.8876858, 49.5672387 ], [ 10.8877473, 49.5673073 ], [ 10.8878898, 49.5672535 ], [ 10.8878283, 49.567185 ], [ 10.8877697, 49.5672071 ], [ 10.8876858, 49.5672387 ] ] ] } },
{ "type": "Feature", "properties": { "element": "way", "id": 48774367, "addr:city": null, "addr:country": null, "addr:housenumber": null, "addr:postcode": null, "addr:street": null, "building": "yes", "amenity": null, "check_date:opening_hours": null, "cuisine": null, "indoor_seating": null, "name": null, "opening_hours": null, "outdoor_seating": null, "website": null, "wheelchair": null, "description": null, "leisure": null, "sport": null, "nohousenumber": null, "roof:shape": null, "air_conditioning": null, "building:levels": null, "diet:vegan": null, "diet:vegetarian": null, "payment:credit_cards": null, "payment:debit_cards": null, "phone": null, "roof:levels": null, "check_date": null, "email": null, "mobile": null, "shop": null, "denomination": null, "operator": null, "roof:colour": null, "capacity": null, "building:colour": null, "note": null, "source": null, "house": null, "roof:orientation": null, "layer": null, "compressed_air": null, "not:brand:wikidata": null, "religion": null, "contact:phone": null, "contact:website": null, "name:de": null, "name:en": null, "smoking": null, "name:signed": null, "tourism": null, "community_centre:for": null, "toilets:wheelchair": null, "url": null, "alt_name": null, "operator:wikidata": null, "power": null, "ref": null, "substation": null, "type": null }, "geometry": { "type": "Polygon", "coordinates": [ [ [ 10.887869, 49.5664745 ], [ 10.8878927, 49.5665207 ], [ 10.8879994, 49.5664976 ], [ 10.8879757, 49.5664515 ], [ 10.887869, 49.5664745 ] ] ] } },
{ "type": "Feature", "properties": { "element": "way", "id": 48774368, "addr:city": "Herzogenaurach", "addr:country": "DE", "addr:housenumber": "15", "addr:postcode": "91074", "addr:street": "Kellergasse", "building": "yes", "amenity": null, "check_date:opening_hours": null, "cuisine": null, "indoor_seating": null, "name": null, "opening_hours": null, "outdoor_seating": null, "website": null, "wheelchair": null, "description": null, "leisure": null, "sport": null, "nohousenumber": null, "roof:shape": null, "air_conditioning": null, "building:levels": null, "diet:vegan": null, "diet:vegetarian": null, "payment:credit_cards": null, "payment:debit_cards": null, "phone": null, "roof:levels": null, "check_date": null, "email": null, "mobile": null, "shop": null, "denomination": null, "operator": null, "roof:colour": null, "capacity": null, "building:colour": null, "note": null, "source": null, "house": null, "roof:orientation": null, "layer": null, "compressed_air": null, "not:brand:wikidata": null, "religion": null, "contact:phone": null, "contact:website": null, "name:de": null, "name:en": null, "smoking": null, "name:signed": null, "tourism": null, "community_centre:for": null, "toilets:wheelchair": null, "url": null, "alt_name": null, "operator:wikidata": null, "power": null, "ref": null, "substation": null, "type": null }, "geometry": { "type": "Polygon", "coordinates": [ [ [ 10.8874923, 49.5665929 ], [ 10.88756, 49.5666788 ], [ 10.8877195, 49.5666259 ], [ 10.8876518, 49.5665401 ], [ 10.8874923, 49.5665929 ] ] ] } },
{ "type": "Feature", "properties": { "element": "way", "id": 48774369, "addr:city": "Herzogenaurach", "addr:country": "DE", "addr:housenumber": "1", "addr:postcode": "91074", "addr:street": "Klummgasse", "building": "yes", "amenity": null, "check_date:opening_hours": null, "cuisine": null, "indoor_seating": null, "name": null, "opening_hours": null, "outdoor_seating": null, "website": null, "wheelchair": null, "description": null, "leisure": null, "sport": null, "nohousenumber": null, "roof:shape": null, "air_conditioning": null, "building:levels": null, "diet:vegan": null, "diet:vegetarian": null, "payment:credit_cards": null, "payment:debit_cards": null, "phone": null, "roof:levels": null, "check_date": null, "email": null, "mobile": null, "shop": null, "denomination": null, "operator": null, "roof:colour": null, "capacity": null, "building:colour": null, "note": null, "source": null, "house": null, "roof:orientation": null, "layer": null, "compressed_air": null, "not:brand:wikidata": null, "religion": null, "contact:phone": null, "contact:website": null, "name:de": null, "name:en": null, "smoking": null, "name:signed": null, "tourism": null, "community_centre:for": null, "toilets:wheelchair": null, "url": null, "alt_name": null, "operator:wikidata": null, "power": null, "ref": null, "substation": null, "type": null }, "geometry": { "type": "Polygon", "coordinates": [ [ [ 10.8883662, 49.5666251 ], [ 10.8883751, 49.5666715 ], [ 10.8883824, 49.5667092 ], [ 10.8885306, 49.5666972 ], [ 10.8885144, 49.5666131 ], [ 10.8883662, 49.5666251 ] ] ] } },
{ "type": "Feature", "properties": { "element": "way", "id": 48774370, "addr:city": "Herzogenaurach", "addr:country": "DE", "addr:housenumber": "3", "addr:postcode": "91074", "addr:street": "Klummgasse", "building": "yes", "amenity": null, "check_date:opening_hours": null, "cuisine": null, "indoor_seating": null, "name": null, "opening_hours": null, "outdoor_seating": null, "website": null, "wheelchair": null, "description": null, "leisure": null, "sport": null, "nohousenumber": null, "roof:shape": null, "air_conditioning": null, "building:levels": null, "diet:vegan": null, "diet:vegetarian": null, "payment:credit_cards": null, "payment:debit_cards": null, "phone": null, "roof:levels": null, "check_date": null, "email": null, "mobile": null, "shop": null, "denomination": null, "operator": null, "roof:colour": null, "capacity": null, "building:colour": null, "note": null, "source": null, "house": null, "roof:orientation": null, "layer": null, "compressed_air": null, "not:brand:wikidata": null, "religion": null, "contact:phone": null, "contact:website": null, "name:de": null, "name:en": null, "smoking": null, "name:signed": null, "tourism": null, "community_centre:for": null, "toilets:wheelchair": null, "url": null, "alt_name": null, "operator:wikidata": null, "power": null, "ref": null, "substation": null, "type": null }, "geometry": { "type": "Polygon", "coordinates": [ [ [ 10.8883321, 49.5664768 ], [ 10.8884676, 49.5664579 ], [ 10.8884343, 49.5663574 ], [ 10.8882988, 49.5663762 ], [ 10.8883176, 49.5664331 ], [ 10.8883321, 49.5664768 ] ] ] } },
{ "type": "Feature", "properties": { "element": "way", "id": 48774371, "addr:city": "Herzogenaurach", "addr:country": "DE", "addr:housenumber": "6", "addr:postcode": "91074", "addr:street": "Klummgasse", "building": "yes", "amenity": null, "check_date:opening_hours": null, "cuisine": null, "indoor_seating": null, "name": null, "opening_hours": null, "outdoor_seating": null, "website": null, "wheelchair": null, "description": null, "leisure": null, "sport": null, "nohousenumber": null, "roof:shape": null, "air_conditioning": null, "building:levels": null, "diet:vegan": null, "diet:vegetarian": null, "payment:credit_cards": null, "payment:debit_cards": null, "phone": null, "roof:levels": null, "check_date": null, "email": null, "mobile": null, "shop": null, "denomination": null, "operator": null, "roof:colour": null, "capacity": null, "building:colour": null, "note": null, "source": null, "house": null, "roof:orientation": null, "layer": null, "compressed_air": null, "not:brand:wikidata": null, "religion": null, "contact:phone": null, "contact:website": null, "name:de": null, "name:en": null, "smoking": null, "name:signed": null, "tourism": null, "community_centre:for": null, "toilets:wheelchair": null, "url": null, "alt_name": null, "operator:wikidata": null, "power": null, "ref": null, "substation": null, "type": null }, "geometry": { "type": "Polygon", "coordinates": [ [ [ 10.888084, 49.5664636 ], [ 10.8882013, 49.5664429 ], [ 10.8881666, 49.5663603 ], [ 10.8880493, 49.5663811 ], [ 10.888084, 49.5664636 ] ] ] } },
{ "type": "Feature", "properties": { "element": "way", "id": 48774372, "addr:city": "Herzogenaurach", "addr:country": "DE", "addr:housenumber": "2a", "addr:postcode": "91074", "addr:street": "Klummgasse", "building": "yes", "amenity": null, "check_date:opening_hours": null, "cuisine": null, "indoor_seating": null, "name": null, "opening_hours": null, "outdoor_seating": null, "website": null, "wheelchair": null, "description": null, "leisure": null, "sport": null, "nohousenumber": null, "roof:shape": null, "air_conditioning": null, "building:levels": null, "diet:vegan": null, "diet:vegetarian": null, "payment:credit_cards": null, "payment:debit_cards": null, "phone": null, "roof:levels": null, "check_date": null, "email": null, "mobile": null, "shop": null, "denomination": null, "operator": null, "roof:colour": null, "capacity": null, "building:colour": null, "note": null, "source": null, "house": null, "roof:orientation": null, "layer": null, "compressed_air": null, "not:brand:wikidata": null, "religion": null, "contact:phone": null, "contact:website": null, "name:de": null, "name:en": null, "smoking": null, "name:signed": null, "tourism": null, "community_centre:for": null, "toilets:wheelchair": null, "url": null, "alt_name": null, "operator:wikidata": null, "power": null, "ref": null, "substation": null, "type": null }, "geometry": { "type": "Polygon", "coordinates": [ [ [ 10.887934, 49.5667532 ], [ 10.8879791, 49.566858 ], [ 10.8881341, 49.56683 ], [ 10.8881142, 49.5667852 ], [ 10.8881019, 49.5667577 ], [ 10.8880891, 49.5667252 ], [ 10.887934, 49.5667532 ] ] ] } },
{ "type": "Feature", "properties": { "element": "way", "id": 48774373, "addr:city": "Herzogenaurach", "addr:country": "DE", "addr:housenumber": "2", "addr:postcode": "91074", "addr:street": "Klummgasse", "building": "yes", "amenity": null, "check_date:opening_hours": null, "cuisine": null, "indoor_seating": null, "name": null, "opening_hours": null, "outdoor_seating": null, "website": null, "wheelchair": null, "description": null, "leisure": null, "sport": null, "nohousenumber": null, "roof:shape": null, "air_conditioning": null, "building:levels": null, "diet:vegan": null, "diet:vegetarian": null, "payment:credit_cards": null, "payment:debit_cards": null, "phone": null, "roof:levels": null, "check_date": null, "email": null, "mobile": null, "shop": null, "denomination": null, "operator": null, "roof:colour": null, "capacity": null, "building:colour": null, "note": null, "source": null, "house": null, "roof:orientation": null, "layer": null, "compressed_air": null, "not:brand:wikidata": null, "religion": null, "contact:phone": null, "contact:website": null, "name:de": null, "name:en": null, "smoking": null, "name:signed": null, "tourism": null, "community_centre:for": null, "toilets:wheelchair": null, "url": null, "alt_name": null, "operator:wikidata": null, "power": null, "ref": null, "substation": null, "type": null }, "geometry": { "type": "Polygon", "coordinates": [ [ [ 10.8881019, 49.5667577 ], [ 10.8882015, 49.5667412 ], [ 10.8882893, 49.5667266 ], [ 10.8882547, 49.5666389 ], [ 10.8880673, 49.56667 ], [ 10.8880891, 49.5667252 ], [ 10.8881019, 49.5667577 ] ] ] } },
{ "type": "Feature", "properties": { "element": "way", "id": 48774374, "addr:city": "Herzogenaurach", "addr:country": "DE", "addr:housenumber": "4", "addr:postcode": "91074", "addr:street": "Klummgasse", "building": "yes", "amenity": null, "check_date:opening_hours": null, "cuisine": null, "indoor_seating": null, "name": null, "opening_hours": null, "outdoor_seating": null, "website": null, "wheelchair": null, "description": null, "leisure": null, "sport": null, "nohousenumber": null, "roof:shape": null, "air_conditioning": null, "building:levels": null, "diet:vegan": null, "diet:vegetarian": null, "payment:credit_cards": null, "payment:debit_cards": null, "phone": null, "roof:levels": null, "check_date": null, "email": null, "mobile": null, "shop": null, "denomination": null, "operator": null, "roof:colour": null, "capacity": null, "building:colour": null, "note": null, "source": null, "house": null, "roof:orientation": null, "layer": null, "compressed_air": null, "not:brand:wikidata": null, "religion": null, "contact:phone": null, "contact:website": null, "name:de": null, "name:en": null, "smoking": null, "name:signed": null, "tourism": null, "community_centre:for": null, "toilets:wheelchair": null, "url": null, "alt_name": null, "operator:wikidata": null, "power": null, "ref": null, "substation": null, "type": null }, "geometry": { "type": "Polygon", "coordinates": [ [ [ 10.8879157, 49.5666698 ], [ 10.8880357, 49.5666526 ], [ 10.8880188, 49.5666035 ], [ 10.8880013, 49.5665523 ], [ 10.8878814, 49.5665696 ], [ 10.8879157, 49.5666698 ] ] ] } },
{ "type": "Feature", "properties": { "element": "way", "id": 48774375, "addr:city": null, "addr:country": null, "addr:housenumber": null, "addr:postcode": null, "addr:street": null, "building": "yes", "amenity": null, "check_date:opening_hours": null, "cuisine": null, "indoor_seating": null, "name": null, "opening_hours": null, "outdoor_seating": null, "website": null, "wheelchair": null, "description": null, "leisure": null, "sport": null, "nohousenumber": null, "roof:shape": null, "air_conditioning": null, "building:levels": null, "diet:vegan": null, "diet:vegetarian": null, "payment:credit_cards": null, "payment:debit_cards": null, "phone": null, "roof:levels": null, "check_date": null, "email": null, "mobile": null, "shop": null, "denomination": null, "operator": null, "roof:colour": null, "capacity": null, "building:colour": null, "note": null, "source": null, "house": null, "roof:orientation": null, "layer": null, "compressed_air": null, "not:brand:wikidata": null, "religion": null, "contact:phone": null, "contact:website": null, "name:de": null, "name:en": null, "smoking": null, "name:signed": null, "tourism": null, "community_centre:for": null, "toilets:wheelchair": null, "url": null, "alt_name": null, "operator:wikidata": null, "power": null, "ref": null, "substation": null, "type": null }, "geometry": { "type": "Polygon", "coordinates": [ [ [ 10.8875182, 49.567008 ], [ 10.887626, 49.5669755 ], [ 10.8877052, 49.5670862 ], [ 10.8876855, 49.5670922 ], [ 10.8877697, 49.5672071 ], [ 10.8876858, 49.5672387 ], [ 10.8875182, 49.567008 ] ] ] } },
{ "type": "Feature", "properties": { "element": "way", "id": 48774381, "addr:city": "Herzogenaurach", "addr:country": "DE", "addr:housenumber": "54", "addr:postcode": "91074", "addr:street": "Erlanger Straße", "building": "commercial", "amenity": null, "check_date:opening_hours": null, "cuisine": null, "indoor_seating": null, "name": "Stosa Cucine Küchenstudio", "opening_hours": "Mo-Fr 09:30-18:00; Sa 10:00-15:00; Su off; PH off", "outdoor_seating": null, "website": "https://stkuechen.de/", "wheelchair": "limited", "description": null, "leisure": null, "sport": null, "nohousenumber": null, "roof:shape": null, "air_conditioning": null, "building:levels": "1", "diet:vegan": null, "diet:vegetarian": null, "payment:credit_cards": null, "payment:debit_cards": null, "phone": "+49 9132 835 6880", "roof:levels": null, "check_date": null, "email": "info@stkuechen.de", "mobile": "+49 176 8234 2593", "shop": "kitchen", "denomination": null, "operator": null, "roof:colour": null, "capacity": null, "building:colour": null, "note": null, "source": null, "house": null, "roof:orientation": null, "layer": null, "compressed_air": null, "not:brand:wikidata": null, "religion": null, "contact:phone": null, "contact:website": null, "name:de": null, "name:en": null, "smoking": null, "name:signed": null, "tourism": null, "community_centre:for": null, "toilets:wheelchair": null, "url": null, "alt_name": null, "operator:wikidata": null, "power": null, "ref": null, "substation": null, "type": null }, "geometry": { "type": "Polygon", "coordinates": [ [ [ 10.8926102, 49.5666321 ], [ 10.8928242, 49.5666302 ], [ 10.8928203, 49.5664448 ], [ 10.8926063, 49.5664467 ], [ 10.8926102, 49.5666321 ] ] ] } },
{ "type": "Feature", "properties": { "element": "way", "id": 48774382, "addr:city": "Herzogenaurach", "addr:country": "DE", "addr:housenumber": "6", "addr:postcode": "91074", "addr:street": "Schützengraben", "building": "yes", "amenity": null, "check_date:opening_hours": null, "cuisine": null, "indoor_seating": null, "name": null, "opening_hours": null, "outdoor_seating": null, "website": null, "wheelchair": null, "description": null, "leisure": null, "sport": null, "nohousenumber": null, "roof:shape": null, "air_conditioning": null, "building:levels": null, "diet:vegan": null, "diet:vegetarian": null, "payment:credit_cards": null, "payment:debit_cards": null, "phone": null, "roof:levels": null, "check_date": null, "email": null, "mobile": null, "shop": null, "denomination": null, "operator": null, "roof:colour": null, "capacity": null, "building:colour": null, "note": null, "source": null, "house": null, "roof:orientation": null, "layer": null, "compressed_air": null, "not:brand:wikidata": null, "religion": null, "contact:phone": null, "contact:website": null, "name:de": null, "name:en": null, "smoking": null, "name:signed": null, "tourism": null, "community_centre:for": null, "toilets:wheelchair": null, "url": null, "alt_name": null, "operator:wikidata": null, "power": null, "ref": null, "substation": null, "type": null }, "geometry": { "type": "Polygon", "coordinates": [ [ [ 10.8925238, 49.5674175 ], [ 10.8926133, 49.5674275 ], [ 10.8926061, 49.56747 ], [ 10.8925975, 49.5675215 ], [ 10.892504, 49.5675122 ], [ 10.8925238, 49.5674175 ] ] ] } },
{ "type": "Feature", "properties": { "element": "way", "id": 48774383, "addr:city": null, "addr:country": null, "addr:housenumber": null, "addr:postcode": null, "addr:street": null, "building": "yes", "amenity": null, "check_date:opening_hours": null, "cuisine": null, "indoor_seating": null, "name": null, "opening_hours": null, "outdoor_seating": null, "website": null, "wheelchair": null, "description": null, "leisure": null, "sport": null, "nohousenumber": null, "roof:shape": null, "air_conditioning": null, "building:levels": null, "diet:vegan": null, "diet:vegetarian": null, "payment:credit_cards": null, "payment:debit_cards": null, "phone": null, "roof:levels": null, "check_date": null, "email": null, "mobile": null, "shop": null, "denomination": null, "operator": null, "roof:colour": null, "capacity": null, "building:colour": null, "note": null, "source": null, "house": null, "roof:orientation": null, "layer": null, "compressed_air": null, "not:brand:wikidata": null, "religion": null, "contact:phone": null, "contact:website": null, "name:de": null, "name:en": null, "smoking": null, "name:signed": null, "tourism": null, "community_centre:for": null, "toilets:wheelchair": null, "url": null, "alt_name": null, "operator:wikidata": null, "power": null, "ref": null, "substation": null, "type": null }, "geometry": { "type": "Polygon", "coordinates": [ [ [ 10.8925238, 49.5674175 ], [ 10.8925743, 49.5672283 ], [ 10.8927316, 49.567246 ], [ 10.8926811, 49.5674351 ], [ 10.8926133, 49.5674275 ], [ 10.8925238, 49.5674175 ] ] ] } },
{ "type": "Feature", "properties": { "element": "way", "id": 48774384, "addr:city": null, "addr:country": null, "addr:housenumber": null, "addr:postcode": null, "addr:street": null, "building": "yes", "amenity": null, "check_date:opening_hours": null, "cuisine": null, "indoor_seating": null, "name": null, "opening_hours": null, "outdoor_seating": null, "website": null, "wheelchair": null, "description": null, "leisure": null, "sport": null, "nohousenumber": null, "roof:shape": null, "air_conditioning": null, "building:levels": null, "diet:vegan": null, "diet:vegetarian": null, "payment:credit_cards": null, "payment:debit_cards": null, "phone": null, "roof:levels": null, "check_date": null, "email": null, "mobile": null, "shop": null, "denomination": null, "operator": null, "roof:colour": null, "capacity": null, "building:colour": null, "note": null, "source": null, "house": null, "roof:orientation": null, "layer": null, "compressed_air": null, "not:brand:wikidata": null, "religion": null, "contact:phone": null, "contact:website": null, "name:de": null, "name:en": null, "smoking": null, "name:signed": null, "tourism": null, "community_centre:for": null, "toilets:wheelchair": null, "url": null, "alt_name": null, "operator:wikidata": null, "power": null, "ref": null, "substation": null, "type": null }, "geometry": { "type": "Polygon", "coordinates": [ [ [ 10.8921128, 49.56752 ], [ 10.8921818, 49.5674226 ], [ 10.8923826, 49.5674825 ], [ 10.8923136, 49.5675799 ], [ 10.892211, 49.5675493 ], [ 10.8921128, 49.56752 ] ] ] } },
{ "type": "Feature", "properties": { "element": "way", "id": 48774385, "addr:city": null, "addr:country": null, "addr:housenumber": null, "addr:postcode": null, "addr:street": null, "building": "yes", "amenity": null, "check_date:opening_hours": null, "cuisine": null, "indoor_seating": null, "name": null, "opening_hours": null, "outdoor_seating": null, "website": null, "wheelchair": null, "description": null, "leisure": null, "sport": null, "nohousenumber": null, "roof:shape": null, "air_conditioning": null, "building:levels": null, "diet:vegan": null, "diet:vegetarian": null, "payment:credit_cards": null, "payment:debit_cards": null, "phone": null, "roof:levels": null, "check_date": null, "email": null, "mobile": null, "shop": null, "denomination": null, "operator": null, "roof:colour": null, "capacity": null, "building:colour": null, "note": null, "source": null, "house": null, "roof:orientation": null, "layer": null, "compressed_air": null, "not:brand:wikidata": null, "religion": null, "contact:phone": null, "contact:website": null, "name:de": null, "name:en": null, "smoking": null, "name:signed": null, "tourism": null, "community_centre:for": null, "toilets:wheelchair": null, "url": null, "alt_name": null, "operator:wikidata": null, "power": null, "ref": null, "substation": null, "type": null }, "geometry": { "type": "Polygon", "coordinates": [ [ [ 10.8918832, 49.5672971 ], [ 10.891924, 49.5673831 ], [ 10.8919573, 49.5674534 ], [ 10.8920695, 49.567431 ], [ 10.8919953, 49.5672747 ], [ 10.8918832, 49.5672971 ] ] ] } },
{ "type": "Feature", "properties": { "element": "way", "id": 48774386, "addr:city": null, "addr:country": null, "addr:housenumber": null, "addr:postcode": null, "addr:street": null, "building": "yes", "amenity": null, "check_date:opening_hours": null, "cuisine": null, "indoor_seating": null, "name": null, "opening_hours": null, "outdoor_seating": null, "website": null, "wheelchair": null, "description": null, "leisure": null, "sport": null, "nohousenumber": null, "roof:shape": null, "air_conditioning": null, "building:levels": null, "diet:vegan": null, "diet:vegetarian": null, "payment:credit_cards": null, "payment:debit_cards": null, "phone": null, "roof:levels": null, "check_date": null, "email": null, "mobile": null, "shop": null, "denomination": null, "operator": null, "roof:colour": null, "capacity": null, "building:colour": null, "note": null, "source": null, "house": null, "roof:orientation": null, "layer": null, "compressed_air": null, "not:brand:wikidata": null, "religion": null, "contact:phone": null, "contact:website": null, "name:de": null, "name:en": null, "smoking": null, "name:signed": null, "tourism": null, "community_centre:for": null, "toilets:wheelchair": null, "url": null, "alt_name": null, "operator:wikidata": null, "power": null, "ref": null, "substation": null, "type": null }, "geometry": { "type": "Polygon", "coordinates": [ [ [ 10.8916836, 49.567373 ], [ 10.8917385, 49.567437 ], [ 10.8918401, 49.5674004 ], [ 10.8917852, 49.5673363 ], [ 10.8916836, 49.567373 ] ] ] } },
{ "type": "Feature", "properties": { "element": "way", "id": 48774387, "addr:city": "Herzogenaurach", "addr:country": "DE", "addr:housenumber": "2", "addr:postcode": "91074", "addr:street": "Am Friedhof", "building": "chapel", "amenity": null, "check_date:opening_hours": null, "cuisine": null, "indoor_seating": null, "name": "Aussegnungshalle Alter Friedhof", "opening_hours": null, "outdoor_seating": null, "website": null, "wheelchair": null, "description": null, "leisure": null, "sport": null, "nohousenumber": null, "roof:shape": null, "air_conditioning": null, "building:levels": null, "diet:vegan": null, "diet:vegetarian": null, "payment:credit_cards": null, "payment:debit_cards": null, "phone": null, "roof:levels": null, "check_date": null, "email": null, "mobile": null, "shop": null, "denomination": "catholic", "operator": "Katholische Pfarreiengemeinschaft Herzogenaurach", "roof:colour": null, "capacity": null, "building:colour": null, "note": null, "source": null, "house": null, "roof:orientation": null, "layer": null, "compressed_air": null, "not:brand:wikidata": null, "religion": null, "contact:phone": null, "contact:website": null, "name:de": null, "name:en": null, "smoking": null, "name:signed": null, "tourism": null, "community_centre:for": null, "toilets:wheelchair": null, "url": null, "alt_name": null, "operator:wikidata": null, "power": null, "ref": null, "substation": null, "type": null }, "geometry": { "type": "Polygon", "coordinates": [ [ [ 10.8917411, 49.5678923 ], [ 10.891747, 49.5680147 ], [ 10.8919335, 49.5680116 ], [ 10.8919299, 49.5678917 ], [ 10.8917411, 49.5678923 ] ] ] } },
{ "type": "Feature", "properties": { "element": "way", "id": 48774388, "addr:city": "Herzogenaurach", "addr:country": "DE", "addr:housenumber": "12", "addr:postcode": "91074", "addr:street": "Kunigundenstraße", "building": "residential", "amenity": null, "check_date:opening_hours": null, "cuisine": null, "indoor_seating": null, "name": null, "opening_hours": null, "outdoor_seating": null, "website": null, "wheelchair": null, "description": null, "leisure": null, "sport": null, "nohousenumber": null, "roof:shape": "gabled", "air_conditioning": null, "building:levels": null, "diet:vegan": null, "diet:vegetarian": null, "payment:credit_cards": null, "payment:debit_cards": null, "phone": null, "roof:levels": null, "check_date": null, "email": null, "mobile": null, "shop": null, "denomination": null, "operator": null, "roof:colour": null, "capacity": null, "building:colour": null, "note": null, "source": null, "house": null, "roof:orientation": null, "layer": null, "compressed_air": null, "not:brand:wikidata": null, "religion": null, "contact:phone": null, "contact:website": null, "name:de": null, "name:en": null, "smoking": null, "name:signed": null, "tourism": null, "community_centre:for": null, "toilets:wheelchair": null, "url": null, "alt_name": null, "operator:wikidata": null, "power": null, "ref": null, "substation": null, "type": null }, "geometry": { "type": "Polygon", "coordinates": [ [ [ 10.892513, 49.5697947 ], [ 10.8924953, 49.5699111 ], [ 10.8926768, 49.5699227 ], [ 10.8926945, 49.5698064 ], [ 10.892513, 49.5697947 ] ] ] } },
{ "type": "Feature", "properties": { "element": "way", "id": 48774389, "addr:city": "Herzogenaurach", "addr:country": "DE", "addr:housenumber": "10", "addr:postcode": "91074", "addr:street": "Kunigundenstraße", "building": "residential", "amenity": null, "check_date:opening_hours": null, "cuisine": null, "indoor_seating": null, "name": null, "opening_hours": null, "outdoor_seating": null, "website": null, "wheelchair": null, "description": null, "leisure": null, "sport": null, "nohousenumber": null, "roof:shape": "gabled", "air_conditioning": null, "building:levels": null, "diet:vegan": null, "diet:vegetarian": null, "payment:credit_cards": null, "payment:debit_cards": null, "phone": null, "roof:levels": null, "check_date": null, "email": null, "mobile": null, "shop": null, "denomination": null, "operator": null, "roof:colour": null, "capacity": null, "building:colour": null, "note": null, "source": null, "house": null, "roof:orientation": null, "layer": null, "compressed_air": null, "not:brand:wikidata": null, "religion": null, "contact:phone": null, "contact:website": null, "name:de": null, "name:en": null, "smoking": null, "name:signed": null, "tourism": null, "community_centre:for": null, "toilets:wheelchair": null, "url": null, "alt_name": null, "operator:wikidata": null, "power": null, "ref": null, "substation": null, "type": null }, "geometry": { "type": "Polygon", "coordinates": [ [ [ 10.8922155, 49.5697602 ], [ 10.892196, 49.5698975 ], [ 10.8923849, 49.5699088 ], [ 10.8924045, 49.5697716 ], [ 10.8922155, 49.5697602 ] ] ] } },
{ "type": "Feature", "properties": { "element": "way", "id": 48774390, "addr:city": "Herzogenaurach", "addr:country": "DE", "addr:housenumber": "8", "addr:postcode": "91074", "addr:street": "Kunigundenstraße", "building": "residential", "amenity": null, "check_date:opening_hours": null, "cuisine": null, "indoor_seating": null, "name": null, "opening_hours": null, "outdoor_seating": null, "website": null, "wheelchair": null, "description": null, "leisure": null, "sport": null, "nohousenumber": null, "roof:shape": "gabled", "air_conditioning": null, "building:levels": null, "diet:vegan": null, "diet:vegetarian": null, "payment:credit_cards": null, "payment:debit_cards": null, "phone": null, "roof:levels": null, "check_date": null, "email": null, "mobile": null, "shop": null, "denomination": null, "operator": null, "roof:colour": null, "capacity": null, "building:colour": null, "note": null, "source": null, "house": null, "roof:orientation": null, "layer": null, "compressed_air": null, "not:brand:wikidata": null, "religion": null, "contact:phone": null, "contact:website": null, "name:de": null, "name:en": null, "smoking": null, "name:signed": null, "tourism": null, "community_centre:for": null, "toilets:wheelchair": null, "url": null, "alt_name": null, "operator:wikidata": null, "power": null, "ref": null, "substation": null, "type": null }, "geometry": { "type": "Polygon", "coordinates": [ [ [ 10.8919622, 49.56976 ], [ 10.8919424, 49.5698716 ], [ 10.8921311, 49.5698857 ], [ 10.8921509, 49.5697741 ], [ 10.8919622, 49.56976 ] ] ] } },
{ "type": "Feature", "properties": { "element": "way", "id": 48774391, "addr:city": "Herzogenaurach", "addr:country": "DE", "addr:housenumber": "6", "addr:postcode": "91074", "addr:street": "Kunigundenstraße", "building": "residential", "amenity": null, "check_date:opening_hours": null, "cuisine": null, "indoor_seating": null, "name": null, "opening_hours": null, "outdoor_seating": null, "website": null, "wheelchair": null, "description": null, "leisure": null, "sport": null, "nohousenumber": null, "roof:shape": "gabled", "air_conditioning": null, "building:levels": null, "diet:vegan": null, "diet:vegetarian": null, "payment:credit_cards": null, "payment:debit_cards": null, "phone": null, "roof:levels": null, "check_date": null, "email": null, "mobile": null, "shop": null, "denomination": null, "operator": null, "roof:colour": "red", "capacity": null, "building:colour": null, "note": null, "source": null, "house": null, "roof:orientation": null, "layer": null, "compressed_air": null, "not:brand:wikidata": null, "religion": null, "contact:phone": null, "contact:website": null, "name:de": null, "name:en": null, "smoking": null, "name:signed": null, "tourism": null, "community_centre:for": null, "toilets:wheelchair": null, "url": null, "alt_name": null, "operator:wikidata": null, "power": null, "ref": null, "substation": null, "type": null }, "geometry": { "type": "Polygon", "coordinates": [ [ [ 10.8916776, 49.5697265 ], [ 10.8916637, 49.569852 ], [ 10.8918544, 49.5698609 ], [ 10.8918682, 49.5697353 ], [ 10.8916776, 49.5697265 ] ] ] } },
{ "type": "Feature", "properties": { "element": "way", "id": 48774392, "addr:city": "Herzogenaurach", "addr:country": "DE", "addr:housenumber": "2", "addr:postcode": "91074", "addr:street": "Kunigundenstraße", "building": "residential", "amenity": null, "check_date:opening_hours": null, "cuisine": null, "indoor_seating": null, "name": null, "opening_hours": null, "outdoor_seating": null, "website": null, "wheelchair": null, "description": null, "leisure": null, "sport": null, "nohousenumber": null, "roof:shape": "gabled", "air_conditioning": null, "building:levels": null, "diet:vegan": null, "diet:vegetarian": null, "payment:credit_cards": null, "payment:debit_cards": null, "phone": null, "roof:levels": null, "check_date": null, "email": null, "mobile": null, "shop": null, "denomination": null, "operator": null, "roof:colour": "red", "capacity": null, "building:colour": null, "note": null, "source": null, "house": null, "roof:orientation": null, "layer": null, "compressed_air": null, "not:brand:wikidata": null, "religion": null, "contact:phone": null, "contact:website": null, "name:de": null, "name:en": null, "smoking": null, "name:signed": null, "tourism": null, "community_centre:for": null, "toilets:wheelchair": null, "url": null, "alt_name": null, "operator:wikidata": null, "power": null, "ref": null, "substation": null, "type": null }, "geometry": { "type": "Polygon", "coordinates": [ [ [ 10.8913825, 49.5700376 ], [ 10.8913955, 49.5701328 ], [ 10.8915641, 49.5701232 ], [ 10.8915511, 49.5700279 ], [ 10.8913825, 49.5700376 ] ] ] } },
{ "type": "Feature", "properties": { "element": "way", "id": 48801643, "addr:city": "Herzogenaurach", "addr:country": "DE", "addr:housenumber": "14", "addr:postcode": "91074", "addr:street": "Karl-Bröger-Straße", "building": "residential", "amenity": null, "check_date:opening_hours": null, "cuisine": null, "indoor_seating": null, "name": null, "opening_hours": null, "outdoor_seating": null, "website": null, "wheelchair": null, "description": null, "leisure": null, "sport": null, "nohousenumber": null, "roof:shape": "gabled", "air_conditioning": null, "building:levels": "1", "diet:vegan": null, "diet:vegetarian": null, "payment:credit_cards": null, "payment:debit_cards": null, "phone": null, "roof:levels": "1", "check_date": null, "email": null, "mobile": null, "shop": null, "denomination": null, "operator": null, "roof:colour": "red", "capacity": null, "building:colour": null, "note": null, "source": null, "house": null, "roof:orientation": null, "layer": null, "compressed_air": null, "not:brand:wikidata": null, "religion": null, "contact:phone": null, "contact:website": null, "name:de": null, "name:en": null, "smoking": null, "name:signed": null, "tourism": null, "community_centre:for": null, "toilets:wheelchair": null, "url": null, "alt_name": null, "operator:wikidata": null, "power": null, "ref": null, "substation": null, "type": null }, "geometry": { "type": "Polygon", "coordinates": [ [ [ 10.8918545, 49.5704126 ], [ 10.8920271, 49.570448 ], [ 10.8920792, 49.5703334 ], [ 10.8919101, 49.5702984 ], [ 10.8918545, 49.5704126 ] ] ] } },
{ "type": "Feature", "properties": { "element": "way", "id": 48801644, "addr:city": "Herzogenaurach", "addr:country": "DE", "addr:housenumber": "12", "addr:postcode": "91074", "addr:street": "Karl-Bröger-Straße", "building": "residential", "amenity": null, "check_date:opening_hours": null, "cuisine": null, "indoor_seating": null, "name": null, "opening_hours": null, "outdoor_seating": null, "website": null, "wheelchair": null, "description": null, "leisure": null, "sport": null, "nohousenumber": null, "roof:shape": "gabled", "air_conditioning": null, "building:levels": null, "diet:vegan": null, "diet:vegetarian": null, "payment:credit_cards": null, "payment:debit_cards": null, "phone": null, "roof:levels": null, "check_date": null, "email": null, "mobile": null, "shop": null, "denomination": null, "operator": null, "roof:colour": "red", "capacity": null, "building:colour": null, "note": null, "source": null, "house": null, "roof:orientation": null, "layer": null, "compressed_air": null, "not:brand:wikidata": null, "religion": null, "contact:phone": null, "contact:website": null, "name:de": null, "name:en": null, "smoking": null, "name:signed": null, "tourism": null, "community_centre:for": null, "toilets:wheelchair": null, "url": null, "alt_name": null, "operator:wikidata": null, "power": null, "ref": null, "substation": null, "type": null }, "geometry": { "type": "Polygon", "coordinates": [ [ [ 10.8913812, 49.5702366 ], [ 10.8913921, 49.5703383 ], [ 10.8915525, 49.570331 ], [ 10.8915416, 49.5702294 ], [ 10.8913812, 49.5702366 ] ] ] } },
{ "type": "Feature", "properties": { "element": "way", "id": 48801645, "addr:city": "Herzogenaurach", "addr:country": "DE", "addr:housenumber": "24", "addr:postcode": "91074", "addr:street": "Eichendorffstraße", "building": "residential", "amenity": null, "check_date:opening_hours": null, "cuisine": null, "indoor_seating": null, "name": null, "opening_hours": null, "outdoor_seating": null, "website": null, "wheelchair": null, "description": null, "leisure": null, "sport": null, "nohousenumber": null, "roof:shape": "gabled", "air_conditioning": null, "building:levels": null, "diet:vegan": null, "diet:vegetarian": null, "payment:credit_cards": null, "payment:debit_cards": null, "phone": null, "roof:levels": null, "check_date": null, "email": null, "mobile": null, "shop": null, "denomination": null, "operator": null, "roof:colour": null, "capacity": null, "building:colour": null, "note": null, "source": null, "house": null, "roof:orientation": null, "layer": null, "compressed_air": null, "not:brand:wikidata": null, "religion": null, "contact:phone": null, "contact:website": null, "name:de": null, "name:en": null, "smoking": null, "name:signed": null, "tourism": null, "community_centre:for": null, "toilets:wheelchair": null, "url": null, "alt_name": null, "operator:wikidata": null, "power": null, "ref": null, "substation": null, "type": null }, "geometry": { "type": "Polygon", "coordinates": [ [ [ 10.8910387, 49.5702638 ], [ 10.8911793, 49.5702519 ], [ 10.8911532, 49.570122 ], [ 10.8910125, 49.5701339 ], [ 10.8910387, 49.5702638 ] ] ] } },
{ "type": "Feature", "properties": { "element": "way", "id": 48801646, "addr:city": "Herzogenaurach", "addr:country": "DE", "addr:housenumber": "22", "addr:postcode": "91074", "addr:street": "Eichendorffstraße", "building": "residential", "amenity": null, "check_date:opening_hours": null, "cuisine": null, "indoor_seating": null, "name": null, "opening_hours": null, "outdoor_seating": null, "website": null, "wheelchair": null, "description": null, "leisure": null, "sport": null, "nohousenumber": null, "roof:shape": "gabled", "air_conditioning": null, "building:levels": null, "diet:vegan": null, "diet:vegetarian": null, "payment:credit_cards": null, "payment:debit_cards": null, "phone": null, "roof:levels": null, "check_date": null, "email": null, "mobile": null, "shop": null, "denomination": null, "operator": null, "roof:colour": null, "capacity": null, "building:colour": null, "note": null, "source": null, "house": null, "roof:orientation": null, "layer": null, "compressed_air": null, "not:brand:wikidata": null, "religion": null, "contact:phone": null, "contact:website": null, "name:de": null, "name:en": null, "smoking": null, "name:signed": null, "tourism": null, "community_centre:for": null, "toilets:wheelchair": null, "url": null, "alt_name": null, "operator:wikidata": null, "power": null, "ref": null, "substation": null, "type": null }, "geometry": { "type": "Polygon", "coordinates": [ [ [ 10.8910074, 49.5700243 ], [ 10.8911355, 49.5700098 ], [ 10.891111, 49.5699187 ], [ 10.890983, 49.5699332 ], [ 10.8910074, 49.5700243 ] ] ] } },
{ "type": "Feature", "properties": { "element": "way", "id": 48801679, "addr:city": "Herzogenaurach", "addr:country": "DE", "addr:housenumber": "25", "addr:postcode": "91074", "addr:street": "Karl-Bröger-Straße", "building": "residential", "amenity": null, "check_date:opening_hours": null, "cuisine": null, "indoor_seating": null, "name": null, "opening_hours": null, "outdoor_seating": null, "website": null, "wheelchair": null, "description": null, "leisure": null, "sport": null, "nohousenumber": null, "roof:shape": null, "air_conditioning": null, "building:levels": null, "diet:vegan": null, "diet:vegetarian": null, "payment:credit_cards": null, "payment:debit_cards": null, "phone": null, "roof:levels": null, "check_date": null, "email": null, "mobile": null, "shop": null, "denomination": null, "operator": null, "roof:colour": null, "capacity": null, "building:colour": null, "note": null, "source": null, "house": null, "roof:orientation": null, "layer": null, "compressed_air": null, "not:brand:wikidata": null, "religion": null, "contact:phone": null, "contact:website": null, "name:de": null, "name:en": null, "smoking": null, "name:signed": null, "tourism": null, "community_centre:for": null, "toilets:wheelchair": null, "url": null, "alt_name": null, "operator:wikidata": null, "power": null, "ref": null, "substation": null, "type": null }, "geometry": { "type": "Polygon", "coordinates": [ [ [ 10.8928338, 49.5710291 ], [ 10.8929891, 49.5710291 ], [ 10.8929891, 49.570914 ], [ 10.8928338, 49.570914 ], [ 10.8928338, 49.5710291 ] ] ] } },
{ "type": "Feature", "properties": { "element": "way", "id": 48801680, "addr:city": "Herzogenaurach", "addr:country": "DE", "addr:housenumber": "21", "addr:postcode": "91074", "addr:street": "Karl-Bröger-Straße", "building": "residential", "amenity": null, "check_date:opening_hours": null, "cuisine": null, "indoor_seating": null, "name": null, "opening_hours": null, "outdoor_seating": null, "website": null, "wheelchair": null, "description": null, "leisure": null, "sport": null, "nohousenumber": null, "roof:shape": null, "air_conditioning": null, "building:levels": null, "diet:vegan": null, "diet:vegetarian": null, "payment:credit_cards": null, "payment:debit_cards": null, "phone": null, "roof:levels": null, "check_date": null, "email": null, "mobile": null, "shop": null, "denomination": null, "operator": null, "roof:colour": null, "capacity": null, "building:colour": null, "note": null, "source": null, "house": null, "roof:orientation": null, "layer": null, "compressed_air": null, "not:brand:wikidata": null, "religion": null, "contact:phone": null, "contact:website": null, "name:de": null, "name:en": null, "smoking": null, "name:signed": null, "tourism": null, "community_centre:for": null, "toilets:wheelchair": null, "url": null, "alt_name": null, "operator:wikidata": null, "power": null, "ref": null, "substation": null, "type": null }, "geometry": { "type": "Polygon", "coordinates": [ [ [ 10.8927789, 49.5711873 ], [ 10.8927789, 49.5712695 ], [ 10.8929437, 49.5712695 ], [ 10.8929437, 49.5711873 ], [ 10.8927789, 49.5711873 ] ] ] } },
{ "type": "Feature", "properties": { "element": "way", "id": 48801682, "addr:city": null, "addr:country": null, "addr:housenumber": null, "addr:postcode": null, "addr:street": null, "building": "yes", "amenity": null, "check_date:opening_hours": null, "cuisine": null, "indoor_seating": null, "name": null, "opening_hours": null, "outdoor_seating": null, "website": null, "wheelchair": null, "description": null, "leisure": null, "sport": null, "nohousenumber": null, "roof:shape": "gabled", "air_conditioning": null, "building:levels": null, "diet:vegan": null, "diet:vegetarian": null, "payment:credit_cards": null, "payment:debit_cards": null, "phone": null, "roof:levels": null, "check_date": null, "email": null, "mobile": null, "shop": null, "denomination": null, "operator": null, "roof:colour": null, "capacity": null, "building:colour": null, "note": null, "source": null, "house": null, "roof:orientation": null, "layer": null, "compressed_air": null, "not:brand:wikidata": null, "religion": null, "contact:phone": null, "contact:website": null, "name:de": null, "name:en": null, "smoking": null, "name:signed": null, "tourism": null, "community_centre:for": null, "toilets:wheelchair": null, "url": null, "alt_name": null, "operator:wikidata": null, "power": null, "ref": null, "substation": null, "type": null }, "geometry": { "type": "Polygon", "coordinates": [ [ [ 10.8913518, 49.5716981 ], [ 10.8914264, 49.5715987 ], [ 10.8920712, 49.5718025 ], [ 10.8919965, 49.5719018 ], [ 10.8918392, 49.5718521 ], [ 10.8915045, 49.5717464 ], [ 10.8913518, 49.5716981 ] ] ] } },
{ "type": "Feature", "properties": { "element": "way", "id": 48801684, "addr:city": null, "addr:country": null, "addr:housenumber": null, "addr:postcode": null, "addr:street": null, "building": "yes", "amenity": null, "check_date:opening_hours": null, "cuisine": null, "indoor_seating": null, "name": null, "opening_hours": null, "outdoor_seating": null, "website": null, "wheelchair": null, "description": null, "leisure": null, "sport": null, "nohousenumber": null, "roof:shape": "gabled", "air_conditioning": null, "building:levels": null, "diet:vegan": null, "diet:vegetarian": null, "payment:credit_cards": null, "payment:debit_cards": null, "phone": null, "roof:levels": null, "check_date": null, "email": null, "mobile": null, "shop": null, "denomination": null, "operator": null, "roof:colour": null, "capacity": null, "building:colour": null, "note": null, "source": null, "house": null, "roof:orientation": null, "layer": null, "compressed_air": null, "not:brand:wikidata": null, "religion": null, "contact:phone": null, "contact:website": null, "name:de": null, "name:en": null, "smoking": null, "name:signed": null, "tourism": null, "community_centre:for": null, "toilets:wheelchair": null, "url": null, "alt_name": null, "operator:wikidata": null, "power": null, "ref": null, "substation": null, "type": null }, "geometry": { "type": "Polygon", "coordinates": [ [ [ 10.8896169, 49.5713463 ], [ 10.8896564, 49.5712341 ], [ 10.8903607, 49.5713386 ], [ 10.8903212, 49.5714508 ], [ 10.8901124, 49.5714198 ], [ 10.8899866, 49.5714011 ], [ 10.8898092, 49.5713748 ], [ 10.8896169, 49.5713463 ] ] ] } },
{ "type": "Feature", "properties": { "element": "way", "id": 48801685, "addr:city": null, "addr:country": null, "addr:housenumber": null, "addr:postcode": null, "addr:street": null, "building": "yes", "amenity": null, "check_date:opening_hours": null, "cuisine": null, "indoor_seating": null, "name": null, "opening_hours": null, "outdoor_seating": null, "website": null, "wheelchair": null, "description": null, "leisure": null, "sport": null, "nohousenumber": null, "roof:shape": "gabled", "air_conditioning": null, "building:levels": null, "diet:vegan": null, "diet:vegetarian": null, "payment:credit_cards": null, "payment:debit_cards": null, "phone": null, "roof:levels": null, "check_date": null, "email": null, "mobile": null, "shop": null, "denomination": null, "operator": null, "roof:colour": null, "capacity": null, "building:colour": null, "note": null, "source": null, "house": null, "roof:orientation": null, "layer": null, "compressed_air": null, "not:brand:wikidata": null, "religion": null, "contact:phone": null, "contact:website": null, "name:de": null, "name:en": null, "smoking": null, "name:signed": null, "tourism": null, "community_centre:for": null, "toilets:wheelchair": null, "url": null, "alt_name": null, "operator:wikidata": null, "power": null, "ref": null, "substation": null, "type": null }, "geometry": { "type": "Polygon", "coordinates": [ [ [ 10.8893183, 49.5718008 ], [ 10.8894686, 49.5717849 ], [ 10.8894485, 49.5717054 ], [ 10.8894258, 49.5716156 ], [ 10.8892756, 49.5716315 ], [ 10.8893183, 49.5718008 ] ] ] } },
{ "type": "Feature", "properties": { "element": "way", "id": 48801686, "addr:city": null, "addr:country": null, "addr:housenumber": null, "addr:postcode": null, "addr:street": null, "building": "yes", "amenity": null, "check_date:opening_hours": null, "cuisine": null, "indoor_seating": null, "name": null, "opening_hours": null, "outdoor_seating": null, "website": null, "wheelchair": null, "description": null, "leisure": null, "sport": null, "nohousenumber": null, "roof:shape": "gabled", "air_conditioning": null, "building:levels": null, "diet:vegan": null, "diet:vegetarian": null, "payment:credit_cards": null, "payment:debit_cards": null, "phone": null, "roof:levels": null, "check_date": null, "email": null, "mobile": null, "shop": null, "denomination": null, "operator": null, "roof:colour": null, "capacity": null, "building:colour": null, "note": null, "source": null, "house": null, "roof:orientation": null, "layer": null, "compressed_air": null, "not:brand:wikidata": null, "religion": null, "contact:phone": null, "contact:website": null, "name:de": null, "name:en": null, "smoking": null, "name:signed": null, "tourism": null, "community_centre:for": null, "toilets:wheelchair": null, "url": null, "alt_name": null, "operator:wikidata": null, "power": null, "ref": null, "substation": null, "type": null }, "geometry": { "type": "Polygon", "coordinates": [ [ [ 10.8888199, 49.5716203 ], [ 10.8888406, 49.5717088 ], [ 10.8890805, 49.5716852 ], [ 10.8890599, 49.5715967 ], [ 10.8889436, 49.5716081 ], [ 10.8888199, 49.5716203 ] ] ] } },
{ "type": "Feature", "properties": { "element": "way", "id": 48801687, "addr:city": null, "addr:country": null, "addr:housenumber": null, "addr:postcode": null, "addr:street": null, "building": "detached", "amenity": null, "check_date:opening_hours": null, "cuisine": null, "indoor_seating": null, "name": null, "opening_hours": null, "outdoor_seating": null, "website": null, "wheelchair": null, "description": null, "leisure": null, "sport": null, "nohousenumber": null, "roof:shape": null, "air_conditioning": null, "building:levels": null, "diet:vegan": null, "diet:vegetarian": null, "payment:credit_cards": null, "payment:debit_cards": null, "phone": null, "roof:levels": null, "check_date": null, "email": null, "mobile": null, "shop": null, "denomination": null, "operator": null, "roof:colour": null, "capacity": null, "building:colour": null, "note": null, "source": null, "house": null, "roof:orientation": null, "layer": null, "compressed_air": null, "not:brand:wikidata": null, "religion": null, "contact:phone": null, "contact:website": null, "name:de": null, "name:en": null, "smoking": null, "name:signed": null, "tourism": null, "community_centre:for": null, "toilets:wheelchair": null, "url": null, "alt_name": null, "operator:wikidata": null, "power": null, "ref": null, "substation": null, "type": null }, "geometry": { "type": "Polygon", "coordinates": [ [ [ 10.8884293, 49.5716614 ], [ 10.8884962, 49.5716549 ], [ 10.8885639, 49.5716483 ], [ 10.8885351, 49.5715238 ], [ 10.8884005, 49.5715369 ], [ 10.8884164, 49.5716055 ], [ 10.8884293, 49.5716614 ] ] ] } },
{ "type": "Feature", "properties": { "element": "way", "id": 48801688, "addr:city": null, "addr:country": null, "addr:housenumber": null, "addr:postcode": null, "addr:street": null, "building": "yes", "amenity": null, "check_date:opening_hours": null, "cuisine": null, "indoor_seating": null, "name": null, "opening_hours": null, "outdoor_seating": null, "website": null, "wheelchair": null, "description": null, "leisure": null, "sport": null, "nohousenumber": null, "roof:shape": "gabled", "air_conditioning": null, "building:levels": null, "diet:vegan": null, "diet:vegetarian": null, "payment:credit_cards": null, "payment:debit_cards": null, "phone": null, "roof:levels": null, "check_date": null, "email": null, "mobile": null, "shop": null, "denomination": null, "operator": null, "roof:colour": null, "capacity": null, "building:colour": null, "note": null, "source": null, "house": null, "roof:orientation": null, "layer": null, "compressed_air": null, "not:brand:wikidata": null, "religion": null, "contact:phone": null, "contact:website": null, "name:de": null, "name:en": null, "smoking": null, "name:signed": null, "tourism": null, "community_centre:for": null, "toilets:wheelchair": null, "url": null, "alt_name": null, "operator:wikidata": null, "power": null, "ref": null, "substation": null, "type": null }, "geometry": { "type": "Polygon", "coordinates": [ [ [ 10.8892456, 49.571552 ], [ 10.8893981, 49.5715347 ], [ 10.8893778, 49.5714592 ], [ 10.8893557, 49.5713771 ], [ 10.8892032, 49.5713943 ], [ 10.8892456, 49.571552 ] ] ] } },
{ "type": "Feature", "properties": { "element": "way", "id": 48801689, "addr:city": "Herzogenaurach", "addr:country": "DE", "addr:housenumber": "6", "addr:postcode": "91074", "addr:street": "Hans-Sachs-Straße", "building": "residential", "amenity": null, "check_date:opening_hours": null, "cuisine": null, "indoor_seating": null, "name": null, "opening_hours": null, "outdoor_seating": null, "website": null, "wheelchair": null, "description": null, "leisure": null, "sport": null, "nohousenumber": null, "roof:shape": "gabled", "air_conditioning": null, "building:levels": null, "diet:vegan": null, "diet:vegetarian": null, "payment:credit_cards": null, "payment:debit_cards": null, "phone": null, "roof:levels": null, "check_date": null, "email": null, "mobile": null, "shop": null, "denomination": null, "operator": null, "roof:colour": null, "capacity": null, "building:colour": null, "note": null, "source": null, "house": null, "roof:orientation": null, "layer": null, "compressed_air": null, "not:brand:wikidata": null, "religion": null, "contact:phone": null, "contact:website": null, "name:de": null, "name:en": null, "smoking": null, "name:signed": null, "tourism": null, "community_centre:for": null, "toilets:wheelchair": null, "url": null, "alt_name": null, "operator:wikidata": null, "power": null, "ref": null, "substation": null, "type": null }, "geometry": { "type": "Polygon", "coordinates": [ [ [ 10.8887401, 49.5713333 ], [ 10.8887619, 49.5714167 ], [ 10.8889532, 49.5713957 ], [ 10.8889314, 49.5713123 ], [ 10.8887401, 49.5713333 ] ] ] } },
{ "type": "Feature", "properties": { "element": "way", "id": 48801690, "addr:city": "Herzogenaurach", "addr:country": "DE", "addr:housenumber": "4", "addr:postcode": "91074", "addr:street": "Hans-Sachs-Straße", "building": "residential", "amenity": null, "check_date:opening_hours": null, "cuisine": null, "indoor_seating": null, "name": null, "opening_hours": null, "outdoor_seating": null, "website": null, "wheelchair": null, "description": null, "leisure": null, "sport": null, "nohousenumber": null, "roof:shape": "gabled", "air_conditioning": null, "building:levels": null, "diet:vegan": null, "diet:vegetarian": null, "payment:credit_cards": null, "payment:debit_cards": null, "phone": null, "roof:levels": null, "check_date": null, "email": null, "mobile": null, "shop": null, "denomination": null, "operator": null, "roof:colour": null, "capacity": null, "building:colour": null, "note": null, "source": null, "house": null, "roof:orientation": null, "layer": null, "compressed_air": null, "not:brand:wikidata": null, "religion": null, "contact:phone": null, "contact:website": null, "name:de": null, "name:en": null, "smoking": null, "name:signed": null, "tourism": null, "community_centre:for": null, "toilets:wheelchair": null, "url": null, "alt_name": null, "operator:wikidata": null, "power": null, "ref": null, "substation": null, "type": null }, "geometry": { "type": "Polygon", "coordinates": [ [ [ 10.8886845, 49.5710428 ], [ 10.8887042, 49.5711316 ], [ 10.8888884, 49.5711144 ], [ 10.8888687, 49.5710256 ], [ 10.8886845, 49.5710428 ] ] ] } },
{ "type": "Feature", "properties": { "element": "way", "id": 48801691, "addr:city": null, "addr:country": null, "addr:housenumber": null, "addr:postcode": null, "addr:street": null, "building": "yes", "amenity": null, "check_date:opening_hours": null, "cuisine": null, "indoor_seating": null, "name": null, "opening_hours": null, "outdoor_seating": null, "website": null, "wheelchair": null, "description": null, "leisure": null, "sport": null, "nohousenumber": null, "roof:shape": "gabled", "air_conditioning": null, "building:levels": null, "diet:vegan": null, "diet:vegetarian": null, "payment:credit_cards": null, "payment:debit_cards": null, "phone": null, "roof:levels": null, "check_date": null, "email": null, "mobile": null, "shop": null, "denomination": null, "operator": null, "roof:colour": null, "capacity": null, "building:colour": null, "note": null, "source": null, "house": null, "roof:orientation": null, "layer": null, "compressed_air": null, "not:brand:wikidata": null, "religion": null, "contact:phone": null, "contact:website": null, "name:de": null, "name:en": null, "smoking": null, "name:signed": null, "tourism": null, "community_centre:for": null, "toilets:wheelchair": null, "url": null, "alt_name": null, "operator:wikidata": null, "power": null, "ref": null, "substation": null, "type": null }, "geometry": { "type": "Polygon", "coordinates": [ [ [ 10.8891787, 49.5712738 ], [ 10.8893357, 49.5712553 ], [ 10.8893125, 49.5711725 ], [ 10.8892866, 49.57108 ], [ 10.8891296, 49.5710985 ], [ 10.8891787, 49.5712738 ] ] ] } },
{ "type": "Feature", "properties": { "element": "way", "id": 48801694, "addr:city": null, "addr:country": null, "addr:housenumber": null, "addr:postcode": null, "addr:street": null, "building": "detached", "amenity": null, "check_date:opening_hours": null, "cuisine": null, "indoor_seating": null, "name": null, "opening_hours": null, "outdoor_seating": null, "website": null, "wheelchair": null, "description": null, "leisure": null, "sport": null, "nohousenumber": null, "roof:shape": null, "air_conditioning": null, "building:levels": null, "diet:vegan": null, "diet:vegetarian": null, "payment:credit_cards": null, "payment:debit_cards": null, "phone": null, "roof:levels": null, "check_date": null, "email": null, "mobile": null, "shop": null, "denomination": null, "operator": null, "roof:colour": null, "capacity": null, "building:colour": null, "note": null, "source": null, "house": null, "roof:orientation": null, "layer": null, "compressed_air": null, "not:brand:wikidata": null, "religion": null, "contact:phone": null, "contact:website": null, "name:de": null, "name:en": null, "smoking": null, "name:signed": null, "tourism": null, "community_centre:for": null, "toilets:wheelchair": null, "url": null, "alt_name": null, "operator:wikidata": null, "power": null, "ref": null, "substation": null, "type": null }, "geometry": { "type": "Polygon", "coordinates": [ [ [ 10.8884857, 49.5718191 ], [ 10.8885365, 49.5718143 ], [ 10.8885858, 49.5718097 ], [ 10.8885668, 49.5717249 ], [ 10.8884668, 49.5717343 ], [ 10.8884857, 49.5718191 ] ] ] } },
{ "type": "Feature", "properties": { "element": "way", "id": 48801700, "addr:city": null, "addr:country": null, "addr:housenumber": null, "addr:postcode": null, "addr:street": null, "building": "yes", "amenity": null, "check_date:opening_hours": null, "cuisine": null, "indoor_seating": null, "name": null, "opening_hours": null, "outdoor_seating": null, "website": null, "wheelchair": null, "description": null, "leisure": null, "sport": null, "nohousenumber": null, "roof:shape": null, "air_conditioning": null, "building:levels": null, "diet:vegan": null, "diet:vegetarian": null, "payment:credit_cards": null, "payment:debit_cards": null, "phone": null, "roof:levels": null, "check_date": null, "email": null, "mobile": null, "shop": null, "denomination": null, "operator": null, "roof:colour": null, "capacity": null, "building:colour": null, "note": null, "source": null, "house": null, "roof:orientation": null, "layer": null, "compressed_air": null, "not:brand:wikidata": null, "religion": null, "contact:phone": null, "contact:website": null, "name:de": null, "name:en": null, "smoking": null, "name:signed": null, "tourism": null, "community_centre:for": null, "toilets:wheelchair": null, "url": null, "alt_name": null, "operator:wikidata": null, "power": null, "ref": null, "substation": null, "type": null }, "geometry": { "type": "Polygon", "coordinates": [ [ [ 10.8917636, 49.5710982 ], [ 10.8918957, 49.5711126 ], [ 10.8919208, 49.5710152 ], [ 10.8917887, 49.5710009 ], [ 10.8917636, 49.5710982 ] ] ] } },
{ "type": "Feature", "properties": { "element": "way", "id": 48801701, "addr:city": "Herzogenaurach", "addr:country": "DE", "addr:housenumber": "26", "addr:postcode": "91074", "addr:street": "Eichendorffstraße", "building": "residential", "amenity": null, "check_date:opening_hours": null, "cuisine": null, "indoor_seating": null, "name": null, "opening_hours": null, "outdoor_seating": null, "website": null, "wheelchair": null, "description": null, "leisure": null, "sport": null, "nohousenumber": null, "roof:shape": "gabled", "air_conditioning": null, "building:levels": null, "diet:vegan": null, "diet:vegetarian": null, "payment:credit_cards": null, "payment:debit_cards": null, "phone": null, "roof:levels": null, "check_date": null, "email": null, "mobile": null, "shop": null, "denomination": null, "operator": null, "roof:colour": "red", "capacity": null, "building:colour": null, "note": null, "source": null, "house": null, "roof:orientation": null, "layer": null, "compressed_air": null, "not:brand:wikidata": null, "religion": null, "contact:phone": null, "contact:website": null, "name:de": null, "name:en": null, "smoking": null, "name:signed": null, "tourism": null, "community_centre:for": null, "toilets:wheelchair": null, "url": null, "alt_name": null, "operator:wikidata": null, "power": null, "ref": null, "substation": null, "type": null }, "geometry": { "type": "Polygon", "coordinates": [ [ [ 10.8911849, 49.5705043 ], [ 10.8911628, 49.5706076 ], [ 10.8913325, 49.5706229 ], [ 10.8913546, 49.5705195 ], [ 10.8911849, 49.5705043 ] ] ] } },
{ "type": "Feature", "properties": { "element": "way", "id": 48801702, "addr:city": "Herzogenaurach", "addr:country": "DE", "addr:housenumber": "28", "addr:postcode": "91074", "addr:street": "Eichendorffstraße", "building": "residential", "amenity": null, "check_date:opening_hours": null, "cuisine": null, "indoor_seating": null, "name": null, "opening_hours": null, "outdoor_seating": null, "website": null, "wheelchair": null, "description": null, "leisure": null, "sport": null, "nohousenumber": null, "roof:shape": "gabled", "air_conditioning": null, "building:levels": null, "diet:vegan": null, "diet:vegetarian": null, "payment:credit_cards": null, "payment:debit_cards": null, "phone": null, "roof:levels": null, "check_date": null, "email": null, "mobile": null, "shop": null, "denomination": null, "operator": null, "roof:colour": null, "capacity": null, "building:colour": null, "note": null, "source": null, "house": null, "roof:orientation": null, "layer": null, "compressed_air": null, "not:brand:wikidata": null, "religion": null, "contact:phone": null, "contact:website": null, "name:de": null, "name:en": null, "smoking": null, "name:signed": null, "tourism": null, "community_centre:for": null, "toilets:wheelchair": null, "url": null, "alt_name": null, "operator:wikidata": null, "power": null, "ref": null, "substation": null, "type": null }, "geometry": { "type": "Polygon", "coordinates": [ [ [ 10.8912866, 49.5707557 ], [ 10.8912777, 49.5708477 ], [ 10.8914288, 49.5708538 ], [ 10.8914376, 49.5707617 ], [ 10.8912866, 49.5707557 ] ] ] } },
{ "type": "Feature", "properties": { "element": "way", "id": 48801703, "addr:city": "Herzogenaurach", "addr:country": "DE", "addr:housenumber": "30", "addr:postcode": "91074", "addr:street": "Eichendorffstraße", "building": "yes", "amenity": null, "check_date:opening_hours": null, "cuisine": null, "indoor_seating": null, "name": null, "opening_hours": null, "outdoor_seating": null, "website": null, "wheelchair": null, "description": null, "leisure": null, "sport": null, "nohousenumber": null, "roof:shape": "gabled", "air_conditioning": null, "building:levels": null, "diet:vegan": null, "diet:vegetarian": null, "payment:credit_cards": null, "payment:debit_cards": null, "phone": null, "roof:levels": null, "check_date": null, "email": null, "mobile": null, "shop": null, "denomination": null, "operator": null, "roof:colour": null, "capacity": null, "building:colour": null, "note": null, "source": null, "house": null, "roof:orientation": null, "layer": null, "compressed_air": null, "not:brand:wikidata": null, "religion": null, "contact:phone": null, "contact:website": null, "name:de": null, "name:en": null, "smoking": null, "name:signed": null, "tourism": null, "community_centre:for": null, "toilets:wheelchair": null, "url": null, "alt_name": null, "operator:wikidata": null, "power": null, "ref": null, "substation": null, "type": null }, "geometry": { "type": "Polygon", "coordinates": [ [ [ 10.8911826, 49.5709428 ], [ 10.8911756, 49.5710474 ], [ 10.8913406, 49.571052 ], [ 10.8913476, 49.5709474 ], [ 10.8911826, 49.5709428 ] ] ] } },
{ "type": "Feature", "properties": { "element": "way", "id": 48801704, "addr:city": null, "addr:country": null, "addr:housenumber": null, "addr:postcode": null, "addr:street": null, "building": "residential", "amenity": null, "check_date:opening_hours": null, "cuisine": null, "indoor_seating": null, "name": null, "opening_hours": null, "outdoor_seating": null, "website": null, "wheelchair": null, "description": null, "leisure": null, "sport": null, "nohousenumber": null, "roof:shape": null, "air_conditioning": null, "building:levels": null, "diet:vegan": null, "diet:vegetarian": null, "payment:credit_cards": null, "payment:debit_cards": null, "phone": null, "roof:levels": null, "check_date": null, "email": null, "mobile": null, "shop": null, "denomination": null, "operator": null, "roof:colour": null, "capacity": null, "building:colour": null, "note": null, "source": null, "house": null, "roof:orientation": null, "layer": null, "compressed_air": null, "not:brand:wikidata": null, "religion": null, "contact:phone": null, "contact:website": null, "name:de": null, "name:en": null, "smoking": null, "name:signed": null, "tourism": null, "community_centre:for": null, "toilets:wheelchair": null, "url": null, "alt_name": null, "operator:wikidata": null, "power": null, "ref": null, "substation": null, "type": null }, "geometry": { "type": "Polygon", "coordinates": [ [ [ 10.8905541, 49.5703755 ], [ 10.8905474, 49.5705498 ], [ 10.8906725, 49.5705518 ], [ 10.8906739, 49.5705159 ], [ 10.890718, 49.5705166 ], [ 10.8907153, 49.5705866 ], [ 10.8908444, 49.5705888 ], [ 10.8908522, 49.5703884 ], [ 10.890741, 49.5703866 ], [ 10.8907387, 49.570444 ], [ 10.8906677, 49.5704428 ], [ 10.8906702, 49.5703774 ], [ 10.8905541, 49.5703755 ] ] ] } },
{ "type": "Feature", "properties": { "element": "way", "id": 48801705, "addr:city": null, "addr:country": null, "addr:housenumber": null, "addr:postcode": null, "addr:street": null, "building": "yes", "amenity": null, "check_date:opening_hours": null, "cuisine": null, "indoor_seating": null, "name": null, "opening_hours": null, "outdoor_seating": null, "website": null, "wheelchair": null, "description": null, "leisure": null, "sport": null, "nohousenumber": null, "roof:shape": "gabled", "air_conditioning": null, "building:levels": null, "diet:vegan": null, "diet:vegetarian": null, "payment:credit_cards": null, "payment:debit_cards": null, "phone": null, "roof:levels": null, "check_date": null, "email": null, "mobile": null, "shop": null, "denomination": null, "operator": null, "roof:colour": null, "capacity": null, "building:colour": null, "note": null, "source": null, "house": null, "roof:orientation": null, "layer": null, "compressed_air": null, "not:brand:wikidata": null, "religion": null, "contact:phone": null, "contact:website": null, "name:de": null, "name:en": null, "smoking": null, "name:signed": null, "tourism": null, "community_centre:for": null, "toilets:wheelchair": null, "url": null, "alt_name": null, "operator:wikidata": null, "power": null, "ref": null, "substation": null, "type": null }, "geometry": { "type": "Polygon", "coordinates": [ [ [ 10.8905241, 49.5714724 ], [ 10.8905894, 49.5713687 ], [ 10.8912569, 49.5715455 ], [ 10.8911916, 49.5716492 ], [ 10.8910146, 49.5716023 ], [ 10.8906966, 49.5715181 ], [ 10.8905241, 49.5714724 ] ] ] } },
{ "type": "Feature", "properties": { "element": "way", "id": 48801706, "addr:city": "Herzogenaurach", "addr:country": "DE", "addr:housenumber": "16", "addr:postcode": "91074", "addr:street": "Karl-Bröger-Straße", "building": "residential", "amenity": null, "check_date:opening_hours": null, "cuisine": null, "indoor_seating": null, "name": null, "opening_hours": null, "outdoor_seating": null, "website": null, "wheelchair": null, "description": null, "leisure": null, "sport": null, "nohousenumber": null, "roof:shape": "gabled", "air_conditioning": null, "building:levels": "1", "diet:vegan": null, "diet:vegetarian": null, "payment:credit_cards": null, "payment:debit_cards": null, "phone": null, "roof:levels": "1", "check_date": null, "email": null, "mobile": null, "shop": null, "denomination": null, "operator": null, "roof:colour": null, "capacity": null, "building:colour": null, "note": null, "source": null, "house": null, "roof:orientation": null, "layer": null, "compressed_air": null, "not:brand:wikidata": null, "religion": null, "contact:phone": null, "contact:website": null, "name:de": null, "name:en": null, "smoking": null, "name:signed": null, "tourism": null, "community_centre:for": null, "toilets:wheelchair": null, "url": null, "alt_name": null, "operator:wikidata": null, "power": null, "ref": null, "substation": null, "type": null }, "geometry": { "type": "Polygon", "coordinates": [ [ [ 10.8924041, 49.5704231 ], [ 10.892202, 49.5703811 ], [ 10.8921562, 49.5704738 ], [ 10.8923584, 49.5705158 ], [ 10.8924041, 49.5704231 ] ] ] } },
{ "type": "Feature", "properties": { "element": "way", "id": 48801708, "addr:city": "Herzogenaurach", "addr:country": "DE", "addr:housenumber": "18", "addr:postcode": "91074", "addr:street": "Karl-Bröger-Straße", "building": "residential", "amenity": null, "check_date:opening_hours": null, "cuisine": null, "indoor_seating": null, "name": null, "opening_hours": null, "outdoor_seating": null, "website": null, "wheelchair": null, "description": null, "leisure": null, "sport": null, "nohousenumber": null, "roof:shape": "hipped", "air_conditioning": null, "building:levels": "1", "diet:vegan": null, "diet:vegetarian": null, "payment:credit_cards": null, "payment:debit_cards": null, "phone": null, "roof:levels": "0", "check_date": null, "email": null, "mobile": null, "shop": null, "denomination": null, "operator": null, "roof:colour": null, "capacity": null, "building:colour": null, "note": null, "source": null, "house": null, "roof:orientation": null, "layer": null, "compressed_air": null, "not:brand:wikidata": null, "religion": null, "contact:phone": null, "contact:website": null, "name:de": null, "name:en": null, "smoking": null, "name:signed": null, "tourism": null, "community_centre:for": null, "toilets:wheelchair": null, "url": null, "alt_name": null, "operator:wikidata": null, "power": null, "ref": null, "substation": null, "type": null }, "geometry": { "type": "Polygon", "coordinates": [ [ [ 10.8924965, 49.5705476 ], [ 10.8927027, 49.5705871 ], [ 10.8927445, 49.5704954 ], [ 10.8925382, 49.5704559 ], [ 10.8924965, 49.5705476 ] ] ] } },
{ "type": "Feature", "properties": { "element": "way", "id": 48801711, "addr:city": "Herzogenaurach", "addr:country": "DE", "addr:housenumber": "13", "addr:postcode": "91074", "addr:street": "Karl-Bröger-Straße", "building": "residential", "amenity": null, "check_date:opening_hours": null, "cuisine": null, "indoor_seating": null, "name": null, "opening_hours": null, "outdoor_seating": null, "website": null, "wheelchair": null, "description": null, "leisure": null, "sport": null, "nohousenumber": null, "roof:shape": "gabled", "air_conditioning": null, "building:levels": "2", "diet:vegan": null, "diet:vegetarian": null, "payment:credit_cards": null, "payment:debit_cards": null, "phone": null, "roof:levels": "1", "check_date": null, "email": null, "mobile": null, "shop": null, "denomination": null, "operator": null, "roof:colour": null, "capacity": null, "building:colour": null, "note": null, "source": null, "house": null, "roof:orientation": null, "layer": null, "compressed_air": null, "not:brand:wikidata": null, "religion": null, "contact:phone": null, "contact:website": null, "name:de": null, "name:en": null, "smoking": null, "name:signed": null, "tourism": null, "community_centre:for": null, "toilets:wheelchair": null, "url": null, "alt_name": null, "operator:wikidata": null, "power": null, "ref": null, "substation": null, "type": null }, "geometry": { "type": "Polygon", "coordinates": [ [ [ 10.8921479, 49.5707859 ], [ 10.8923043, 49.570808 ], [ 10.892346, 49.5706843 ], [ 10.8921897, 49.5706621 ], [ 10.8921479, 49.5707859 ] ] ] } },
{ "type": "Feature", "properties": { "element": "way", "id": 48801712, "addr:city": "Herzogenaurach", "addr:country": "DE", "addr:housenumber": "15", "addr:postcode": "91074", "addr:street": "Karl-Bröger-Straße", "building": "residential", "amenity": null, "check_date:opening_hours": null, "cuisine": null, "indoor_seating": null, "name": null, "opening_hours": null, "outdoor_seating": null, "website": null, "wheelchair": null, "description": null, "leisure": null, "sport": null, "nohousenumber": null, "roof:shape": null, "air_conditioning": null, "building:levels": null, "diet:vegan": null, "diet:vegetarian": null, "payment:credit_cards": null, "payment:debit_cards": null, "phone": null, "roof:levels": null, "check_date": null, "email": null, "mobile": null, "shop": null, "denomination": null, "operator": null, "roof:colour": null, "capacity": null, "building:colour": null, "note": null, "source": null, "house": null, "roof:orientation": null, "layer": null, "compressed_air": null, "not:brand:wikidata": null, "religion": null, "contact:phone": null, "contact:website": null, "name:de": null, "name:en": null, "smoking": null, "name:signed": null, "tourism": null, "community_centre:for": null, "toilets:wheelchair": null, "url": null, "alt_name": null, "operator:wikidata": null, "power": null, "ref": null, "substation": null, "type": null }, "geometry": { "type": "Polygon", "coordinates": [ [ [ 10.8921974, 49.5710122 ], [ 10.8923232, 49.5710161 ], [ 10.8923307, 49.570915 ], [ 10.892205, 49.570911 ], [ 10.8921974, 49.5710122 ] ] ] } },
{ "type": "Feature", "properties": { "element": "way", "id": 48801713, "addr:city": "Herzogenaurach", "addr:country": "DE", "addr:housenumber": "23", "addr:postcode": "91074", "addr:street": "Karl-Bröger-Straße", "building": "residential", "amenity": null, "check_date:opening_hours": null, "cuisine": null, "indoor_seating": null, "name": null, "opening_hours": null, "outdoor_seating": null, "website": null, "wheelchair": null, "description": null, "leisure": null, "sport": null, "nohousenumber": null, "roof:shape": null, "air_conditioning": null, "building:levels": "2", "diet:vegan": null, "diet:vegetarian": null, "payment:credit_cards": null, "payment:debit_cards": null, "phone": null, "roof:levels": "1", "check_date": null, "email": null, "mobile": null, "shop": null, "denomination": null, "operator": null, "roof:colour": null, "capacity": null, "building:colour": null, "note": null, "source": null, "house": null, "roof:orientation": null, "layer": null, "compressed_air": null, "not:brand:wikidata": null, "religion": null, "contact:phone": null, "contact:website": null, "name:de": null, "name:en": null, "smoking": null, "name:signed": null, "tourism": null, "community_centre:for": null, "toilets:wheelchair": null, "url": null, "alt_name": null, "operator:wikidata": null, "power": null, "ref": null, "substation": null, "type": null }, "geometry": { "type": "Polygon", "coordinates": [ [ [ 10.8925359, 49.5709595 ], [ 10.8926785, 49.5709637 ], [ 10.8926863, 49.5708498 ], [ 10.8925437, 49.5708457 ], [ 10.8925359, 49.5709595 ] ] ] } },
{ "type": "Feature", "properties": { "element": "way", "id": 48801714, "addr:city": "Herzogenaurach", "addr:country": "DE", "addr:housenumber": "11", "addr:postcode": "91074", "addr:street": "Karl-Bröger-Straße", "building": "residential", "amenity": null, "check_date:opening_hours": null, "cuisine": null, "indoor_seating": null, "name": null, "opening_hours": null, "outdoor_seating": null, "website": null, "wheelchair": null, "description": null, "leisure": null, "sport": null, "nohousenumber": null, "roof:shape": "gabled", "air_conditioning": null, "building:levels": "2", "diet:vegan": null, "diet:vegetarian": null, "payment:credit_cards": null, "payment:debit_cards": null, "phone": null, "roof:levels": "1", "check_date": null, "email": null, "mobile": null, "shop": null, "denomination": null, "operator": null, "roof:colour": null, "capacity": null, "building:colour": null, "note": null, "source": null, "house": null, "roof:orientation": null, "layer": null, "compressed_air": null, "not:brand:wikidata": null, "religion": null, "contact:phone": null, "contact:website": null, "name:de": null, "name:en": null, "smoking": null, "name:signed": null, "tourism": null, "community_centre:for": null, "toilets:wheelchair": null, "url": null, "alt_name": null, "operator:wikidata": null, "power": null, "ref": null, "substation": null, "type": null }, "geometry": { "type": "Polygon", "coordinates": [ [ [ 10.8918594, 49.5707224 ], [ 10.8919988, 49.5707307 ], [ 10.8920149, 49.5706166 ], [ 10.8918756, 49.5706083 ], [ 10.8918594, 49.5707224 ] ] ] } },
{ "type": "Feature", "properties": { "element": "way", "id": 48801715, "addr:city": "Herzogenaurach", "addr:country": "DE", "addr:housenumber": "44", "addr:postcode": "91074", "addr:street": "Zum Flughafen", "building": "yes", "amenity": null, "check_date:opening_hours": null, "cuisine": null, "indoor_seating": null, "name": null, "opening_hours": null, "outdoor_seating": null, "website": null, "wheelchair": null, "description": null, "leisure": null, "sport": null, "nohousenumber": null, "roof:shape": null, "air_conditioning": null, "building:levels": null, "diet:vegan": null, "diet:vegetarian": null, "payment:credit_cards": null, "payment:debit_cards": null, "phone": null, "roof:levels": null, "check_date": null, "email": null, "mobile": null, "shop": null, "denomination": null, "operator": null, "roof:colour": null, "capacity": null, "building:colour": null, "note": null, "source": null, "house": null, "roof:orientation": null, "layer": null, "compressed_air": null, "not:brand:wikidata": null, "religion": null, "contact:phone": null, "contact:website": null, "name:de": null, "name:en": null, "smoking": null, "name:signed": null, "tourism": null, "community_centre:for": null, "toilets:wheelchair": null, "url": null, "alt_name": null, "operator:wikidata": null, "power": null, "ref": null, "substation": null, "type": null }, "geometry": { "type": "Polygon", "coordinates": [ [ [ 10.8918627, 49.571467 ], [ 10.8919759, 49.5715043 ], [ 10.8920454, 49.5714155 ], [ 10.8919323, 49.5713782 ], [ 10.8918627, 49.571467 ] ] ] } },
{ "type": "Feature", "properties": { "element": "way", "id": 48801716, "addr:city": "Herzogenaurach", "addr:country": "DE", "addr:housenumber": "38", "addr:postcode": "91074", "addr:street": "Zum Flughafen", "building": "yes", "amenity": null, "check_date:opening_hours": null, "cuisine": null, "indoor_seating": null, "name": null, "opening_hours": null, "outdoor_seating": null, "website": null, "wheelchair": null, "description": null, "leisure": null, "sport": null, "nohousenumber": null, "roof:shape": "gabled", "air_conditioning": null, "building:levels": null, "diet:vegan": null, "diet:vegetarian": null, "payment:credit_cards": null, "payment:debit_cards": null, "phone": null, "roof:levels": null, "check_date": null, "email": null, "mobile": null, "shop": null, "denomination": null, "operator": null, "roof:colour": null, "capacity": null, "building:colour": null, "note": null, "source": null, "house": null, "roof:orientation": null, "layer": null, "compressed_air": null, "not:brand:wikidata": null, "religion": null, "contact:phone": null, "contact:website": null, "name:de": null, "name:en": null, "smoking": null, "name:signed": null, "tourism": null, "community_centre:for": null, "toilets:wheelchair": null, "url": null, "alt_name": null, "operator:wikidata": null, "power": null, "ref": null, "substation": null, "type": null }, "geometry": { "type": "Polygon", "coordinates": [ [ [ 10.8914929, 49.5712078 ], [ 10.8916227, 49.571231 ], [ 10.8916615, 49.57114 ], [ 10.8915317, 49.5711167 ], [ 10.8914929, 49.5712078 ] ] ] } },
{ "type": "Feature", "properties": { "element": "way", "id": 48801717, "addr:city": "Herzogenaurach", "addr:country": "DE", "addr:housenumber": "17", "addr:postcode": "91074", "addr:street": "Karl-Bröger-Straße", "building": "residential", "amenity": null, "check_date:opening_hours": null, "cuisine": null, "indoor_seating": null, "name": null, "opening_hours": null, "outdoor_seating": null, "website": null, "wheelchair": null, "description": null, "leisure": null, "sport": null, "nohousenumber": null, "roof:shape": null, "air_conditioning": null, "building:levels": null, "diet:vegan": null, "diet:vegetarian": null, "payment:credit_cards": null, "payment:debit_cards": null, "phone": null, "roof:levels": null, "check_date": null, "email": null, "mobile": null, "shop": null, "denomination": null, "operator": null, "roof:colour": null, "capacity": null, "building:colour": null, "note": null, "source": null, "house": null, "roof:orientation": null, "layer": null, "compressed_air": null, "not:brand:wikidata": null, "religion": null, "contact:phone": null, "contact:website": null, "name:de": null, "name:en": null, "smoking": null, "name:signed": null, "tourism": null, "community_centre:for": null, "toilets:wheelchair": null, "url": null, "alt_name": null, "operator:wikidata": null, "power": null, "ref": null, "substation": null, "type": null }, "geometry": { "type": "Polygon", "coordinates": [ [ [ 10.8921417, 49.5712121 ], [ 10.8923116, 49.571217 ], [ 10.89232, 49.5710955 ], [ 10.8921501, 49.5710906 ], [ 10.8921417, 49.5712121 ] ] ] } },
{ "type": "Feature", "properties": { "element": "way", "id": 48801733, "addr:city": "Herzogenaurach", "addr:country": "DE", "addr:housenumber": "20", "addr:postcode": "91074", "addr:street": "Karl-Bröger-Straße", "building": "residential", "amenity": null, "check_date:opening_hours": null, "cuisine": null, "indoor_seating": null, "name": null, "opening_hours": null, "outdoor_seating": null, "website": null, "wheelchair": null, "description": null, "leisure": null, "sport": null, "nohousenumber": null, "roof:shape": "gabled", "air_conditioning": null, "building:levels": "1", "diet:vegan": null, "diet:vegetarian": null, "payment:credit_cards": null, "payment:debit_cards": null, "phone": null, "roof:levels": "1", "check_date": null, "email": null, "mobile": null, "shop": null, "denomination": null, "operator": null, "roof:colour": null, "capacity": null, "building:colour": null, "note": null, "source": null, "house": null, "roof:orientation": null, "layer": null, "compressed_air": null, "not:brand:wikidata": null, "religion": null, "contact:phone": null, "contact:website": null, "name:de": null, "name:en": null, "smoking": null, "name:signed": null, "tourism": null, "community_centre:for": null, "toilets:wheelchair": null, "url": null, "alt_name": null, "operator:wikidata": null, "power": null, "ref": null, "substation": null, "type": null }, "geometry": { "type": "Polygon", "coordinates": [ [ [ 10.8928973, 49.5705171 ], [ 10.8928507, 49.5706149 ], [ 10.8930375, 49.5706523 ], [ 10.893084, 49.5705545 ], [ 10.8928973, 49.5705171 ] ] ] } },
{ "type": "Feature", "properties": { "element": "way", "id": 56211892, "addr:city": null, "addr:country": null, "addr:housenumber": null, "addr:postcode": null, "addr:street": null, "building": "yes", "amenity": null, "check_date:opening_hours": null, "cuisine": null, "indoor_seating": null, "name": null, "opening_hours": null, "outdoor_seating": null, "website": null, "wheelchair": null, "description": null, "leisure": null, "sport": null, "nohousenumber": null, "roof:shape": null, "air_conditioning": null, "building:levels": null, "diet:vegan": null, "diet:vegetarian": null, "payment:credit_cards": null, "payment:debit_cards": null, "phone": null, "roof:levels": null, "check_date": null, "email": null, "mobile": null, "shop": null, "denomination": null, "operator": null, "roof:colour": null, "capacity": null, "building:colour": null, "note": null, "source": null, "house": null, "roof:orientation": null, "layer": null, "compressed_air": null, "not:brand:wikidata": null, "religion": null, "contact:phone": null, "contact:website": null, "name:de": null, "name:en": null, "smoking": null, "name:signed": null, "tourism": null, "community_centre:for": null, "toilets:wheelchair": null, "url": null, "alt_name": null, "operator:wikidata": null, "power": null, "ref": null, "substation": null, "type": null }, "geometry": { "type": "Polygon", "coordinates": [ [ [ 10.8846029, 49.5683714 ], [ 10.884654, 49.5683526 ], [ 10.8847014, 49.5683352 ], [ 10.8846009, 49.5682203 ], [ 10.8845024, 49.5682565 ], [ 10.8846029, 49.5683714 ] ] ] } },
{ "type": "Feature", "properties": { "element": "way", "id": 56211936, "addr:city": "Herzogenaurach", "addr:country": null, "addr:housenumber": "1", "addr:postcode": "91074", "addr:street": "Zum Flughafen", "building": "yes", "amenity": null, "check_date:opening_hours": null, "cuisine": null, "indoor_seating": null, "name": null, "opening_hours": null, "outdoor_seating": null, "website": null, "wheelchair": null, "description": null, "leisure": null, "sport": null, "nohousenumber": null, "roof:shape": null, "air_conditioning": null, "building:levels": null, "diet:vegan": null, "diet:vegetarian": null, "payment:credit_cards": null, "payment:debit_cards": null, "phone": null, "roof:levels": null, "check_date": null, "email": null, "mobile": null, "shop": null, "denomination": null, "operator": null, "roof:colour": null, "capacity": null, "building:colour": null, "note": null, "source": null, "house": null, "roof:orientation": null, "layer": null, "compressed_air": null, "not:brand:wikidata": null, "religion": null, "contact:phone": null, "contact:website": null, "name:de": null, "name:en": null, "smoking": null, "name:signed": null, "tourism": null, "community_centre:for": null, "toilets:wheelchair": null, "url": null, "alt_name": null, "operator:wikidata": null, "power": null, "ref": null, "substation": null, "type": null }, "geometry": { "type": "Polygon", "coordinates": [ [ [ 10.8845562, 49.568531 ], [ 10.8846676, 49.5685187 ], [ 10.884756, 49.568509 ], [ 10.884718, 49.5683636 ], [ 10.8845182, 49.5683856 ], [ 10.8845562, 49.568531 ] ] ] } },
{ "type": "Feature", "properties": { "element": "way", "id": 58811873, "addr:city": null, "addr:country": null, "addr:housenumber": null, "addr:postcode": null, "addr:street": null, "building": "yes", "amenity": null, "check_date:opening_hours": null, "cuisine": null, "indoor_seating": null, "name": null, "opening_hours": null, "outdoor_seating": null, "website": null, "wheelchair": null, "description": null, "leisure": null, "sport": null, "nohousenumber": null, "roof:shape": null, "air_conditioning": null, "building:levels": null, "diet:vegan": null, "diet:vegetarian": null, "payment:credit_cards": null, "payment:debit_cards": null, "phone": null, "roof:levels": null, "check_date": null, "email": null, "mobile": null, "shop": null, "denomination": null, "operator": null, "roof:colour": null, "capacity": null, "building:colour": null, "note": null, "source": null, "house": null, "roof:orientation": null, "layer": null, "compressed_air": null, "not:brand:wikidata": null, "religion": null, "contact:phone": null, "contact:website": null, "name:de": null, "name:en": null, "smoking": null, "name:signed": null, "tourism": null, "community_centre:for": null, "toilets:wheelchair": null, "url": null, "alt_name": null, "operator:wikidata": null, "power": null, "ref": null, "substation": null, "type": null }, "geometry": { "type": "Polygon", "coordinates": [ [ [ 10.8848847, 49.570032 ], [ 10.8849703, 49.5701369 ], [ 10.8850797, 49.5700994 ], [ 10.8851817, 49.5700644 ], [ 10.8850961, 49.5699595 ], [ 10.8848847, 49.570032 ] ] ] } },
{ "type": "Feature", "properties": { "element": "way", "id": 58811884, "addr:city": null, "addr:country": null, "addr:housenumber": null, "addr:postcode": null, "addr:street": null, "building": "detached", "amenity": null, "check_date:opening_hours": null, "cuisine": null, "indoor_seating": null, "name": null, "opening_hours": null, "outdoor_seating": null, "website": null, "wheelchair": null, "description": null, "leisure": null, "sport": null, "nohousenumber": null, "roof:shape": "gabled", "air_conditioning": null, "building:levels": "2", "diet:vegan": null, "diet:vegetarian": null, "payment:credit_cards": null, "payment:debit_cards": null, "phone": null, "roof:levels": "2", "check_date": null, "email": null, "mobile": null, "shop": null, "denomination": null, "operator": null, "roof:colour": null, "capacity": null, "building:colour": null, "note": null, "source": null, "house": null, "roof:orientation": null, "layer": null, "compressed_air": null, "not:brand:wikidata": null, "religion": null, "contact:phone": null, "contact:website": null, "name:de": null, "name:en": null, "smoking": null, "name:signed": null, "tourism": null, "community_centre:for": null, "toilets:wheelchair": null, "url": null, "alt_name": null, "operator:wikidata": null, "power": null, "ref": null, "substation": null, "type": null }, "geometry": { "type": "Polygon", "coordinates": [ [ [ 10.8849289, 49.5703873 ], [ 10.8850181, 49.5704952 ], [ 10.8850815, 49.5704731 ], [ 10.8851559, 49.5704473 ], [ 10.885107, 49.5703881 ], [ 10.885085, 49.5703958 ], [ 10.8850447, 49.570347 ], [ 10.8849289, 49.5703873 ] ] ] } },
{ "type": "Feature", "properties": { "element": "way", "id": 58811897, "addr:city": null, "addr:country": null, "addr:housenumber": null, "addr:postcode": null, "addr:street": null, "building": "apartments", "amenity": null, "check_date:opening_hours": null, "cuisine": null, "indoor_seating": null, "name": null, "opening_hours": null, "outdoor_seating": null, "website": null, "wheelchair": null, "description": null, "leisure": null, "sport": null, "nohousenumber": null, "roof:shape": null, "air_conditioning": null, "building:levels": null, "diet:vegan": null, "diet:vegetarian": null, "payment:credit_cards": null, "payment:debit_cards": null, "phone": null, "roof:levels": null, "check_date": null, "email": null, "mobile": null, "shop": null, "denomination": null, "operator": null, "roof:colour": null, "capacity": null, "building:colour": null, "note": null, "source": null, "house": null, "roof:orientation": null, "layer": null, "compressed_air": null, "not:brand:wikidata": null, "religion": null, "contact:phone": null, "contact:website": null, "name:de": null, "name:en": null, "smoking": null, "name:signed": null, "tourism": null, "community_centre:for": null, "toilets:wheelchair": null, "url": null, "alt_name": null, "operator:wikidata": null, "power": null, "ref": null, "substation": null, "type": null }, "geometry": { "type": "Polygon", "coordinates": [ [ [ 10.8846016, 49.5706206 ], [ 10.8846683, 49.5706905 ], [ 10.8847271, 49.5706669 ], [ 10.8847987, 49.5706382 ], [ 10.8847657, 49.5706036 ], [ 10.884732, 49.5705683 ], [ 10.8846016, 49.5706206 ] ] ] } },
{ "type": "Feature", "properties": { "element": "way", "id": 58811901, "addr:city": null, "addr:country": null, "addr:housenumber": null, "addr:postcode": null, "addr:street": null, "building": "yes", "amenity": null, "check_date:opening_hours": null, "cuisine": null, "indoor_seating": null, "name": null, "opening_hours": null, "outdoor_seating": null, "website": null, "wheelchair": null, "description": null, "leisure": null, "sport": null, "nohousenumber": null, "roof:shape": null, "air_conditioning": null, "building:levels": null, "diet:vegan": null, "diet:vegetarian": null, "payment:credit_cards": null, "payment:debit_cards": null, "phone": null, "roof:levels": null, "check_date": null, "email": null, "mobile": null, "shop": null, "denomination": null, "operator": null, "roof:colour": null, "capacity": null, "building:colour": null, "note": null, "source": null, "house": null, "roof:orientation": null, "layer": null, "compressed_air": null, "not:brand:wikidata": null, "religion": null, "contact:phone": null, "contact:website": null, "name:de": null, "name:en": null, "smoking": null, "name:signed": null, "tourism": null, "community_centre:for": null, "toilets:wheelchair": null, "url": null, "alt_name": null, "operator:wikidata": null, "power": null, "ref": null, "substation": null, "type": null }, "geometry": { "type": "Polygon", "coordinates": [ [ [ 10.8849772, 49.5697923 ], [ 10.8850547, 49.5698547 ], [ 10.8850944, 49.5698337 ], [ 10.8851375, 49.569811 ], [ 10.8851842, 49.5697863 ], [ 10.8852319, 49.5697622 ], [ 10.8852929, 49.5697303 ], [ 10.8852155, 49.5696679 ], [ 10.8849772, 49.5697923 ] ] ] } },
{ "type": "Feature", "properties": { "element": "way", "id": 58811906, "addr:city": null, "addr:country": null, "addr:housenumber": null, "addr:postcode": null, "addr:street": null, "building": "detached", "amenity": null, "check_date:opening_hours": null, "cuisine": null, "indoor_seating": null, "name": null, "opening_hours": null, "outdoor_seating": null, "website": null, "wheelchair": null, "description": null, "leisure": null, "sport": null, "nohousenumber": null, "roof:shape": "gabled", "air_conditioning": null, "building:levels": "1", "diet:vegan": null, "diet:vegetarian": null, "payment:credit_cards": null, "payment:debit_cards": null, "phone": null, "roof:levels": "2", "check_date": null, "email": null, "mobile": null, "shop": null, "denomination": null, "operator": null, "roof:colour": null, "capacity": null, "building:colour": null, "note": null, "source": null, "house": null, "roof:orientation": null, "layer": null, "compressed_air": null, "not:brand:wikidata": null, "religion": null, "contact:phone": null, "contact:website": null, "name:de": null, "name:en": null, "smoking": null, "name:signed": null, "tourism": null, "community_centre:for": null, "toilets:wheelchair": null, "url": null, "alt_name": null, "operator:wikidata": null, "power": null, "ref": null, "substation": null, "type": null }, "geometry": { "type": "Polygon", "coordinates": [ [ [ 10.885087, 49.5705912 ], [ 10.8851448, 49.570661 ], [ 10.8852006, 49.5706416 ], [ 10.8852591, 49.5706212 ], [ 10.8852013, 49.5705514 ], [ 10.885087, 49.5705912 ] ] ] } },
{ "type": "Feature", "properties": { "element": "way", "id": 58811912, "addr:city": null, "addr:country": null, "addr:housenumber": null, "addr:postcode": null, "addr:street": null, "building": "apartments", "amenity": null, "check_date:opening_hours": null, "cuisine": null, "indoor_seating": null, "name": null, "opening_hours": null, "outdoor_seating": null, "website": null, "wheelchair": null, "description": null, "leisure": null, "sport": null, "nohousenumber": null, "roof:shape": null, "air_conditioning": null, "building:levels": null, "diet:vegan": null, "diet:vegetarian": null, "payment:credit_cards": null, "payment:debit_cards": null, "phone": null, "roof:levels": null, "check_date": null, "email": null, "mobile": null, "shop": null, "denomination": null, "operator": null, "roof:colour": null, "capacity": null, "building:colour": null, "note": null, "source": null, "house": null, "roof:orientation": null, "layer": null, "compressed_air": null, "not:brand:wikidata": null, "religion": null, "contact:phone": null, "contact:website": null, "name:de": null, "name:en": null, "smoking": null, "name:signed": null, "tourism": null, "community_centre:for": null, "toilets:wheelchair": null, "url": null, "alt_name": null, "operator:wikidata": null, "power": null, "ref": null, "substation": null, "type": null }, "geometry": { "type": "Polygon", "coordinates": [ [ [ 10.8847395, 49.5707123 ], [ 10.8848091, 49.5707891 ], [ 10.8849032, 49.5707532 ], [ 10.8850163, 49.5707101 ], [ 10.8849467, 49.5706333 ], [ 10.8847395, 49.5707123 ] ] ] } },
{ "type": "Feature", "properties": { "element": "way", "id": 58811920, "addr:city": "Herzogenaurach", "addr:country": "DE", "addr:housenumber": "1", "addr:postcode": "91074", "addr:street": "Am Hallertürlein", "building": "yes", "amenity": null, "check_date:opening_hours": null, "cuisine": null, "indoor_seating": null, "name": null, "opening_hours": null, "outdoor_seating": null, "website": null, "wheelchair": null, "description": null, "leisure": null, "sport": null, "nohousenumber": null, "roof:shape": null, "air_conditioning": null, "building:levels": null, "diet:vegan": null, "diet:vegetarian": null, "payment:credit_cards": null, "payment:debit_cards": null, "phone": null, "roof:levels": null, "check_date": null, "email": null, "mobile": null, "shop": null, "denomination": null, "operator": null, "roof:colour": null, "capacity": null, "building:colour": null, "note": null, "source": null, "house": null, "roof:orientation": null, "layer": null, "compressed_air": null, "not:brand:wikidata": null, "religion": null, "contact:phone": null, "contact:website": null, "name:de": null, "name:en": null, "smoking": null, "name:signed": null, "tourism": null, "community_centre:for": null, "toilets:wheelchair": null, "url": null, "alt_name": null, "operator:wikidata": null, "power": null, "ref": null, "substation": null, "type": null }, "geometry": { "type": "Polygon", "coordinates": [ [ [ 10.8847036, 49.5696561 ], [ 10.8847982, 49.5696146 ], [ 10.8848702, 49.5696856 ], [ 10.8849286, 49.5697432 ], [ 10.8848422, 49.5697829 ], [ 10.8847036, 49.5696561 ] ] ] } },
{ "type": "Feature", "properties": { "element": "way", "id": 58811925, "addr:city": null, "addr:country": null, "addr:housenumber": null, "addr:postcode": null, "addr:street": null, "building": "semidetached_house", "amenity": null, "check_date:opening_hours": null, "cuisine": null, "indoor_seating": null, "name": null, "opening_hours": null, "outdoor_seating": null, "website": null, "wheelchair": null, "description": null, "leisure": null, "sport": null, "nohousenumber": null, "roof:shape": null, "air_conditioning": null, "building:levels": null, "diet:vegan": null, "diet:vegetarian": null, "payment:credit_cards": null, "payment:debit_cards": null, "phone": null, "roof:levels": null, "check_date": null, "email": null, "mobile": null, "shop": null, "denomination": null, "operator": null, "roof:colour": null, "capacity": null, "building:colour": null, "note": null, "source": null, "house": null, "roof:orientation": null, "layer": null, "compressed_air": null, "not:brand:wikidata": null, "religion": null, "contact:phone": null, "contact:website": null, "name:de": null, "name:en": null, "smoking": null, "name:signed": null, "tourism": null, "community_centre:for": null, "toilets:wheelchair": null, "url": null, "alt_name": null, "operator:wikidata": null, "power": null, "ref": null, "substation": null, "type": null }, "geometry": { "type": "Polygon", "coordinates": [ [ [ 10.8844062, 49.5701341 ], [ 10.8845192, 49.5701846 ], [ 10.8845661, 49.5702055 ], [ 10.8846464, 49.5701297 ], [ 10.8844866, 49.5700584 ], [ 10.884445, 49.5700976 ], [ 10.8844062, 49.5701341 ] ] ] } },
{ "type": "Feature", "properties": { "element": "way", "id": 58811927, "addr:city": null, "addr:country": null, "addr:housenumber": null, "addr:postcode": null, "addr:street": null, "building": "house", "amenity": null, "check_date:opening_hours": null, "cuisine": null, "indoor_seating": null, "name": null, "opening_hours": null, "outdoor_seating": null, "website": null, "wheelchair": null, "description": null, "leisure": null, "sport": null, "nohousenumber": null, "roof:shape": null, "air_conditioning": null, "building:levels": null, "diet:vegan": null, "diet:vegetarian": null, "payment:credit_cards": null, "payment:debit_cards": null, "phone": null, "roof:levels": null, "check_date": null, "email": null, "mobile": null, "shop": null, "denomination": null, "operator": null, "roof:colour": null, "capacity": null, "building:colour": null, "note": null, "source": null, "house": null, "roof:orientation": null, "layer": null, "compressed_air": null, "not:brand:wikidata": null, "religion": null, "contact:phone": null, "contact:website": null, "name:de": null, "name:en": null, "smoking": null, "name:signed": null, "tourism": null, "community_centre:for": null, "toilets:wheelchair": null, "url": null, "alt_name": null, "operator:wikidata": null, "power": null, "ref": null, "substation": null, "type": null }, "geometry": { "type": "Polygon", "coordinates": [ [ [ 10.8844439, 49.5696239 ], [ 10.884397, 49.5697247 ], [ 10.8845091, 49.5697466 ], [ 10.884556, 49.5696458 ], [ 10.8845012, 49.5696351 ], [ 10.8844439, 49.5696239 ] ] ] } },
{ "type": "Feature", "properties": { "element": "way", "id": 58811943, "addr:city": null, "addr:country": null, "addr:housenumber": null, "addr:postcode": null, "addr:street": null, "building": "yes", "amenity": null, "check_date:opening_hours": null, "cuisine": null, "indoor_seating": null, "name": null, "opening_hours": null, "outdoor_seating": null, "website": null, "wheelchair": null, "description": null, "leisure": null, "sport": null, "nohousenumber": null, "roof:shape": null, "air_conditioning": null, "building:levels": null, "diet:vegan": null, "diet:vegetarian": null, "payment:credit_cards": null, "payment:debit_cards": null, "phone": null, "roof:levels": null, "check_date": null, "email": null, "mobile": null, "shop": null, "denomination": null, "operator": null, "roof:colour": null, "capacity": null, "building:colour": null, "note": null, "source": null, "house": null, "roof:orientation": null, "layer": null, "compressed_air": null, "not:brand:wikidata": null, "religion": null, "contact:phone": null, "contact:website": null, "name:de": null, "name:en": null, "smoking": null, "name:signed": null, "tourism": null, "community_centre:for": null, "toilets:wheelchair": null, "url": null, "alt_name": null, "operator:wikidata": null, "power": null, "ref": null, "substation": null, "type": null }, "geometry": { "type": "Polygon", "coordinates": [ [ [ 10.8850731, 49.5701648 ], [ 10.8851829, 49.5701236 ], [ 10.8852251, 49.5701709 ], [ 10.8852899, 49.5702436 ], [ 10.8852118, 49.5702729 ], [ 10.8851555, 49.570294 ], [ 10.8850761, 49.5702051 ], [ 10.8851008, 49.5701958 ], [ 10.8850731, 49.5701648 ] ] ] } },
{ "type": "Feature", "properties": { "element": "way", "id": 58811947, "addr:city": null, "addr:country": null, "addr:housenumber": null, "addr:postcode": null, "addr:street": null, "building": "carport", "amenity": null, "check_date:opening_hours": null, "cuisine": null, "indoor_seating": null, "name": null, "opening_hours": null, "outdoor_seating": null, "website": null, "wheelchair": null, "description": null, "leisure": null, "sport": null, "nohousenumber": null, "roof:shape": null, "air_conditioning": null, "building:levels": null, "diet:vegan": null, "diet:vegetarian": null, "payment:credit_cards": null, "payment:debit_cards": null, "phone": null, "roof:levels": null, "check_date": null, "email": null, "mobile": null, "shop": null, "denomination": null, "operator": null, "roof:colour": null, "capacity": "9", "building:colour": null, "note": null, "source": null, "house": null, "roof:orientation": null, "layer": null, "compressed_air": null, "not:brand:wikidata": null, "religion": null, "contact:phone": null, "contact:website": null, "name:de": null, "name:en": null, "smoking": null, "name:signed": null, "tourism": null, "community_centre:for": null, "toilets:wheelchair": null, "url": null, "alt_name": null, "operator:wikidata": null, "power": null, "ref": null, "substation": null, "type": null }, "geometry": { "type": "Polygon", "coordinates": [ [ [ 10.8846895, 49.5693892 ], [ 10.8848087, 49.5693916 ], [ 10.8847982, 49.5696146 ], [ 10.884679, 49.5696122 ], [ 10.8846895, 49.5693892 ] ] ] } },
{ "type": "Feature", "properties": { "element": "way", "id": 58811955, "addr:city": null, "addr:country": null, "addr:housenumber": null, "addr:postcode": null, "addr:street": null, "building": "apartments", "amenity": null, "check_date:opening_hours": null, "cuisine": null, "indoor_seating": null, "name": null, "opening_hours": null, "outdoor_seating": null, "website": null, "wheelchair": null, "description": null, "leisure": null, "sport": null, "nohousenumber": null, "roof:shape": null, "air_conditioning": null, "building:levels": null, "diet:vegan": null, "diet:vegetarian": null, "payment:credit_cards": null, "payment:debit_cards": null, "phone": null, "roof:levels": null, "check_date": null, "email": null, "mobile": null, "shop": null, "denomination": null, "operator": null, "roof:colour": null, "capacity": null, "building:colour": null, "note": null, "source": null, "house": null, "roof:orientation": null, "layer": null, "compressed_air": null, "not:brand:wikidata": null, "religion": null, "contact:phone": null, "contact:website": null, "name:de": null, "name:en": null, "smoking": null, "name:signed": null, "tourism": null, "community_centre:for": null, "toilets:wheelchair": null, "url": null, "alt_name": null, "operator:wikidata": null, "power": null, "ref": null, "substation": null, "type": null }, "geometry": { "type": "Polygon", "coordinates": [ [ [ 10.884697, 49.5705315 ], [ 10.884732, 49.5705683 ], [ 10.8847657, 49.5706036 ], [ 10.8848196, 49.570582 ], [ 10.8848783, 49.5705584 ], [ 10.8848096, 49.5704863 ], [ 10.884697, 49.5705315 ] ] ] } },
{ "type": "Feature", "properties": { "element": "way", "id": 58811958, "addr:city": "Herzogenaurach", "addr:country": "DE", "addr:housenumber": "3", "addr:postcode": "91074", "addr:street": "Zum Flughafen", "building": "apartments", "amenity": null, "check_date:opening_hours": null, "cuisine": null, "indoor_seating": null, "name": null, "opening_hours": null, "outdoor_seating": null, "website": null, "wheelchair": null, "description": null, "leisure": null, "sport": null, "nohousenumber": null, "roof:shape": "gabled", "air_conditioning": null, "building:levels": "2", "diet:vegan": null, "diet:vegetarian": null, "payment:credit_cards": null, "payment:debit_cards": null, "phone": null, "roof:levels": "1", "check_date": null, "email": null, "mobile": null, "shop": null, "denomination": null, "operator": null, "roof:colour": null, "capacity": null, "building:colour": null, "note": null, "source": null, "house": null, "roof:orientation": null, "layer": null, "compressed_air": null, "not:brand:wikidata": null, "religion": null, "contact:phone": null, "contact:website": null, "name:de": null, "name:en": null, "smoking": null, "name:signed": null, "tourism": null, "community_centre:for": null, "toilets:wheelchair": null, "url": null, "alt_name": null, "operator:wikidata": null, "power": null, "ref": null, "substation": null, "type": null }, "geometry": { "type": "Polygon", "coordinates": [ [ [ 10.8848216, 49.5693038 ], [ 10.8849961, 49.5694148 ], [ 10.8851151, 49.5693362 ], [ 10.8850606, 49.5693023 ], [ 10.8849806, 49.5692509 ], [ 10.8849405, 49.5692251 ], [ 10.8848216, 49.5693038 ] ] ] } },
{ "type": "Feature", "properties": { "element": "way", "id": 58811963, "addr:city": null, "addr:country": null, "addr:housenumber": null, "addr:postcode": null, "addr:street": null, "building": "yes", "amenity": null, "check_date:opening_hours": null, "cuisine": null, "indoor_seating": null, "name": null, "opening_hours": null, "outdoor_seating": null, "website": null, "wheelchair": null, "description": null, "leisure": null, "sport": null, "nohousenumber": null, "roof:shape": null, "air_conditioning": null, "building:levels": null, "diet:vegan": null, "diet:vegetarian": null, "payment:credit_cards": null, "payment:debit_cards": null, "phone": null, "roof:levels": null, "check_date": null, "email": null, "mobile": null, "shop": null, "denomination": null, "operator": null, "roof:colour": null, "capacity": null, "building:colour": null, "note": null, "source": null, "house": null, "roof:orientation": null, "layer": null, "compressed_air": null, "not:brand:wikidata": null, "religion": null, "contact:phone": null, "contact:website": null, "name:de": null, "name:en": null, "smoking": null, "name:signed": null, "tourism": null, "community_centre:for": null, "toilets:wheelchair": null, "url": null, "alt_name": null, "operator:wikidata": null, "power": null, "ref": null, "substation": null, "type": null }, "geometry": { "type": "Polygon", "coordinates": [ [ [ 10.8852008, 49.5707317 ], [ 10.8852713, 49.5708103 ], [ 10.8853278, 49.570789 ], [ 10.8853726, 49.5707721 ], [ 10.8854057, 49.5708089 ], [ 10.8854877, 49.570778 ], [ 10.8853841, 49.5706625 ], [ 10.8852008, 49.5707317 ] ] ] } },
{ "type": "Feature", "properties": { "element": "way", "id": 58811970, "addr:city": null, "addr:country": null, "addr:housenumber": null, "addr:postcode": null, "addr:street": null, "building": "yes", "amenity": null, "check_date:opening_hours": null, "cuisine": null, "indoor_seating": null, "name": null, "opening_hours": null, "outdoor_seating": null, "website": null, "wheelchair": null, "description": null, "leisure": null, "sport": null, "nohousenumber": null, "roof:shape": null, "air_conditioning": null, "building:levels": null, "diet:vegan": null, "diet:vegetarian": null, "payment:credit_cards": null, "payment:debit_cards": null, "phone": null, "roof:levels": null, "check_date": null, "email": null, "mobile": null, "shop": null, "denomination": null, "operator": null, "roof:colour": null, "capacity": null, "building:colour": null, "note": null, "source": null, "house": null, "roof:orientation": null, "layer": null, "compressed_air": null, "not:brand:wikidata": null, "religion": null, "contact:phone": null, "contact:website": null, "name:de": null, "name:en": null, "smoking": null, "name:signed": null, "tourism": null, "community_centre:for": null, "toilets:wheelchair": null, "url": null, "alt_name": null, "operator:wikidata": null, "power": null, "ref": null, "substation": null, "type": null }, "geometry": { "type": "Polygon", "coordinates": [ [ [ 10.8848802, 49.5708624 ], [ 10.8849414, 49.5709296 ], [ 10.8850451, 49.5708899 ], [ 10.8851382, 49.5708543 ], [ 10.8850769, 49.5707871 ], [ 10.8848802, 49.5708624 ] ] ] } },
{ "type": "Feature", "properties": { "element": "way", "id": 58811971, "addr:city": null, "addr:country": null, "addr:housenumber": null, "addr:postcode": null, "addr:street": null, "building": "yes", "amenity": null, "check_date:opening_hours": null, "cuisine": null, "indoor_seating": null, "name": null, "opening_hours": null, "outdoor_seating": null, "website": null, "wheelchair": null, "description": null, "leisure": null, "sport": null, "nohousenumber": null, "roof:shape": null, "air_conditioning": null, "building:levels": null, "diet:vegan": null, "diet:vegetarian": null, "payment:credit_cards": null, "payment:debit_cards": null, "phone": null, "roof:levels": null, "check_date": null, "email": null, "mobile": null, "shop": null, "denomination": null, "operator": null, "roof:colour": null, "capacity": null, "building:colour": null, "note": null, "source": null, "house": null, "roof:orientation": null, "layer": null, "compressed_air": null, "not:brand:wikidata": null, "religion": null, "contact:phone": null, "contact:website": null, "name:de": null, "name:en": null, "smoking": null, "name:signed": null, "tourism": null, "community_centre:for": null, "toilets:wheelchair": null, "url": null, "alt_name": null, "operator:wikidata": null, "power": null, "ref": null, "substation": null, "type": null }, "geometry": { "type": "Polygon", "coordinates": [ [ [ 10.8850225, 49.5710301 ], [ 10.8850877, 49.5711135 ], [ 10.8852003, 49.5710765 ], [ 10.8853044, 49.5710422 ], [ 10.8852516, 49.5709747 ], [ 10.8851181, 49.5710186 ], [ 10.8851058, 49.5710027 ], [ 10.8850225, 49.5710301 ] ] ] } },
{ "type": "Feature", "properties": { "element": "way", "id": 58811975, "addr:city": "Herzogenaurach", "addr:country": "DE", "addr:housenumber": "7", "addr:postcode": "91074", "addr:street": "Edergasse", "building": "yes", "amenity": "childcare", "check_date:opening_hours": null, "cuisine": null, "indoor_seating": null, "name": "Kindertagesstätte St. Magdalena", "opening_hours": null, "outdoor_seating": null, "website": null, "wheelchair": null, "description": null, "leisure": null, "sport": null, "nohousenumber": null, "roof:shape": "flat", "air_conditioning": null, "building:levels": "2", "diet:vegan": null, "diet:vegetarian": null, "payment:credit_cards": null, "payment:debit_cards": null, "phone": null, "roof:levels": null, "check_date": null, "email": null, "mobile": null, "shop": null, "denomination": null, "operator": null, "roof:colour": "light_gray", "capacity": null, "building:colour": "yellow", "note": null, "source": null, "house": null, "roof:orientation": null, "layer": null, "compressed_air": null, "not:brand:wikidata": null, "religion": null, "contact:phone": null, "contact:website": null, "name:de": null, "name:en": null, "smoking": null, "name:signed": null, "tourism": null, "community_centre:for": null, "toilets:wheelchair": null, "url": null, "alt_name": null, "operator:wikidata": null, "power": null, "ref": null, "substation": null, "type": null }, "geometry": { "type": "Polygon", "coordinates": [ [ [ 10.88431, 49.5704501 ], [ 10.8843972, 49.5705454 ], [ 10.8847182, 49.5704219 ], [ 10.8846315, 49.5703272 ], [ 10.8845642, 49.5703531 ], [ 10.8845144, 49.5703723 ], [ 10.8844782, 49.5703327 ], [ 10.884437, 49.5702877 ], [ 10.884327, 49.57033 ], [ 10.8844039, 49.570414 ], [ 10.88431, 49.5704501 ] ] ] } },
{ "type": "Feature", "properties": { "element": "way", "id": 58811976, "addr:city": "Herzogenaurach", "addr:country": "DE", "addr:housenumber": "31", "addr:postcode": "91074", "addr:street": "Am Rahmberg", "building": "yes", "amenity": null, "check_date:opening_hours": null, "cuisine": null, "indoor_seating": null, "name": null, "opening_hours": null, "outdoor_seating": null, "website": null, "wheelchair": null, "description": null, "leisure": null, "sport": null, "nohousenumber": null, "roof:shape": null, "air_conditioning": null, "building:levels": null, "diet:vegan": null, "diet:vegetarian": null, "payment:credit_cards": null, "payment:debit_cards": null, "phone": null, "roof:levels": null, "check_date": null, "email": null, "mobile": null, "shop": null, "denomination": null, "operator": null, "roof:colour": null, "capacity": null, "building:colour": null, "note": "Hausnummer interpoliert, nicht am Gebäude erkannt", "source": null, "house": null, "roof:orientation": null, "layer": null, "compressed_air": null, "not:brand:wikidata": null, "religion": null, "contact:phone": null, "contact:website": null, "name:de": null, "name:en": null, "smoking": null, "name:signed": null, "tourism": null, "community_centre:for": null, "toilets:wheelchair": null, "url": null, "alt_name": null, "operator:wikidata": null, "power": null, "ref": null, "substation": null, "type": null }, "geometry": { "type": "Polygon", "coordinates": [ [ [ 10.8845142, 49.5699518 ], [ 10.8846293, 49.5700183 ], [ 10.8847337, 49.5699423 ], [ 10.8846185, 49.5698758 ], [ 10.8845142, 49.5699518 ] ] ] } },
{ "type": "Feature", "properties": { "element": "way", "id": 58811978, "addr:city": null, "addr:country": null, "addr:housenumber": null, "addr:postcode": null, "addr:street": null, "building": "detached", "amenity": null, "check_date:opening_hours": null, "cuisine": null, "indoor_seating": null, "name": null, "opening_hours": null, "outdoor_seating": null, "website": null, "wheelchair": null, "description": null, "leisure": null, "sport": null, "nohousenumber": null, "roof:shape": null, "air_conditioning": null, "building:levels": null, "diet:vegan": null, "diet:vegetarian": null, "payment:credit_cards": null, "payment:debit_cards": null, "phone": null, "roof:levels": null, "check_date": null, "email": null, "mobile": null, "shop": null, "denomination": null, "operator": null, "roof:colour": null, "capacity": null, "building:colour": null, "note": null, "source": null, "house": null, "roof:orientation": null, "layer": null, "compressed_air": null, "not:brand:wikidata": null, "religion": null, "contact:phone": null, "contact:website": null, "name:de": null, "name:en": null, "smoking": null, "name:signed": null, "tourism": null, "community_centre:for": null, "toilets:wheelchair": null, "url": null, "alt_name": null, "operator:wikidata": null, "power": null, "ref": null, "substation": null, "type": null }, "geometry": { "type": "Polygon", "coordinates": [ [ [ 10.8844655, 49.5695578 ], [ 10.8845593, 49.569574 ], [ 10.884591, 49.5694965 ], [ 10.8844971, 49.5694804 ], [ 10.8844816, 49.5695184 ], [ 10.8844655, 49.5695578 ] ] ] } },
{ "type": "Feature", "properties": { "element": "way", "id": 58904310, "addr:city": "Herzogenaurach", "addr:country": "DE", "addr:housenumber": "16", "addr:postcode": "91074", "addr:street": "Störcher Straße", "building": "yes", "amenity": null, "check_date:opening_hours": null, "cuisine": null, "indoor_seating": null, "name": null, "opening_hours": null, "outdoor_seating": null, "website": null, "wheelchair": null, "description": null, "leisure": null, "sport": null, "nohousenumber": null, "roof:shape": null, "air_conditioning": null, "building:levels": null, "diet:vegan": null, "diet:vegetarian": null, "payment:credit_cards": null, "payment:debit_cards": null, "phone": null, "roof:levels": null, "check_date": null, "email": null, "mobile": null, "shop": null, "denomination": null, "operator": null, "roof:colour": null, "capacity": null, "building:colour": null, "note": null, "source": null, "house": null, "roof:orientation": null, "layer": null, "compressed_air": null, "not:brand:wikidata": null, "religion": null, "contact:phone": null, "contact:website": null, "name:de": null, "name:en": null, "smoking": null, "name:signed": null, "tourism": null, "community_centre:for": null, "toilets:wheelchair": null, "url": null, "alt_name": null, "operator:wikidata": null, "power": null, "ref": null, "substation": null, "type": null }, "geometry": { "type": "Polygon", "coordinates": [ [ [ 10.8860301, 49.5688403 ], [ 10.8861738, 49.5688142 ], [ 10.8862104, 49.5688991 ], [ 10.8860668, 49.5689252 ], [ 10.8860301, 49.5688403 ] ] ] } },
{ "type": "Feature", "properties": { "element": "way", "id": 58904312, "addr:city": null, "addr:country": null, "addr:housenumber": null, "addr:postcode": null, "addr:street": null, "building": "semidetached_house", "amenity": null, "check_date:opening_hours": null, "cuisine": null, "indoor_seating": null, "name": null, "opening_hours": null, "outdoor_seating": null, "website": null, "wheelchair": null, "description": null, "leisure": null, "sport": null, "nohousenumber": null, "roof:shape": null, "air_conditioning": null, "building:levels": null, "diet:vegan": null, "diet:vegetarian": null, "payment:credit_cards": null, "payment:debit_cards": null, "phone": null, "roof:levels": null, "check_date": null, "email": null, "mobile": null, "shop": null, "denomination": null, "operator": null, "roof:colour": null, "capacity": null, "building:colour": null, "note": null, "source": null, "house": null, "roof:orientation": null, "layer": null, "compressed_air": null, "not:brand:wikidata": null, "religion": null, "contact:phone": null, "contact:website": null, "name:de": null, "name:en": null, "smoking": null, "name:signed": null, "tourism": null, "community_centre:for": null, "toilets:wheelchair": null, "url": null, "alt_name": null, "operator:wikidata": null, "power": null, "ref": null, "substation": null, "type": null }, "geometry": { "type": "Polygon", "coordinates": [ [ [ 10.8887883, 49.5700249 ], [ 10.8887818, 49.5699299 ], [ 10.88893, 49.5699257 ], [ 10.8889364, 49.5700206 ], [ 10.8888905, 49.5700219 ], [ 10.8888359, 49.5700235 ], [ 10.8887883, 49.5700249 ] ] ] } },
{ "type": "Feature", "properties": { "element": "way", "id": 58904315, "addr:city": "Herzogenaurach", "addr:country": "DE", "addr:housenumber": "22", "addr:postcode": "91074", "addr:street": "Glockengasse", "building": "residential", "amenity": null, "check_date:opening_hours": null, "cuisine": null, "indoor_seating": null, "name": null, "opening_hours": null, "outdoor_seating": null, "website": null, "wheelchair": null, "description": null, "leisure": null, "sport": null, "nohousenumber": null, "roof:shape": null, "air_conditioning": null, "building:levels": null, "diet:vegan": null, "diet:vegetarian": null, "payment:credit_cards": null, "payment:debit_cards": null, "phone": null, "roof:levels": null, "check_date": null, "email": null, "mobile": null, "shop": null, "denomination": null, "operator": null, "roof:colour": null, "capacity": null, "building:colour": null, "note": null, "source": null, "house": null, "roof:orientation": null, "layer": null, "compressed_air": null, "not:brand:wikidata": null, "religion": null, "contact:phone": null, "contact:website": null, "name:de": null, "name:en": null, "smoking": null, "name:signed": null, "tourism": null, "community_centre:for": null, "toilets:wheelchair": null, "url": null, "alt_name": null, "operator:wikidata": null, "power": null, "ref": null, "substation": null, "type": null }, "geometry": { "type": "Polygon", "coordinates": [ [ [ 10.8878241, 49.5692842 ], [ 10.8879358, 49.5692517 ], [ 10.8879605, 49.5692875 ], [ 10.8881143, 49.5692428 ], [ 10.8881446, 49.5692866 ], [ 10.8878791, 49.5693638 ], [ 10.8878241, 49.5692842 ] ] ] } },
{ "type": "Feature", "properties": { "element": "way", "id": 58904320, "addr:city": "Herzogenaurach", "addr:country": "DE", "addr:housenumber": "15", "addr:postcode": "91074", "addr:street": "Glockengasse", "building": "residential", "amenity": null, "check_date:opening_hours": null, "cuisine": null, "indoor_seating": null, "name": null, "opening_hours": null, "outdoor_seating": null, "website": null, "wheelchair": null, "description": null, "leisure": null, "sport": null, "nohousenumber": null, "roof:shape": null, "air_conditioning": null, "building:levels": null, "diet:vegan": null, "diet:vegetarian": null, "payment:credit_cards": null, "payment:debit_cards": null, "phone": null, "roof:levels": null, "check_date": null, "email": null, "mobile": null, "shop": null, "denomination": null, "operator": null, "roof:colour": null, "capacity": null, "building:colour": null, "note": null, "source": null, "house": null, "roof:orientation": null, "layer": null, "compressed_air": null, "not:brand:wikidata": null, "religion": null, "contact:phone": null, "contact:website": null, "name:de": null, "name:en": null, "smoking": null, "name:signed": null, "tourism": null, "community_centre:for": null, "toilets:wheelchair": null, "url": null, "alt_name": null, "operator:wikidata": null, "power": null, "ref": null, "substation": null, "type": null }, "geometry": { "type": "Polygon", "coordinates": [ [ [ 10.8874004, 49.5690684 ], [ 10.8875286, 49.5690562 ], [ 10.887519, 49.5690139 ], [ 10.8875083, 49.5689663 ], [ 10.8873801, 49.5689785 ], [ 10.8874004, 49.5690684 ] ] ] } },
{ "type": "Feature", "properties": { "element": "way", "id": 58904322, "addr:city": null, "addr:country": null, "addr:housenumber": null, "addr:postcode": null, "addr:street": null, "building": "yes", "amenity": null, "check_date:opening_hours": null, "cuisine": null, "indoor_seating": null, "name": null, "opening_hours": null, "outdoor_seating": null, "website": null, "wheelchair": null, "description": null, "leisure": null, "sport": null, "nohousenumber": null, "roof:shape": null, "air_conditioning": null, "building:levels": null, "diet:vegan": null, "diet:vegetarian": null, "payment:credit_cards": null, "payment:debit_cards": null, "phone": null, "roof:levels": null, "check_date": null, "email": null, "mobile": null, "shop": null, "denomination": null, "operator": null, "roof:colour": null, "capacity": null, "building:colour": null, "note": null, "source": null, "house": null, "roof:orientation": null, "layer": null, "compressed_air": null, "not:brand:wikidata": null, "religion": null, "contact:phone": null, "contact:website": null, "name:de": null, "name:en": null, "smoking": null, "name:signed": null, "tourism": null, "community_centre:for": null, "toilets:wheelchair": null, "url": null, "alt_name": null, "operator:wikidata": null, "power": null, "ref": null, "substation": null, "type": null }, "geometry": { "type": "Polygon", "coordinates": [ [ [ 10.8849858, 49.5689446 ], [ 10.8850009, 49.5690115 ], [ 10.8851876, 49.5689938 ], [ 10.8851725, 49.5689269 ], [ 10.8850772, 49.5689359 ], [ 10.8849858, 49.5689446 ] ] ] } },
{ "type": "Feature", "properties": { "element": "way", "id": 58904324, "addr:city": "Herzogenaurach", "addr:country": "DE", "addr:housenumber": "25", "addr:postcode": "91074", "addr:street": "Glockengasse", "building": "residential", "amenity": null, "check_date:opening_hours": null, "cuisine": null, "indoor_seating": null, "name": null, "opening_hours": null, "outdoor_seating": null, "website": null, "wheelchair": null, "description": null, "leisure": null, "sport": null, "nohousenumber": null, "roof:shape": "gabled", "air_conditioning": null, "building:levels": null, "diet:vegan": null, "diet:vegetarian": null, "payment:credit_cards": null, "payment:debit_cards": null, "phone": null, "roof:levels": null, "check_date": null, "email": null, "mobile": null, "shop": null, "denomination": null, "operator": null, "roof:colour": null, "capacity": null, "building:colour": null, "note": null, "source": null, "house": null, "roof:orientation": null, "layer": null, "compressed_air": null, "not:brand:wikidata": null, "religion": null, "contact:phone": null, "contact:website": null, "name:de": null, "name:en": null, "smoking": null, "name:signed": null, "tourism": null, "community_centre:for": null, "toilets:wheelchair": null, "url": null, "alt_name": null, "operator:wikidata": null, "power": null, "ref": null, "substation": null, "type": null }, "geometry": { "type": "Polygon", "coordinates": [ [ [ 10.8879441, 49.5699082 ], [ 10.8880567, 49.5698551 ], [ 10.8880097, 49.5698131 ], [ 10.8879583, 49.5697673 ], [ 10.8878457, 49.5698204 ], [ 10.8879441, 49.5699082 ] ] ] } },
{ "type": "Feature", "properties": { "element": "way", "id": 58904325, "addr:city": "Herzogenaurach", "addr:country": "DE", "addr:housenumber": "13", "addr:postcode": "91074", "addr:street": "Zum Flughafen", "building": "yes", "amenity": null, "check_date:opening_hours": null, "cuisine": null, "indoor_seating": null, "name": null, "opening_hours": null, "outdoor_seating": null, "website": null, "wheelchair": null, "description": null, "leisure": null, "sport": null, "nohousenumber": null, "roof:shape": "gabled", "air_conditioning": null, "building:levels": null, "diet:vegan": null, "diet:vegetarian": null, "payment:credit_cards": null, "payment:debit_cards": null, "phone": null, "roof:levels": null, "check_date": null, "email": null, "mobile": null, "shop": null, "denomination": null, "operator": null, "roof:colour": null, "capacity": null, "building:colour": null, "note": null, "source": null, "house": null, "roof:orientation": null, "layer": null, "compressed_air": null, "not:brand:wikidata": null, "religion": null, "contact:phone": null, "contact:website": null, "name:de": null, "name:en": null, "smoking": null, "name:signed": null, "tourism": null, "community_centre:for": null, "toilets:wheelchair": null, "url": null, "alt_name": null, "operator:wikidata": null, "power": null, "ref": null, "substation": null, "type": null }, "geometry": { "type": "Polygon", "coordinates": [ [ [ 10.8889547, 49.5708674 ], [ 10.8892003, 49.5708394 ], [ 10.8892282, 49.5709421 ], [ 10.8889826, 49.5709702 ], [ 10.8889547, 49.5708674 ] ] ] } },
{ "type": "Feature", "properties": { "element": "way", "id": 58904326, "addr:city": null, "addr:country": null, "addr:housenumber": null, "addr:postcode": null, "addr:street": null, "building": "yes", "amenity": null, "check_date:opening_hours": null, "cuisine": null, "indoor_seating": null, "name": null, "opening_hours": null, "outdoor_seating": null, "website": null, "wheelchair": null, "description": null, "leisure": null, "sport": null, "nohousenumber": null, "roof:shape": null, "air_conditioning": null, "building:levels": null, "diet:vegan": null, "diet:vegetarian": null, "payment:credit_cards": null, "payment:debit_cards": null, "phone": null, "roof:levels": null, "check_date": null, "email": null, "mobile": null, "shop": null, "denomination": null, "operator": null, "roof:colour": null, "capacity": null, "building:colour": null, "note": null, "source": null, "house": null, "roof:orientation": null, "layer": null, "compressed_air": null, "not:brand:wikidata": null, "religion": null, "contact:phone": null, "contact:website": null, "name:de": null, "name:en": null, "smoking": null, "name:signed": null, "tourism": null, "community_centre:for": null, "toilets:wheelchair": null, "url": null, "alt_name": null, "operator:wikidata": null, "power": null, "ref": null, "substation": null, "type": null }, "geometry": { "type": "Polygon", "coordinates": [ [ [ 10.8860447, 49.5683401 ], [ 10.8860602, 49.5683791 ], [ 10.886076, 49.5684189 ], [ 10.8862804, 49.5683847 ], [ 10.8862492, 49.5683059 ], [ 10.8860447, 49.5683401 ] ] ] } },
{ "type": "Feature", "properties": { "element": "way", "id": 58904329, "addr:city": "Herzogenaurach", "addr:country": "DE", "addr:housenumber": "5", "addr:postcode": "91074", "addr:street": "Glockengasse", "building": "yes", "amenity": null, "check_date:opening_hours": null, "cuisine": null, "indoor_seating": null, "name": null, "opening_hours": null, "outdoor_seating": null, "website": null, "wheelchair": null, "description": null, "leisure": null, "sport": null, "nohousenumber": null, "roof:shape": null, "air_conditioning": null, "building:levels": null, "diet:vegan": null, "diet:vegetarian": null, "payment:credit_cards": null, "payment:debit_cards": null, "phone": null, "roof:levels": null, "check_date": null, "email": null, "mobile": null, "shop": null, "denomination": null, "operator": null, "roof:colour": null, "capacity": null, "building:colour": null, "note": null, "source": null, "house": null, "roof:orientation": null, "layer": null, "compressed_air": null, "not:brand:wikidata": null, "religion": null, "contact:phone": null, "contact:website": null, "name:de": null, "name:en": null, "smoking": null, "name:signed": null, "tourism": null, "community_centre:for": null, "toilets:wheelchair": null, "url": null, "alt_name": null, "operator:wikidata": null, "power": null, "ref": null, "substation": null, "type": null }, "geometry": { "type": "Polygon", "coordinates": [ [ [ 10.8871998, 49.568174 ], [ 10.8872288, 49.5682511 ], [ 10.8873563, 49.5682303 ], [ 10.887329, 49.568155 ], [ 10.8871998, 49.568174 ] ] ] } },
{ "type": "Feature", "properties": { "element": "way", "id": 58904333, "addr:city": "Herzogenaurach", "addr:country": "DE", "addr:housenumber": "9", "addr:postcode": "91074", "addr:street": "Brentanostraße", "building": "residential", "amenity": null, "check_date:opening_hours": null, "cuisine": null, "indoor_seating": null, "name": null, "opening_hours": null, "outdoor_seating": null, "website": null, "wheelchair": null, "description": null, "leisure": null, "sport": null, "nohousenumber": null, "roof:shape": "pyramidal", "air_conditioning": null, "building:levels": null, "diet:vegan": null, "diet:vegetarian": null, "payment:credit_cards": null, "payment:debit_cards": null, "phone": null, "roof:levels": null, "check_date": null, "email": null, "mobile": null, "shop": null, "denomination": null, "operator": null, "roof:colour": null, "capacity": null, "building:colour": null, "note": null, "source": null, "house": null, "roof:orientation": null, "layer": null, "compressed_air": null, "not:brand:wikidata": null, "religion": null, "contact:phone": null, "contact:website": null, "name:de": null, "name:en": null, "smoking": null, "name:signed": null, "tourism": null, "community_centre:for": null, "toilets:wheelchair": null, "url": null, "alt_name": null, "operator:wikidata": null, "power": null, "ref": null, "substation": null, "type": null }, "geometry": { "type": "Polygon", "coordinates": [ [ [ 10.8888844, 49.5693926 ], [ 10.8890355, 49.5693735 ], [ 10.8890728, 49.5694979 ], [ 10.8889216, 49.569517 ], [ 10.8888844, 49.5693926 ] ] ] } },
{ "type": "Feature", "properties": { "element": "way", "id": 58904335, "addr:city": "Herzogenaurach", "addr:country": "DE", "addr:housenumber": "26a", "addr:postcode": "91074", "addr:street": "Glockengasse", "building": "residential", "amenity": null, "check_date:opening_hours": null, "cuisine": null, "indoor_seating": null, "name": null, "opening_hours": null, "outdoor_seating": null, "website": null, "wheelchair": null, "description": null, "leisure": null, "sport": null, "nohousenumber": null, "roof:shape": "pyramidal", "air_conditioning": null, "building:levels": null, "diet:vegan": null, "diet:vegetarian": null, "payment:credit_cards": null, "payment:debit_cards": null, "phone": null, "roof:levels": null, "check_date": "2023-12-21", "email": null, "mobile": null, "shop": null, "denomination": null, "operator": null, "roof:colour": null, "capacity": null, "building:colour": null, "note": null, "source": null, "house": null, "roof:orientation": null, "layer": null, "compressed_air": null, "not:brand:wikidata": null, "religion": null, "contact:phone": null, "contact:website": null, "name:de": null, "name:en": null, "smoking": null, "name:signed": null, "tourism": null, "community_centre:for": null, "toilets:wheelchair": null, "url": null, "alt_name": null, "operator:wikidata": null, "power": null, "ref": null, "substation": null, "type": null }, "geometry": { "type": "Polygon", "coordinates": [ [ [ 10.8880412, 49.5695489 ], [ 10.8881321, 49.5696385 ], [ 10.8882649, 49.5695819 ], [ 10.888174, 49.5694922 ], [ 10.8880412, 49.5695489 ] ] ] } },
{ "type": "Feature", "properties": { "element": "way", "id": 58904336, "addr:city": "Herzogenaurach", "addr:country": "DE", "addr:housenumber": "3", "addr:postcode": "91074", "addr:street": "Cyprianstraße", "building": "yes", "amenity": null, "check_date:opening_hours": null, "cuisine": null, "indoor_seating": null, "name": null, "opening_hours": null, "outdoor_seating": null, "website": null, "wheelchair": null, "description": null, "leisure": null, "sport": null, "nohousenumber": null, "roof:shape": null, "air_conditioning": null, "building:levels": null, "diet:vegan": null, "diet:vegetarian": null, "payment:credit_cards": null, "payment:debit_cards": null, "phone": null, "roof:levels": null, "check_date": null, "email": null, "mobile": null, "shop": null, "denomination": null, "operator": null, "roof:colour": null, "capacity": null, "building:colour": null, "note": null, "source": null, "house": null, "roof:orientation": null, "layer": null, "compressed_air": null, "not:brand:wikidata": null, "religion": null, "contact:phone": null, "contact:website": null, "name:de": null, "name:en": null, "smoking": null, "name:signed": null, "tourism": null, "community_centre:for": null, "toilets:wheelchair": null, "url": null, "alt_name": null, "operator:wikidata": null, "power": null, "ref": null, "substation": null, "type": null }, "geometry": { "type": "Polygon", "coordinates": [ [ [ 10.885276, 49.5686056 ], [ 10.8852977, 49.5686973 ], [ 10.8853729, 49.5686898 ], [ 10.8853669, 49.5686644 ], [ 10.8854062, 49.5686605 ], [ 10.8853906, 49.5685942 ], [ 10.885276, 49.5686056 ] ] ] } },
{ "type": "Feature", "properties": { "element": "way", "id": 58904339, "addr:city": null, "addr:country": null, "addr:housenumber": null, "addr:postcode": null, "addr:street": null, "building": "semidetached_house", "amenity": null, "check_date:opening_hours": null, "cuisine": null, "indoor_seating": null, "name": null, "opening_hours": null, "outdoor_seating": null, "website": null, "wheelchair": null, "description": null, "leisure": null, "sport": null, "nohousenumber": null, "roof:shape": "pyramidal", "air_conditioning": null, "building:levels": null, "diet:vegan": null, "diet:vegetarian": null, "payment:credit_cards": null, "payment:debit_cards": null, "phone": null, "roof:levels": null, "check_date": null, "email": null, "mobile": null, "shop": null, "denomination": null, "operator": null, "roof:colour": null, "capacity": null, "building:colour": null, "note": null, "source": null, "house": null, "roof:orientation": null, "layer": null, "compressed_air": null, "not:brand:wikidata": null, "religion": null, "contact:phone": null, "contact:website": null, "name:de": null, "name:en": null, "smoking": null, "name:signed": null, "tourism": null, "community_centre:for": null, "toilets:wheelchair": null, "url": null, "alt_name": null, "operator:wikidata": null, "power": null, "ref": null, "substation": null, "type": null }, "geometry": { "type": "Polygon", "coordinates": [ [ [ 10.8886427, 49.5695531 ], [ 10.8886921, 49.5695521 ], [ 10.8887568, 49.5695507 ], [ 10.8888014, 49.5695498 ], [ 10.8887961, 49.5694453 ], [ 10.8886375, 49.5694486 ], [ 10.8886427, 49.5695531 ] ] ] } },
{ "type": "Feature", "properties": { "element": "way", "id": 58904340, "addr:city": "Herzogenaurach", "addr:country": "DE", "addr:housenumber": "2", "addr:postcode": "91074", "addr:street": "Zum Flughafen", "building": "house", "amenity": null, "check_date:opening_hours": null, "cuisine": null, "indoor_seating": null, "name": null, "opening_hours": null, "outdoor_seating": null, "website": null, "wheelchair": null, "description": null, "leisure": null, "sport": null, "nohousenumber": null, "roof:shape": null, "air_conditioning": null, "building:levels": null, "diet:vegan": null, "diet:vegetarian": null, "payment:credit_cards": null, "payment:debit_cards": null, "phone": null, "roof:levels": null, "check_date": null, "email": null, "mobile": null, "shop": null, "denomination": null, "operator": null, "roof:colour": null, "capacity": null, "building:colour": null, "note": null, "source": null, "house": null, "roof:orientation": null, "layer": null, "compressed_air": null, "not:brand:wikidata": null, "religion": null, "contact:phone": null, "contact:website": null, "name:de": null, "name:en": null, "smoking": null, "name:signed": null, "tourism": null, "community_centre:for": null, "toilets:wheelchair": null, "url": null, "alt_name": null, "operator:wikidata": null, "power": null, "ref": null, "substation": null, "type": null }, "geometry": { "type": "Polygon", "coordinates": [ [ [ 10.8848236, 49.5682834 ], [ 10.8849529, 49.5682524 ], [ 10.8848715, 49.5681095 ], [ 10.8847422, 49.5681404 ], [ 10.8848236, 49.5682834 ] ] ] } },
{ "type": "Feature", "properties": { "element": "way", "id": 58904343, "addr:city": "Herzogenaurach", "addr:country": "DE", "addr:housenumber": "1a", "addr:postcode": "91074", "addr:street": "Zum Flughafen", "building": "apartments", "amenity": null, "check_date:opening_hours": null, "cuisine": null, "indoor_seating": null, "name": null, "opening_hours": null, "outdoor_seating": null, "website": null, "wheelchair": null, "description": null, "leisure": null, "sport": null, "nohousenumber": null, "roof:shape": null, "air_conditioning": null, "building:levels": null, "diet:vegan": null, "diet:vegetarian": null, "payment:credit_cards": null, "payment:debit_cards": null, "phone": null, "roof:levels": null, "check_date": null, "email": null, "mobile": null, "shop": null, "denomination": null, "operator": null, "roof:colour": null, "capacity": null, "building:colour": null, "note": null, "source": null, "house": null, "roof:orientation": null, "layer": null, "compressed_air": null, "not:brand:wikidata": null, "religion": null, "contact:phone": null, "contact:website": null, "name:de": null, "name:en": null, "smoking": null, "name:signed": null, "tourism": null, "community_centre:for": null, "toilets:wheelchair": null, "url": null, "alt_name": null, "operator:wikidata": null, "power": null, "ref": null, "substation": null, "type": null }, "geometry": { "type": "Polygon", "coordinates": [ [ [ 10.8845926, 49.5687414 ], [ 10.8847573, 49.5687222 ], [ 10.884774, 49.5687822 ], [ 10.8847885, 49.5688343 ], [ 10.884684, 49.5688465 ], [ 10.8846238, 49.5688536 ], [ 10.8846075, 49.568795 ], [ 10.8845926, 49.5687414 ] ] ] } },
{ "type": "Feature", "properties": { "element": "way", "id": 58904344, "addr:city": null, "addr:country": null, "addr:housenumber": null, "addr:postcode": null, "addr:street": null, "building": "yes", "amenity": null, "check_date:opening_hours": null, "cuisine": null, "indoor_seating": null, "name": null, "opening_hours": null, "outdoor_seating": null, "website": null, "wheelchair": null, "description": null, "leisure": null, "sport": null, "nohousenumber": null, "roof:shape": null, "air_conditioning": null, "building:levels": null, "diet:vegan": null, "diet:vegetarian": null, "payment:credit_cards": null, "payment:debit_cards": null, "phone": null, "roof:levels": null, "check_date": null, "email": null, "mobile": null, "shop": null, "denomination": null, "operator": null, "roof:colour": null, "capacity": null, "building:colour": null, "note": null, "source": null, "house": null, "roof:orientation": null, "layer": null, "compressed_air": null, "not:brand:wikidata": null, "religion": null, "contact:phone": null, "contact:website": null, "name:de": null, "name:en": null, "smoking": null, "name:signed": null, "tourism": null, "community_centre:for": null, "toilets:wheelchair": null, "url": null, "alt_name": null, "operator:wikidata": null, "power": null, "ref": null, "substation": null, "type": null }, "geometry": { "type": "Polygon", "coordinates": [ [ [ 10.8862166, 49.5694273 ], [ 10.8863776, 49.5693324 ], [ 10.8864703, 49.5693941 ], [ 10.8864142, 49.5694273 ], [ 10.8864727, 49.5694542 ], [ 10.886402, 49.5695254 ], [ 10.8862385, 49.5694716 ], [ 10.8862283, 49.5694509 ], [ 10.8862166, 49.5694273 ] ] ] } },
{ "type": "Feature", "properties": { "element": "way", "id": 58904345, "addr:city": null, "addr:country": null, "addr:housenumber": null, "addr:postcode": null, "addr:street": null, "building": "yes", "amenity": null, "check_date:opening_hours": null, "cuisine": null, "indoor_seating": null, "name": null, "opening_hours": null, "outdoor_seating": null, "website": null, "wheelchair": null, "description": null, "leisure": null, "sport": null, "nohousenumber": null, "roof:shape": "gabled", "air_conditioning": null, "building:levels": null, "diet:vegan": null, "diet:vegetarian": null, "payment:credit_cards": null, "payment:debit_cards": null, "phone": null, "roof:levels": null, "check_date": null, "email": null, "mobile": null, "shop": null, "denomination": null, "operator": null, "roof:colour": null, "capacity": null, "building:colour": null, "note": null, "source": null, "house": null, "roof:orientation": null, "layer": null, "compressed_air": null, "not:brand:wikidata": null, "religion": null, "contact:phone": null, "contact:website": null, "name:de": null, "name:en": null, "smoking": null, "name:signed": null, "tourism": null, "community_centre:for": null, "toilets:wheelchair": null, "url": null, "alt_name": null, "operator:wikidata": null, "power": null, "ref": null, "substation": null, "type": null }, "geometry": { "type": "Polygon", "coordinates": [ [ [ 10.8903714, 49.5710935 ], [ 10.8904552, 49.5711012 ], [ 10.8905343, 49.5711084 ], [ 10.8905602, 49.5709893 ], [ 10.8903973, 49.5709744 ], [ 10.8903714, 49.5710935 ] ] ] } },
{ "type": "Feature", "properties": { "element": "way", "id": 58904346, "addr:city": "Herzogenaurach", "addr:country": "DE", "addr:housenumber": "21", "addr:postcode": "91074", "addr:street": "Eichendorffstraße", "building": "residential", "amenity": null, "check_date:opening_hours": null, "cuisine": null, "indoor_seating": null, "name": null, "opening_hours": null, "outdoor_seating": null, "website": null, "wheelchair": null, "description": null, "leisure": null, "sport": null, "nohousenumber": null, "roof:shape": "gabled", "air_conditioning": null, "building:levels": null, "diet:vegan": null, "diet:vegetarian": null, "payment:credit_cards": null, "payment:debit_cards": null, "phone": null, "roof:levels": null, "check_date": null, "email": null, "mobile": null, "shop": null, "denomination": null, "operator": null, "roof:colour": null, "capacity": null, "building:colour": null, "note": null, "source": null, "house": null, "roof:orientation": null, "layer": null, "compressed_air": null, "not:brand:wikidata": null, "religion": null, "contact:phone": null, "contact:website": null, "name:de": null, "name:en": null, "smoking": null, "name:signed": null, "tourism": null, "community_centre:for": null, "toilets:wheelchair": null, "url": null, "alt_name": null, "operator:wikidata": null, "power": null, "ref": null, "substation": null, "type": null }, "geometry": { "type": "Polygon", "coordinates": [ [ [ 10.8906281, 49.5700926 ], [ 10.8906468, 49.5701796 ], [ 10.890785, 49.5701671 ], [ 10.8907663, 49.5700801 ], [ 10.8906281, 49.5700926 ] ] ] } },
{ "type": "Feature", "properties": { "element": "way", "id": 58904348, "addr:city": null, "addr:country": null, "addr:housenumber": null, "addr:postcode": null, "addr:street": null, "building": "yes", "amenity": null, "check_date:opening_hours": null, "cuisine": null, "indoor_seating": null, "name": null, "opening_hours": null, "outdoor_seating": null, "website": null, "wheelchair": null, "description": null, "leisure": null, "sport": null, "nohousenumber": null, "roof:shape": null, "air_conditioning": null, "building:levels": null, "diet:vegan": null, "diet:vegetarian": null, "payment:credit_cards": null, "payment:debit_cards": null, "phone": null, "roof:levels": null, "check_date": null, "email": null, "mobile": null, "shop": null, "denomination": null, "operator": null, "roof:colour": null, "capacity": null, "building:colour": null, "note": null, "source": null, "house": null, "roof:orientation": null, "layer": null, "compressed_air": null, "not:brand:wikidata": null, "religion": null, "contact:phone": null, "contact:website": null, "name:de": null, "name:en": null, "smoking": null, "name:signed": null, "tourism": null, "community_centre:for": null, "toilets:wheelchair": null, "url": null, "alt_name": null, "operator:wikidata": null, "power": null, "ref": null, "substation": null, "type": null }, "geometry": { "type": "Polygon", "coordinates": [ [ [ 10.8861735, 49.5703497 ], [ 10.8863579, 49.5703236 ], [ 10.886391, 49.570422 ], [ 10.8862911, 49.5704361 ], [ 10.8862066, 49.5704481 ], [ 10.8861735, 49.5703497 ] ] ] } },
{ "type": "Feature", "properties": { "element": "way", "id": 58904349, "addr:city": null, "addr:country": null, "addr:housenumber": null, "addr:postcode": null, "addr:street": null, "building": "semidetached_house", "amenity": null, "check_date:opening_hours": null, "cuisine": null, "indoor_seating": null, "name": null, "opening_hours": null, "outdoor_seating": null, "website": null, "wheelchair": null, "description": null, "leisure": null, "sport": null, "nohousenumber": null, "roof:shape": null, "air_conditioning": null, "building:levels": null, "diet:vegan": null, "diet:vegetarian": null, "payment:credit_cards": null, "payment:debit_cards": null, "phone": null, "roof:levels": null, "check_date": null, "email": null, "mobile": null, "shop": null, "denomination": null, "operator": null, "roof:colour": null, "capacity": null, "building:colour": null, "note": null, "source": null, "house": null, "roof:orientation": null, "layer": null, "compressed_air": null, "not:brand:wikidata": null, "religion": null, "contact:phone": null, "contact:website": null, "name:de": null, "name:en": null, "smoking": null, "name:signed": null, "tourism": null, "community_centre:for": null, "toilets:wheelchair": null, "url": null, "alt_name": null, "operator:wikidata": null, "power": null, "ref": null, "substation": null, "type": null }, "geometry": { "type": "Polygon", "coordinates": [ [ [ 10.8884838, 49.5699198 ], [ 10.8884829, 49.5700197 ], [ 10.888526, 49.5700198 ], [ 10.8885804, 49.57002 ], [ 10.8886232, 49.5700201 ], [ 10.8886241, 49.5699202 ], [ 10.8884838, 49.5699198 ] ] ] } },
{ "type": "Feature", "properties": { "element": "way", "id": 58904351, "addr:city": "Herzogenaurach", "addr:country": "DE", "addr:housenumber": "24", "addr:postcode": "91074", "addr:street": "Glockengasse", "building": "residential", "amenity": null, "check_date:opening_hours": null, "cuisine": null, "indoor_seating": null, "name": null, "opening_hours": null, "outdoor_seating": null, "website": null, "wheelchair": null, "description": null, "leisure": null, "sport": null, "nohousenumber": null, "roof:shape": null, "air_conditioning": null, "building:levels": null, "diet:vegan": null, "diet:vegetarian": null, "payment:credit_cards": null, "payment:debit_cards": null, "phone": null, "roof:levels": null, "check_date": null, "email": null, "mobile": null, "shop": null, "denomination": null, "operator": null, "roof:colour": null, "capacity": null, "building:colour": null, "note": null, "source": null, "house": null, "roof:orientation": null, "layer": null, "compressed_air": null, "not:brand:wikidata": null, "religion": null, "contact:phone": null, "contact:website": null, "name:de": null, "name:en": null, "smoking": null, "name:signed": null, "tourism": null, "community_centre:for": null, "toilets:wheelchair": null, "url": null, "alt_name": null, "operator:wikidata": null, "power": null, "ref": null, "substation": null, "type": null }, "geometry": { "type": "Polygon", "coordinates": [ [ [ 10.8879095, 49.5693937 ], [ 10.8880156, 49.5693575 ], [ 10.8880792, 49.5694359 ], [ 10.8879732, 49.5694721 ], [ 10.8879095, 49.5693937 ] ] ] } },
{ "type": "Feature", "properties": { "element": "way", "id": 58904354, "addr:city": null, "addr:country": null, "addr:housenumber": null, "addr:postcode": null, "addr:street": null, "building": "apartments", "amenity": null, "check_date:opening_hours": null, "cuisine": null, "indoor_seating": null, "name": null, "opening_hours": null, "outdoor_seating": null, "website": null, "wheelchair": null, "description": null, "leisure": null, "sport": null, "nohousenumber": null, "roof:shape": null, "air_conditioning": null, "building:levels": null, "diet:vegan": null, "diet:vegetarian": null, "payment:credit_cards": null, "payment:debit_cards": null, "phone": null, "roof:levels": null, "check_date": null, "email": null, "mobile": null, "shop": null, "denomination": null, "operator": null, "roof:colour": null, "capacity": null, "building:colour": null, "note": null, "source": null, "house": null, "roof:orientation": null, "layer": null, "compressed_air": null, "not:brand:wikidata": null, "religion": null, "contact:phone": null, "contact:website": null, "name:de": null, "name:en": null, "smoking": null, "name:signed": null, "tourism": null, "community_centre:for": null, "toilets:wheelchair": null, "url": null, "alt_name": null, "operator:wikidata": null, "power": null, "ref": null, "substation": null, "type": null }, "geometry": { "type": "Polygon", "coordinates": [ [ [ 10.8869911, 49.5696603 ], [ 10.8870515, 49.5695872 ], [ 10.887189, 49.5696351 ], [ 10.8871567, 49.5696741 ], [ 10.8871285, 49.5697081 ], [ 10.8869911, 49.5696603 ] ] ] } },
{ "type": "Feature", "properties": { "element": "way", "id": 58904355, "addr:city": null, "addr:country": null, "addr:housenumber": null, "addr:postcode": null, "addr:street": null, "building": "yes", "amenity": null, "check_date:opening_hours": null, "cuisine": null, "indoor_seating": null, "name": null, "opening_hours": null, "outdoor_seating": null, "website": null, "wheelchair": null, "description": null, "leisure": null, "sport": null, "nohousenumber": null, "roof:shape": null, "air_conditioning": null, "building:levels": null, "diet:vegan": null, "diet:vegetarian": null, "payment:credit_cards": null, "payment:debit_cards": null, "phone": null, "roof:levels": null, "check_date": null, "email": null, "mobile": null, "shop": null, "denomination": null, "operator": null, "roof:colour": null, "capacity": null, "building:colour": null, "note": null, "source": null, "house": null, "roof:orientation": null, "layer": null, "compressed_air": null, "not:brand:wikidata": null, "religion": null, "contact:phone": null, "contact:website": null, "name:de": null, "name:en": null, "smoking": null, "name:signed": null, "tourism": null, "community_centre:for": null, "toilets:wheelchair": null, "url": null, "alt_name": null, "operator:wikidata": null, "power": null, "ref": null, "substation": null, "type": null }, "geometry": { "type": "Polygon", "coordinates": [ [ [ 10.8851904, 49.5688602 ], [ 10.8851915, 49.5689111 ], [ 10.8851925, 49.5689565 ], [ 10.8853746, 49.5689548 ], [ 10.8853725, 49.5688585 ], [ 10.8851904, 49.5688602 ] ] ] } },
{ "type": "Feature", "properties": { "element": "way", "id": 58904356, "addr:city": null, "addr:country": null, "addr:housenumber": null, "addr:postcode": null, "addr:street": null, "building": "residential", "amenity": null, "check_date:opening_hours": null, "cuisine": null, "indoor_seating": null, "name": null, "opening_hours": null, "outdoor_seating": null, "website": null, "wheelchair": null, "description": null, "leisure": null, "sport": null, "nohousenumber": null, "roof:shape": "hipped", "air_conditioning": null, "building:levels": null, "diet:vegan": null, "diet:vegetarian": null, "payment:credit_cards": null, "payment:debit_cards": null, "phone": null, "roof:levels": null, "check_date": null, "email": null, "mobile": null, "shop": null, "denomination": null, "operator": null, "roof:colour": null, "capacity": null, "building:colour": null, "note": null, "source": null, "house": null, "roof:orientation": null, "layer": null, "compressed_air": null, "not:brand:wikidata": null, "religion": null, "contact:phone": null, "contact:website": null, "name:de": null, "name:en": null, "smoking": null, "name:signed": null, "tourism": null, "community_centre:for": null, "toilets:wheelchair": null, "url": null, "alt_name": null, "operator:wikidata": null, "power": null, "ref": null, "substation": null, "type": null }, "geometry": { "type": "Polygon", "coordinates": [ [ [ 10.8894505, 49.5693331 ], [ 10.8894835, 49.5694492 ], [ 10.889537, 49.5694428 ], [ 10.8896662, 49.5694274 ], [ 10.8897281, 49.56942 ], [ 10.8896951, 49.5693038 ], [ 10.8894505, 49.5693331 ] ] ] } },
{ "type": "Feature", "properties": { "element": "way", "id": 58904358, "addr:city": "Herzogenaurach", "addr:country": "DE", "addr:housenumber": "5a", "addr:postcode": "91074", "addr:street": "Cyprianstraße", "building": "yes", "amenity": null, "check_date:opening_hours": null, "cuisine": null, "indoor_seating": null, "name": null, "opening_hours": null, "outdoor_seating": null, "website": null, "wheelchair": null, "description": null, "leisure": null, "sport": null, "nohousenumber": null, "roof:shape": null, "air_conditioning": null, "building:levels": null, "diet:vegan": null, "diet:vegetarian": null, "payment:credit_cards": null, "payment:debit_cards": null, "phone": null, "roof:levels": null, "check_date": null, "email": null, "mobile": null, "shop": null, "denomination": null, "operator": null, "roof:colour": null, "capacity": null, "building:colour": null, "note": null, "source": null, "house": null, "roof:orientation": null, "layer": null, "compressed_air": null, "not:brand:wikidata": null, "religion": null, "contact:phone": null, "contact:website": null, "name:de": null, "name:en": null, "smoking": null, "name:signed": null, "tourism": null, "community_centre:for": null, "toilets:wheelchair": null, "url": null, "alt_name": null, "operator:wikidata": null, "power": null, "ref": null, "substation": null, "type": null }, "geometry": { "type": "Polygon", "coordinates": [ [ [ 10.8855223, 49.5686965 ], [ 10.8855666, 49.5687764 ], [ 10.8857077, 49.5687435 ], [ 10.8856634, 49.5686636 ], [ 10.8855223, 49.5686965 ] ] ] } },
{ "type": "Feature", "properties": { "element": "way", "id": 58904360, "addr:city": null, "addr:country": null, "addr:housenumber": null, "addr:postcode": null, "addr:street": null, "building": "yes", "amenity": null, "check_date:opening_hours": null, "cuisine": null, "indoor_seating": null, "name": null, "opening_hours": null, "outdoor_seating": null, "website": null, "wheelchair": null, "description": null, "leisure": null, "sport": null, "nohousenumber": null, "roof:shape": null, "air_conditioning": null, "building:levels": null, "diet:vegan": null, "diet:vegetarian": null, "payment:credit_cards": null, "payment:debit_cards": null, "phone": null, "roof:levels": null, "check_date": null, "email": null, "mobile": null, "shop": null, "denomination": null, "operator": null, "roof:colour": null, "capacity": null, "building:colour": null, "note": null, "source": null, "house": null, "roof:orientation": null, "layer": null, "compressed_air": null, "not:brand:wikidata": null, "religion": null, "contact:phone": null, "contact:website": null, "name:de": null, "name:en": null, "smoking": null, "name:signed": null, "tourism": null, "community_centre:for": null, "toilets:wheelchair": null, "url": null, "alt_name": null, "operator:wikidata": null, "power": null, "ref": null, "substation": null, "type": null }, "geometry": { "type": "Polygon", "coordinates": [ [ [ 10.8863546, 49.5683072 ], [ 10.886381, 49.5683751 ], [ 10.8866208, 49.5683359 ], [ 10.8865944, 49.568268 ], [ 10.8863546, 49.5683072 ] ] ] } },
{ "type": "Feature", "properties": { "element": "way", "id": 58904361, "addr:city": null, "addr:country": null, "addr:housenumber": null, "addr:postcode": null, "addr:street": null, "building": "yes", "amenity": null, "check_date:opening_hours": null, "cuisine": null, "indoor_seating": null, "name": null, "opening_hours": null, "outdoor_seating": null, "website": null, "wheelchair": null, "description": null, "leisure": null, "sport": null, "nohousenumber": null, "roof:shape": null, "air_conditioning": null, "building:levels": null, "diet:vegan": null, "diet:vegetarian": null, "payment:credit_cards": null, "payment:debit_cards": null, "phone": null, "roof:levels": null, "check_date": null, "email": null, "mobile": null, "shop": null, "denomination": null, "operator": null, "roof:colour": null, "capacity": null, "building:colour": null, "note": null, "source": null, "house": null, "roof:orientation": null, "layer": null, "compressed_air": null, "not:brand:wikidata": null, "religion": null, "contact:phone": null, "contact:website": null, "name:de": null, "name:en": null, "smoking": null, "name:signed": null, "tourism": null, "community_centre:for": null, "toilets:wheelchair": null, "url": null, "alt_name": null, "operator:wikidata": null, "power": null, "ref": null, "substation": null, "type": null }, "geometry": { "type": "Polygon", "coordinates": [ [ [ 10.8857334, 49.5683825 ], [ 10.8857606, 49.5684619 ], [ 10.8859826, 49.5684299 ], [ 10.8859689, 49.5683899 ], [ 10.8859554, 49.5683505 ], [ 10.8858117, 49.5683712 ], [ 10.8857334, 49.5683825 ] ] ] } },
{ "type": "Feature", "properties": { "element": "way", "id": 58904362, "addr:city": null, "addr:country": null, "addr:housenumber": null, "addr:postcode": null, "addr:street": null, "building": "yes", "amenity": null, "check_date:opening_hours": null, "cuisine": null, "indoor_seating": null, "name": null, "opening_hours": null, "outdoor_seating": null, "website": null, "wheelchair": null, "description": null, "leisure": null, "sport": null, "nohousenumber": null, "roof:shape": "gabled", "air_conditioning": null, "building:levels": null, "diet:vegan": null, "diet:vegetarian": null, "payment:credit_cards": null, "payment:debit_cards": null, "phone": null, "roof:levels": null, "check_date": null, "email": null, "mobile": null, "shop": null, "denomination": null, "operator": null, "roof:colour": null, "capacity": null, "building:colour": null, "note": null, "source": null, "house": null, "roof:orientation": null, "layer": null, "compressed_air": null, "not:brand:wikidata": null, "religion": null, "contact:phone": null, "contact:website": null, "name:de": null, "name:en": null, "smoking": null, "name:signed": null, "tourism": null, "community_centre:for": null, "toilets:wheelchair": null, "url": null, "alt_name": null, "operator:wikidata": null, "power": null, "ref": null, "substation": null, "type": null }, "geometry": { "type": "Polygon", "coordinates": [ [ [ 10.8902098, 49.5710092 ], [ 10.8902574, 49.5710141 ], [ 10.8903112, 49.5710197 ], [ 10.8903358, 49.5709201 ], [ 10.8901933, 49.5709053 ], [ 10.8901787, 49.570964 ], [ 10.8902199, 49.5709683 ], [ 10.8902098, 49.5710092 ] ] ] } },
{ "type": "Feature", "properties": { "element": "way", "id": 58904363, "addr:city": null, "addr:country": null, "addr:housenumber": null, "addr:postcode": null, "addr:street": null, "building": "semidetached_house", "amenity": null, "check_date:opening_hours": null, "cuisine": null, "indoor_seating": null, "name": null, "opening_hours": null, "outdoor_seating": null, "website": null, "wheelchair": null, "description": null, "leisure": null, "sport": null, "nohousenumber": null, "roof:shape": "pyramidal", "air_conditioning": null, "building:levels": null, "diet:vegan": null, "diet:vegetarian": null, "payment:credit_cards": null, "payment:debit_cards": null, "phone": null, "roof:levels": null, "check_date": null, "email": null, "mobile": null, "shop": null, "denomination": null, "operator": null, "roof:colour": null, "capacity": null, "building:colour": null, "note": null, "source": null, "house": null, "roof:orientation": null, "layer": null, "compressed_air": null, "not:brand:wikidata": null, "religion": null, "contact:phone": null, "contact:website": null, "name:de": null, "name:en": null, "smoking": null, "name:signed": null, "tourism": null, "community_centre:for": null, "toilets:wheelchair": null, "url": null, "alt_name": null, "operator:wikidata": null, "power": null, "ref": null, "substation": null, "type": null }, "geometry": { "type": "Polygon", "coordinates": [ [ [ 10.888362, 49.5694608 ], [ 10.8885175, 49.569457 ], [ 10.8885234, 49.5695593 ], [ 10.8884744, 49.5695605 ], [ 10.8884065, 49.5695622 ], [ 10.8883679, 49.5695631 ], [ 10.888362, 49.5694608 ] ] ] } },
{ "type": "Feature", "properties": { "element": "way", "id": 58904364, "addr:city": "Herzogenaurach", "addr:country": "DE", "addr:housenumber": "12", "addr:postcode": "91074", "addr:street": "Glockengasse", "building": "residential", "amenity": null, "check_date:opening_hours": null, "cuisine": null, "indoor_seating": null, "name": null, "opening_hours": null, "outdoor_seating": null, "website": null, "wheelchair": null, "description": null, "leisure": null, "sport": null, "nohousenumber": null, "roof:shape": null, "air_conditioning": null, "building:levels": null, "diet:vegan": null, "diet:vegetarian": null, "payment:credit_cards": null, "payment:debit_cards": null, "phone": null, "roof:levels": null, "check_date": null, "email": null, "mobile": null, "shop": null, "denomination": null, "operator": null, "roof:colour": null, "capacity": null, "building:colour": null, "note": null, "source": null, "house": null, "roof:orientation": null, "layer": null, "compressed_air": null, "not:brand:wikidata": null, "religion": null, "contact:phone": null, "contact:website": null, "name:de": null, "name:en": null, "smoking": null, "name:signed": null, "tourism": null, "community_centre:for": null, "toilets:wheelchair": null, "url": null, "alt_name": null, "operator:wikidata": null, "power": null, "ref": null, "substation": null, "type": null }, "geometry": { "type": "Polygon", "coordinates": [ [ [ 10.8876503, 49.5685475 ], [ 10.8876855, 49.5686538 ], [ 10.8878033, 49.5686374 ], [ 10.8877681, 49.5685311 ], [ 10.8876503, 49.5685475 ] ] ] } },
{ "type": "Feature", "properties": { "element": "way", "id": 58904365, "addr:city": "Herzogenaurach", "addr:country": "DE", "addr:housenumber": "11", "addr:postcode": "91074", "addr:street": "Zum Flughafen", "building": "yes", "amenity": null, "check_date:opening_hours": null, "cuisine": null, "indoor_seating": null, "name": null, "opening_hours": null, "outdoor_seating": null, "website": null, "wheelchair": null, "description": null, "leisure": null, "sport": null, "nohousenumber": null, "roof:shape": null, "air_conditioning": null, "building:levels": null, "diet:vegan": null, "diet:vegetarian": null, "payment:credit_cards": null, "payment:debit_cards": null, "phone": null, "roof:levels": null, "check_date": null, "email": null, "mobile": null, "shop": null, "denomination": null, "operator": null, "roof:colour": null, "capacity": null, "building:colour": null, "note": null, "source": null, "house": null, "roof:orientation": null, "layer": null, "compressed_air": null, "not:brand:wikidata": null, "religion": null, "contact:phone": null, "contact:website": null, "name:de": null, "name:en": null, "smoking": null, "name:signed": null, "tourism": null, "community_centre:for": null, "toilets:wheelchair": null, "url": null, "alt_name": null, "operator:wikidata": null, "power": null, "ref": null, "substation": null, "type": null }, "geometry": { "type": "Polygon", "coordinates": [ [ [ 10.8871304, 49.5703331 ], [ 10.8871947, 49.570443 ], [ 10.8875291, 49.5703608 ], [ 10.8874491, 49.5702239 ], [ 10.8873254, 49.5702544 ], [ 10.8873411, 49.5702813 ], [ 10.8871304, 49.5703331 ] ] ] } },
{ "type": "Feature", "properties": { "element": "way", "id": 58904367, "addr:city": null, "addr:country": null, "addr:housenumber": null, "addr:postcode": null, "addr:street": null, "building": "yes", "amenity": null, "check_date:opening_hours": null, "cuisine": null, "indoor_seating": null, "name": null, "opening_hours": null, "outdoor_seating": null, "website": null, "wheelchair": null, "description": null, "leisure": null, "sport": null, "nohousenumber": null, "roof:shape": null, "air_conditioning": null, "building:levels": null, "diet:vegan": null, "diet:vegetarian": null, "payment:credit_cards": null, "payment:debit_cards": null, "phone": null, "roof:levels": null, "check_date": null, "email": null, "mobile": null, "shop": null, "denomination": null, "operator": null, "roof:colour": null, "capacity": null, "building:colour": null, "note": null, "source": null, "house": null, "roof:orientation": null, "layer": null, "compressed_air": null, "not:brand:wikidata": null, "religion": null, "contact:phone": null, "contact:website": null, "name:de": null, "name:en": null, "smoking": null, "name:signed": null, "tourism": null, "community_centre:for": null, "toilets:wheelchair": null, "url": null, "alt_name": null, "operator:wikidata": null, "power": null, "ref": null, "substation": null, "type": null }, "geometry": { "type": "Polygon", "coordinates": [ [ [ 10.8862995, 49.5684589 ], [ 10.8863312, 49.568538 ], [ 10.8867272, 49.5684713 ], [ 10.8866955, 49.5683922 ], [ 10.8862995, 49.5684589 ] ] ] } },
{ "type": "Feature", "properties": { "element": "way", "id": 58904369, "addr:city": "Herzogenaurach", "addr:country": "DE", "addr:housenumber": "28", "addr:postcode": "91074", "addr:street": "Glockengasse", "building": "residential", "amenity": null, "check_date:opening_hours": null, "cuisine": null, "indoor_seating": null, "name": null, "opening_hours": null, "outdoor_seating": null, "website": null, "wheelchair": null, "description": null, "leisure": null, "sport": null, "nohousenumber": null, "roof:shape": "hipped", "air_conditioning": null, "building:levels": null, "diet:vegan": null, "diet:vegetarian": null, "payment:credit_cards": null, "payment:debit_cards": null, "phone": null, "roof:levels": null, "check_date": null, "email": null, "mobile": null, "shop": null, "denomination": null, "operator": null, "roof:colour": null, "capacity": null, "building:colour": null, "note": null, "source": null, "house": null, "roof:orientation": null, "layer": null, "compressed_air": null, "not:brand:wikidata": null, "religion": null, "contact:phone": null, "contact:website": null, "name:de": null, "name:en": null, "smoking": null, "name:signed": null, "tourism": null, "community_centre:for": null, "toilets:wheelchair": null, "url": null, "alt_name": null, "operator:wikidata": null, "power": null, "ref": null, "substation": null, "type": null }, "geometry": { "type": "Polygon", "coordinates": [ [ [ 10.8881652, 49.5697414 ], [ 10.888261, 49.5698493 ], [ 10.8885185, 49.5697532 ], [ 10.8884227, 49.5696453 ], [ 10.8881652, 49.5697414 ] ] ] } },
{ "type": "Feature", "properties": { "element": "way", "id": 58904370, "addr:city": "Herzogenaurach", "addr:country": null, "addr:housenumber": "14", "addr:postcode": "91074", "addr:street": "Glockengasse", "building": "residential", "amenity": null, "check_date:opening_hours": null, "cuisine": null, "indoor_seating": null, "name": null, "opening_hours": null, "outdoor_seating": null, "website": null, "wheelchair": null, "description": null, "leisure": null, "sport": null, "nohousenumber": null, "roof:shape": null, "air_conditioning": null, "building:levels": null, "diet:vegan": null, "diet:vegetarian": null, "payment:credit_cards": null, "payment:debit_cards": null, "phone": null, "roof:levels": null, "check_date": null, "email": null, "mobile": null, "shop": null, "denomination": null, "operator": null, "roof:colour": null, "capacity": null, "building:colour": null, "note": null, "source": null, "house": null, "roof:orientation": null, "layer": null, "compressed_air": null, "not:brand:wikidata": null, "religion": null, "contact:phone": null, "contact:website": null, "name:de": null, "name:en": null, "smoking": null, "name:signed": null, "tourism": null, "community_centre:for": null, "toilets:wheelchair": null, "url": null, "alt_name": null, "operator:wikidata": null, "power": null, "ref": null, "substation": null, "type": null }, "geometry": { "type": "Polygon", "coordinates": [ [ [ 10.88773, 49.5688539 ], [ 10.8878627, 49.5688396 ], [ 10.8878502, 49.568791 ], [ 10.8878354, 49.568733 ], [ 10.8877027, 49.5687473 ], [ 10.88773, 49.5688539 ] ] ] } },
{ "type": "Feature", "properties": { "element": "way", "id": 58904373, "addr:city": "Herzogenaurach", "addr:country": "DE", "addr:housenumber": "22a", "addr:postcode": "91074", "addr:street": "Zum Flughafen", "building": "yes", "amenity": null, "check_date:opening_hours": null, "cuisine": null, "indoor_seating": null, "name": null, "opening_hours": null, "outdoor_seating": null, "website": null, "wheelchair": null, "description": null, "leisure": null, "sport": null, "nohousenumber": null, "roof:shape": null, "air_conditioning": null, "building:levels": null, "diet:vegan": null, "diet:vegetarian": null, "payment:credit_cards": null, "payment:debit_cards": null, "phone": null, "roof:levels": null, "check_date": null, "email": null, "mobile": null, "shop": null, "denomination": null, "operator": null, "roof:colour": null, "capacity": null, "building:colour": null, "note": null, "source": "Bayernatlas", "house": null, "roof:orientation": null, "layer": null, "compressed_air": null, "not:brand:wikidata": null, "religion": null, "contact:phone": null, "contact:website": null, "name:de": null, "name:en": null, "smoking": null, "name:signed": null, "tourism": null, "community_centre:for": null, "toilets:wheelchair": null, "url": null, "alt_name": null, "operator:wikidata": null, "power": null, "ref": null, "substation": null, "type": null }, "geometry": { "type": "Polygon", "coordinates": [ [ [ 10.8893703, 49.5704608 ], [ 10.8894883, 49.5705435 ], [ 10.8896191, 49.5705435 ], [ 10.8896797, 49.570496 ], [ 10.8896127, 49.5704442 ], [ 10.8895394, 49.5704401 ], [ 10.8895202, 49.570407 ], [ 10.8894022, 49.570407 ], [ 10.8893703, 49.5704608 ] ] ] } },
{ "type": "Feature", "properties": { "element": "way", "id": 58904375, "addr:city": "Herzogenaurach", "addr:country": "DE", "addr:housenumber": "6", "addr:postcode": "91074", "addr:street": "Karl-Bröger-Straße", "building": "residential", "amenity": null, "check_date:opening_hours": null, "cuisine": null, "indoor_seating": null, "name": null, "opening_hours": null, "outdoor_seating": null, "website": null, "wheelchair": null, "description": null, "leisure": null, "sport": null, "nohousenumber": null, "roof:shape": "gabled", "air_conditioning": null, "building:levels": null, "diet:vegan": null, "diet:vegetarian": null, "payment:credit_cards": null, "payment:debit_cards": null, "phone": null, "roof:levels": null, "check_date": null, "email": null, "mobile": null, "shop": null, "denomination": null, "operator": null, "roof:colour": null, "capacity": null, "building:colour": null, "note": null, "source": null, "house": null, "roof:orientation": null, "layer": null, "compressed_air": null, "not:brand:wikidata": null, "religion": null, "contact:phone": null, "contact:website": null, "name:de": null, "name:en": null, "smoking": null, "name:signed": null, "tourism": null, "community_centre:for": null, "toilets:wheelchair": null, "url": null, "alt_name": null, "operator:wikidata": null, "power": null, "ref": null, "substation": null, "type": null }, "geometry": { "type": "Polygon", "coordinates": [ [ [ 10.8895362, 49.5698918 ], [ 10.889531, 49.5699824 ], [ 10.8896383, 49.569985 ], [ 10.8896856, 49.5699861 ], [ 10.8896908, 49.5698955 ], [ 10.8895362, 49.5698918 ] ] ] } },
{ "type": "Feature", "properties": { "element": "way", "id": 58904376, "addr:city": "Herzogenaurach", "addr:country": "DE", "addr:housenumber": "10", "addr:postcode": "91074", "addr:street": "Karl-Bröger-Straße", "building": "residential", "amenity": null, "check_date:opening_hours": null, "cuisine": null, "indoor_seating": null, "name": null, "opening_hours": null, "outdoor_seating": null, "website": null, "wheelchair": null, "description": null, "leisure": null, "sport": null, "nohousenumber": null, "roof:shape": null, "air_conditioning": null, "building:levels": null, "diet:vegan": null, "diet:vegetarian": null, "payment:credit_cards": null, "payment:debit_cards": null, "phone": null, "roof:levels": null, "check_date": null, "email": null, "mobile": null, "shop": null, "denomination": null, "operator": null, "roof:colour": null, "capacity": null, "building:colour": null, "note": null, "source": null, "house": null, "roof:orientation": null, "layer": null, "compressed_air": null, "not:brand:wikidata": null, "religion": null, "contact:phone": null, "contact:website": null, "name:de": null, "name:en": null, "smoking": null, "name:signed": null, "tourism": null, "community_centre:for": null, "toilets:wheelchair": null, "url": null, "alt_name": null, "operator:wikidata": null, "power": null, "ref": null, "substation": null, "type": null }, "geometry": { "type": "Polygon", "coordinates": [ [ [ 10.890194, 49.5699995 ], [ 10.8901921, 49.5701171 ], [ 10.890313, 49.570118 ], [ 10.890445, 49.5701189 ], [ 10.890447, 49.5700013 ], [ 10.890194, 49.5699995 ] ] ] } },
{ "type": "Feature", "properties": { "element": "way", "id": 58904378, "addr:city": "Herzogenaurach", "addr:country": "DE", "addr:housenumber": "10", "addr:postcode": "91074", "addr:street": "Plonergasse", "building": "yes", "amenity": null, "check_date:opening_hours": null, "cuisine": null, "indoor_seating": null, "name": null, "opening_hours": null, "outdoor_seating": null, "website": null, "wheelchair": null, "description": null, "leisure": null, "sport": null, "nohousenumber": null, "roof:shape": null, "air_conditioning": null, "building:levels": null, "diet:vegan": null, "diet:vegetarian": null, "payment:credit_cards": null, "payment:debit_cards": null, "phone": null, "roof:levels": null, "check_date": null, "email": null, "mobile": null, "shop": null, "denomination": null, "operator": null, "roof:colour": null, "capacity": null, "building:colour": null, "note": null, "source": null, "house": null, "roof:orientation": null, "layer": null, "compressed_air": null, "not:brand:wikidata": null, "religion": null, "contact:phone": null, "contact:website": null, "name:de": null, "name:en": null, "smoking": null, "name:signed": null, "tourism": null, "community_centre:for": null, "toilets:wheelchair": null, "url": null, "alt_name": null, "operator:wikidata": null, "power": null, "ref": null, "substation": null, "type": null }, "geometry": { "type": "Polygon", "coordinates": [ [ [ 10.8867821, 49.5704163 ], [ 10.8868189, 49.570508 ], [ 10.8869989, 49.5704776 ], [ 10.886962, 49.5703859 ], [ 10.8867821, 49.5704163 ] ] ] } },
{ "type": "Feature", "properties": { "element": "way", "id": 58904379, "addr:city": "Herzogenaurach", "addr:country": "DE", "addr:housenumber": "15", "addr:postcode": "91074", "addr:street": "Eichendorffstraße", "building": "residential", "amenity": null, "check_date:opening_hours": null, "cuisine": null, "indoor_seating": null, "name": null, "opening_hours": null, "outdoor_seating": null, "website": null, "wheelchair": null, "description": null, "leisure": null, "sport": null, "nohousenumber": null, "roof:shape": "gabled", "air_conditioning": null, "building:levels": null, "diet:vegan": null, "diet:vegetarian": null, "payment:credit_cards": null, "payment:debit_cards": null, "phone": null, "roof:levels": null, "check_date": null, "email": null, "mobile": null, "shop": null, "denomination": null, "operator": null, "roof:colour": null, "capacity": null, "building:colour": null, "note": null, "source": null, "house": null, "roof:orientation": null, "layer": null, "compressed_air": null, "not:brand:wikidata": null, "religion": null, "contact:phone": null, "contact:website": null, "name:de": null, "name:en": null, "smoking": null, "name:signed": null, "tourism": null, "community_centre:for": null, "toilets:wheelchair": null, "url": null, "alt_name": null, "operator:wikidata": null, "power": null, "ref": null, "substation": null, "type": null }, "geometry": { "type": "Polygon", "coordinates": [ [ [ 10.8905386, 49.5696311 ], [ 10.8906485, 49.5696119 ], [ 10.8906156, 49.569533 ], [ 10.8905057, 49.5695523 ], [ 10.8905386, 49.5696311 ] ] ] } },
{ "type": "Feature", "properties": { "element": "way", "id": 58904380, "addr:city": "Herzogenaurach", "addr:country": "DE", "addr:housenumber": "29", "addr:postcode": "91074", "addr:street": "Eichendorffstraße", "building": "residential", "amenity": null, "check_date:opening_hours": null, "cuisine": null, "indoor_seating": null, "name": null, "opening_hours": null, "outdoor_seating": null, "website": null, "wheelchair": null, "description": null, "leisure": null, "sport": null, "nohousenumber": null, "roof:shape": "gabled", "air_conditioning": null, "building:levels": null, "diet:vegan": null, "diet:vegetarian": null, "payment:credit_cards": null, "payment:debit_cards": null, "phone": null, "roof:levels": null, "check_date": null, "email": null, "mobile": null, "shop": null, "denomination": null, "operator": null, "roof:colour": null, "capacity": null, "building:colour": null, "note": null, "source": null, "house": null, "roof:orientation": null, "layer": null, "compressed_air": null, "not:brand:wikidata": null, "religion": null, "contact:phone": null, "contact:website": null, "name:de": null, "name:en": null, "smoking": null, "name:signed": null, "tourism": null, "community_centre:for": null, "toilets:wheelchair": null, "url": null, "alt_name": null, "operator:wikidata": null, "power": null, "ref": null, "substation": null, "type": null }, "geometry": { "type": "Polygon", "coordinates": [ [ [ 10.8906751, 49.5711546 ], [ 10.8908218, 49.5711579 ], [ 10.8908282, 49.5710369 ], [ 10.8906815, 49.5710337 ], [ 10.8906751, 49.5711546 ] ] ] } },
{ "type": "Feature", "properties": { "element": "way", "id": 58904385, "addr:city": null, "addr:country": null, "addr:housenumber": null, "addr:postcode": null, "addr:street": null, "building": "yes", "amenity": null, "check_date:opening_hours": null, "cuisine": null, "indoor_seating": null, "name": null, "opening_hours": null, "outdoor_seating": null, "website": null, "wheelchair": null, "description": null, "leisure": null, "sport": null, "nohousenumber": null, "roof:shape": null, "air_conditioning": null, "building:levels": null, "diet:vegan": null, "diet:vegetarian": null, "payment:credit_cards": null, "payment:debit_cards": null, "phone": null, "roof:levels": null, "check_date": null, "email": null, "mobile": null, "shop": null, "denomination": null, "operator": null, "roof:colour": null, "capacity": null, "building:colour": null, "note": null, "source": null, "house": null, "roof:orientation": null, "layer": null, "compressed_air": null, "not:brand:wikidata": null, "religion": null, "contact:phone": null, "contact:website": null, "name:de": null, "name:en": null, "smoking": null, "name:signed": null, "tourism": null, "community_centre:for": null, "toilets:wheelchair": null, "url": null, "alt_name": null, "operator:wikidata": null, "power": null, "ref": null, "substation": null, "type": null }, "geometry": { "type": "Polygon", "coordinates": [ [ [ 10.8858254, 49.5696652 ], [ 10.8859095, 49.5697571 ], [ 10.885977, 49.569831 ], [ 10.8860941, 49.5698064 ], [ 10.8860784, 49.5697821 ], [ 10.886161, 49.5697624 ], [ 10.8862183, 49.5696655 ], [ 10.886108, 49.5696345 ], [ 10.8860576, 49.5697134 ], [ 10.8859608, 49.5696152 ], [ 10.8858254, 49.5696652 ] ] ] } },
{ "type": "Feature", "properties": { "element": "way", "id": 58904387, "addr:city": "Herzogenaurach", "addr:country": "DE", "addr:housenumber": "6", "addr:postcode": "91074", "addr:street": "Plonergasse", "building": "yes", "amenity": null, "check_date:opening_hours": null, "cuisine": null, "indoor_seating": null, "name": null, "opening_hours": null, "outdoor_seating": null, "website": null, "wheelchair": null, "description": null, "leisure": null, "sport": null, "nohousenumber": null, "roof:shape": null, "air_conditioning": null, "building:levels": null, "diet:vegan": null, "diet:vegetarian": null, "payment:credit_cards": null, "payment:debit_cards": null, "phone": null, "roof:levels": null, "check_date": null, "email": null, "mobile": null, "shop": null, "denomination": null, "operator": null, "roof:colour": null, "capacity": null, "building:colour": null, "note": null, "source": null, "house": null, "roof:orientation": null, "layer": null, "compressed_air": null, "not:brand:wikidata": null, "religion": null, "contact:phone": null, "contact:website": null, "name:de": null, "name:en": null, "smoking": null, "name:signed": null, "tourism": null, "community_centre:for": null, "toilets:wheelchair": null, "url": null, "alt_name": null, "operator:wikidata": null, "power": null, "ref": null, "substation": null, "type": null }, "geometry": { "type": "Polygon", "coordinates": [ [ [ 10.8860449, 49.5701068 ], [ 10.8860897, 49.5702235 ], [ 10.8862292, 49.570201 ], [ 10.8861844, 49.5700843 ], [ 10.8860449, 49.5701068 ] ] ] } },
{ "type": "Feature", "properties": { "element": "way", "id": 58904390, "addr:city": "Herzogenaurach", "addr:country": "DE", "addr:housenumber": "9", "addr:postcode": "91074", "addr:street": "Glockengasse", "building": "residential", "amenity": null, "check_date:opening_hours": null, "cuisine": null, "indoor_seating": null, "name": null, "opening_hours": null, "outdoor_seating": null, "website": null, "wheelchair": null, "description": null, "leisure": null, "sport": null, "nohousenumber": null, "roof:shape": null, "air_conditioning": null, "building:levels": null, "diet:vegan": null, "diet:vegetarian": null, "payment:credit_cards": null, "payment:debit_cards": null, "phone": null, "roof:levels": null, "check_date": null, "email": null, "mobile": null, "shop": null, "denomination": null, "operator": null, "roof:colour": null, "capacity": null, "building:colour": null, "note": null, "source": null, "house": null, "roof:orientation": null, "layer": null, "compressed_air": null, "not:brand:wikidata": null, "religion": null, "contact:phone": null, "contact:website": null, "name:de": null, "name:en": null, "smoking": null, "name:signed": null, "tourism": null, "community_centre:for": null, "toilets:wheelchair": null, "url": null, "alt_name": null, "operator:wikidata": null, "power": null, "ref": null, "substation": null, "type": null }, "geometry": { "type": "Polygon", "coordinates": [ [ [ 10.8872476, 49.5687517 ], [ 10.8874807, 49.5687114 ], [ 10.8874456, 49.5686261 ], [ 10.8872125, 49.5686664 ], [ 10.8872476, 49.5687517 ] ] ] } },
{ "type": "Feature", "properties": { "element": "way", "id": 58904392, "addr:city": "Herzogenaurach", "addr:country": "DE", "addr:housenumber": "13", "addr:postcode": "91074", "addr:street": "Eichendorffstraße", "building": "residential", "amenity": null, "check_date:opening_hours": null, "cuisine": null, "indoor_seating": null, "name": null, "opening_hours": null, "outdoor_seating": null, "website": null, "wheelchair": null, "description": null, "leisure": null, "sport": null, "nohousenumber": null, "roof:shape": "gabled", "air_conditioning": null, "building:levels": null, "diet:vegan": null, "diet:vegetarian": null, "payment:credit_cards": null, "payment:debit_cards": null, "phone": null, "roof:levels": null, "check_date": null, "email": null, "mobile": null, "shop": null, "denomination": null, "operator": null, "roof:colour": null, "capacity": null, "building:colour": null, "note": null, "source": null, "house": null, "roof:orientation": null, "layer": null, "compressed_air": null, "not:brand:wikidata": null, "religion": null, "contact:phone": null, "contact:website": null, "name:de": null, "name:en": null, "smoking": null, "name:signed": null, "tourism": null, "community_centre:for": null, "toilets:wheelchair": null, "url": null, "alt_name": null, "operator:wikidata": null, "power": null, "ref": null, "substation": null, "type": null }, "geometry": { "type": "Polygon", "coordinates": [ [ [ 10.8903996, 49.569433 ], [ 10.890529, 49.5694117 ], [ 10.8904925, 49.5693184 ], [ 10.8903632, 49.5693396 ], [ 10.8903996, 49.569433 ] ] ] } },
{ "type": "Feature", "properties": { "element": "way", "id": 58904393, "addr:city": "Herzogenaurach", "addr:country": "DE", "addr:housenumber": "17", "addr:postcode": "91074", "addr:street": "Glockengasse", "building": "residential", "amenity": null, "check_date:opening_hours": null, "cuisine": null, "indoor_seating": null, "name": null, "opening_hours": null, "outdoor_seating": null, "website": null, "wheelchair": null, "description": null, "leisure": null, "sport": null, "nohousenumber": null, "roof:shape": null, "air_conditioning": null, "building:levels": null, "diet:vegan": null, "diet:vegetarian": null, "payment:credit_cards": null, "payment:debit_cards": null, "phone": null, "roof:levels": null, "check_date": null, "email": null, "mobile": null, "shop": null, "denomination": null, "operator": null, "roof:colour": null, "capacity": null, "building:colour": null, "note": null, "source": null, "house": null, "roof:orientation": null, "layer": null, "compressed_air": null, "not:brand:wikidata": null, "religion": null, "contact:phone": null, "contact:website": null, "name:de": null, "name:en": null, "smoking": null, "name:signed": null, "tourism": null, "community_centre:for": null, "toilets:wheelchair": null, "url": null, "alt_name": null, "operator:wikidata": null, "power": null, "ref": null, "substation": null, "type": null }, "geometry": { "type": "Polygon", "coordinates": [ [ [ 10.8874097, 49.5691866 ], [ 10.8875591, 49.5691472 ], [ 10.887607, 49.5692236 ], [ 10.8874575, 49.569263 ], [ 10.8874097, 49.5691866 ] ] ] } },
{ "type": "Feature", "properties": { "element": "way", "id": 58904395, "addr:city": "Herzogenaurach", "addr:country": "DE", "addr:housenumber": "32", "addr:postcode": "91074", "addr:street": "Glockengasse", "building": "yes", "amenity": null, "check_date:opening_hours": null, "cuisine": null, "indoor_seating": null, "name": null, "opening_hours": null, "outdoor_seating": null, "website": null, "wheelchair": null, "description": null, "leisure": null, "sport": null, "nohousenumber": null, "roof:shape": null, "air_conditioning": null, "building:levels": null, "diet:vegan": null, "diet:vegetarian": null, "payment:credit_cards": null, "payment:debit_cards": null, "phone": null, "roof:levels": null, "check_date": null, "email": null, "mobile": null, "shop": null, "denomination": null, "operator": null, "roof:colour": null, "capacity": null, "building:colour": null, "note": null, "source": null, "house": null, "roof:orientation": null, "layer": null, "compressed_air": null, "not:brand:wikidata": null, "religion": null, "contact:phone": null, "contact:website": null, "name:de": null, "name:en": null, "smoking": null, "name:signed": null, "tourism": null, "community_centre:for": null, "toilets:wheelchair": null, "url": null, "alt_name": null, "operator:wikidata": null, "power": null, "ref": null, "substation": null, "type": null }, "geometry": { "type": "Polygon", "coordinates": [ [ [ 10.8887302, 49.570213 ], [ 10.8888881, 49.5702065 ], [ 10.8888804, 49.5701279 ], [ 10.8887226, 49.5701344 ], [ 10.8887302, 49.570213 ] ] ] } },
{ "type": "Feature", "properties": { "element": "way", "id": 58904396, "addr:city": "Herzogenaurach", "addr:country": "DE", "addr:housenumber": "6", "addr:postcode": "91074", "addr:street": "Glockengasse", "building": "yes", "amenity": null, "check_date:opening_hours": null, "cuisine": null, "indoor_seating": null, "name": null, "opening_hours": null, "outdoor_seating": null, "website": null, "wheelchair": null, "description": null, "leisure": null, "sport": null, "nohousenumber": null, "roof:shape": null, "air_conditioning": null, "building:levels": null, "diet:vegan": null, "diet:vegetarian": null, "payment:credit_cards": null, "payment:debit_cards": null, "phone": null, "roof:levels": null, "check_date": null, "email": null, "mobile": null, "shop": null, "denomination": null, "operator": null, "roof:colour": null, "capacity": null, "building:colour": null, "note": null, "source": null, "house": null, "roof:orientation": null, "layer": null, "compressed_air": null, "not:brand:wikidata": null, "religion": null, "contact:phone": null, "contact:website": null, "name:de": null, "name:en": null, "smoking": null, "name:signed": null, "tourism": null, "community_centre:for": null, "toilets:wheelchair": null, "url": null, "alt_name": null, "operator:wikidata": null, "power": null, "ref": null, "substation": null, "type": null }, "geometry": { "type": "Polygon", "coordinates": [ [ [ 10.887519, 49.5681393 ], [ 10.887666, 49.5681137 ], [ 10.8876244, 49.5680129 ], [ 10.8874774, 49.5680385 ], [ 10.887519, 49.5681393 ] ] ] } },
{ "type": "Feature", "properties": { "element": "way", "id": 58904399, "addr:city": null, "addr:country": null, "addr:housenumber": null, "addr:postcode": null, "addr:street": null, "building": "residential", "amenity": null, "check_date:opening_hours": null, "cuisine": null, "indoor_seating": null, "name": null, "opening_hours": null, "outdoor_seating": null, "website": null, "wheelchair": null, "description": null, "leisure": null, "sport": null, "nohousenumber": null, "roof:shape": "hipped", "air_conditioning": null, "building:levels": null, "diet:vegan": null, "diet:vegetarian": null, "payment:credit_cards": null, "payment:debit_cards": null, "phone": null, "roof:levels": null, "check_date": null, "email": null, "mobile": null, "shop": null, "denomination": null, "operator": null, "roof:colour": null, "capacity": null, "building:colour": null, "note": null, "source": null, "house": null, "roof:orientation": null, "layer": null, "compressed_air": null, "not:brand:wikidata": null, "religion": null, "contact:phone": null, "contact:website": null, "name:de": null, "name:en": null, "smoking": null, "name:signed": null, "tourism": null, "community_centre:for": null, "toilets:wheelchair": null, "url": null, "alt_name": null, "operator:wikidata": null, "power": null, "ref": null, "substation": null, "type": null }, "geometry": { "type": "Polygon", "coordinates": [ [ [ 10.8891045, 49.569366 ], [ 10.8891393, 49.5694868 ], [ 10.8892044, 49.5694789 ], [ 10.8892936, 49.569468 ], [ 10.8893612, 49.5694598 ], [ 10.8893264, 49.5693391 ], [ 10.8891045, 49.569366 ] ] ] } },
{ "type": "Feature", "properties": { "element": "way", "id": 58904407, "addr:city": null, "addr:country": null, "addr:housenumber": null, "addr:postcode": null, "addr:street": null, "building": "yes", "amenity": null, "check_date:opening_hours": null, "cuisine": null, "indoor_seating": null, "name": null, "opening_hours": null, "outdoor_seating": null, "website": null, "wheelchair": null, "description": null, "leisure": null, "sport": null, "nohousenumber": null, "roof:shape": "gabled", "air_conditioning": null, "building:levels": null, "diet:vegan": null, "diet:vegetarian": null, "payment:credit_cards": null, "payment:debit_cards": null, "phone": null, "roof:levels": null, "check_date": null, "email": null, "mobile": null, "shop": null, "denomination": null, "operator": null, "roof:colour": null, "capacity": null, "building:colour": null, "note": null, "source": null, "house": null, "roof:orientation": null, "layer": null, "compressed_air": null, "not:brand:wikidata": null, "religion": null, "contact:phone": null, "contact:website": null, "name:de": null, "name:en": null, "smoking": null, "name:signed": null, "tourism": null, "community_centre:for": null, "toilets:wheelchair": null, "url": null, "alt_name": null, "operator:wikidata": null, "power": null, "ref": null, "substation": null, "type": null }, "geometry": { "type": "Polygon", "coordinates": [ [ [ 10.8894246, 49.5706982 ], [ 10.8894574, 49.5705979 ], [ 10.8896336, 49.5706222 ], [ 10.8896007, 49.5707224 ], [ 10.8895162, 49.5707108 ], [ 10.8894246, 49.5706982 ] ] ] } },
{ "type": "Feature", "properties": { "element": "way", "id": 58904410, "addr:city": "Herzogenaurach", "addr:country": "DE", "addr:housenumber": "7a", "addr:postcode": "91074", "addr:street": "Karl-Bröger-Straße", "building": "residential", "amenity": null, "check_date:opening_hours": null, "cuisine": null, "indoor_seating": null, "name": null, "opening_hours": null, "outdoor_seating": null, "website": null, "wheelchair": null, "description": null, "leisure": null, "sport": null, "nohousenumber": null, "roof:shape": "gabled", "air_conditioning": null, "building:levels": null, "diet:vegan": null, "diet:vegetarian": null, "payment:credit_cards": null, "payment:debit_cards": null, "phone": null, "roof:levels": null, "check_date": null, "email": null, "mobile": null, "shop": null, "denomination": null, "operator": null, "roof:colour": null, "capacity": null, "building:colour": null, "note": null, "source": null, "house": null, "roof:orientation": null, "layer": null, "compressed_air": null, "not:brand:wikidata": null, "religion": null, "contact:phone": null, "contact:website": null, "name:de": null, "name:en": null, "smoking": null, "name:signed": null, "tourism": null, "community_centre:for": null, "toilets:wheelchair": null, "url": null, "alt_name": null, "operator:wikidata": null, "power": null, "ref": null, "substation": null, "type": null }, "geometry": { "type": "Polygon", "coordinates": [ [ [ 10.8901902, 49.5706714 ], [ 10.8903343, 49.5706759 ], [ 10.8903427, 49.5705645 ], [ 10.8901986, 49.5705599 ], [ 10.8901902, 49.5706714 ] ] ] } },
{ "type": "Feature", "properties": { "element": "way", "id": 58904412, "addr:city": null, "addr:country": null, "addr:housenumber": null, "addr:postcode": null, "addr:street": null, "building": "yes", "amenity": null, "check_date:opening_hours": null, "cuisine": null, "indoor_seating": null, "name": null, "opening_hours": null, "outdoor_seating": null, "website": null, "wheelchair": null, "description": null, "leisure": null, "sport": null, "nohousenumber": null, "roof:shape": null, "air_conditioning": null, "building:levels": null, "diet:vegan": null, "diet:vegetarian": null, "payment:credit_cards": null, "payment:debit_cards": null, "phone": null, "roof:levels": null, "check_date": null, "email": null, "mobile": null, "shop": null, "denomination": null, "operator": null, "roof:colour": null, "capacity": null, "building:colour": null, "note": null, "source": null, "house": null, "roof:orientation": null, "layer": null, "compressed_air": null, "not:brand:wikidata": null, "religion": null, "contact:phone": null, "contact:website": null, "name:de": null, "name:en": null, "smoking": null, "name:signed": null, "tourism": null, "community_centre:for": null, "toilets:wheelchair": null, "url": null, "alt_name": null, "operator:wikidata": null, "power": null, "ref": null, "substation": null, "type": null }, "geometry": { "type": "Polygon", "coordinates": [ [ [ 10.8870207, 49.5683666 ], [ 10.8871548, 49.5683436 ], [ 10.8871917, 49.5684341 ], [ 10.8870575, 49.5684571 ], [ 10.8870207, 49.5683666 ] ] ] } },
{ "type": "Feature", "properties": { "element": "way", "id": 58904413, "addr:city": null, "addr:country": null, "addr:housenumber": null, "addr:postcode": null, "addr:street": null, "building": "yes", "amenity": null, "check_date:opening_hours": null, "cuisine": null, "indoor_seating": null, "name": null, "opening_hours": null, "outdoor_seating": null, "website": null, "wheelchair": null, "description": null, "leisure": null, "sport": null, "nohousenumber": null, "roof:shape": null, "air_conditioning": null, "building:levels": null, "diet:vegan": null, "diet:vegetarian": null, "payment:credit_cards": null, "payment:debit_cards": null, "phone": null, "roof:levels": null, "check_date": null, "email": null, "mobile": null, "shop": null, "denomination": null, "operator": null, "roof:colour": null, "capacity": null, "building:colour": null, "note": null, "source": null, "house": null, "roof:orientation": null, "layer": null, "compressed_air": null, "not:brand:wikidata": null, "religion": null, "contact:phone": null, "contact:website": null, "name:de": null, "name:en": null, "smoking": null, "name:signed": null, "tourism": null, "community_centre:for": null, "toilets:wheelchair": null, "url": null, "alt_name": null, "operator:wikidata": null, "power": null, "ref": null, "substation": null, "type": null }, "geometry": { "type": "Polygon", "coordinates": [ [ [ 10.8867774, 49.5693049 ], [ 10.8868593, 49.5692832 ], [ 10.8869395, 49.5692619 ], [ 10.886891, 49.5691851 ], [ 10.886729, 49.569228 ], [ 10.8867774, 49.5693049 ] ] ] } },
{ "type": "Feature", "properties": { "element": "way", "id": 58904416, "addr:city": null, "addr:country": null, "addr:housenumber": null, "addr:postcode": null, "addr:street": null, "building": "yes", "amenity": null, "check_date:opening_hours": null, "cuisine": null, "indoor_seating": null, "name": null, "opening_hours": null, "outdoor_seating": null, "website": null, "wheelchair": null, "description": null, "leisure": null, "sport": null, "nohousenumber": null, "roof:shape": null, "air_conditioning": null, "building:levels": null, "diet:vegan": null, "diet:vegetarian": null, "payment:credit_cards": null, "payment:debit_cards": null, "phone": null, "roof:levels": null, "check_date": null, "email": null, "mobile": null, "shop": null, "denomination": null, "operator": null, "roof:colour": null, "capacity": null, "building:colour": null, "note": null, "source": null, "house": null, "roof:orientation": null, "layer": null, "compressed_air": null, "not:brand:wikidata": null, "religion": null, "contact:phone": null, "contact:website": null, "name:de": null, "name:en": null, "smoking": null, "name:signed": null, "tourism": null, "community_centre:for": null, "toilets:wheelchair": null, "url": null, "alt_name": null, "operator:wikidata": null, "power": null, "ref": null, "substation": null, "type": null }, "geometry": { "type": "Polygon", "coordinates": [ [ [ 10.8897653, 49.5708753 ], [ 10.88981, 49.5708796 ], [ 10.8898504, 49.5708834 ], [ 10.8898693, 49.5708 ], [ 10.8897842, 49.5707919 ], [ 10.8897653, 49.5708753 ] ] ] } },
{ "type": "Feature", "properties": { "element": "way", "id": 58904417, "addr:city": "Herzogenaurach", "addr:country": "DE", "addr:housenumber": "27", "addr:postcode": "91074", "addr:street": "Eichendorffstraße", "building": "residential", "amenity": null, "check_date:opening_hours": null, "cuisine": null, "indoor_seating": null, "name": null, "opening_hours": null, "outdoor_seating": null, "website": null, "wheelchair": null, "description": null, "leisure": null, "sport": null, "nohousenumber": null, "roof:shape": "gabled", "air_conditioning": null, "building:levels": null, "diet:vegan": null, "diet:vegetarian": null, "payment:credit_cards": null, "payment:debit_cards": null, "phone": null, "roof:levels": null, "check_date": null, "email": null, "mobile": null, "shop": null, "denomination": null, "operator": null, "roof:colour": null, "capacity": null, "building:colour": null, "note": null, "source": null, "house": null, "roof:orientation": null, "layer": null, "compressed_air": null, "not:brand:wikidata": null, "religion": null, "contact:phone": null, "contact:website": null, "name:de": null, "name:en": null, "smoking": null, "name:signed": null, "tourism": null, "community_centre:for": null, "toilets:wheelchair": null, "url": null, "alt_name": null, "operator:wikidata": null, "power": null, "ref": null, "substation": null, "type": null }, "geometry": { "type": "Polygon", "coordinates": [ [ [ 10.8904373, 49.570849 ], [ 10.8906035, 49.5708522 ], [ 10.8906116, 49.5706743 ], [ 10.8904454, 49.5706711 ], [ 10.8904373, 49.570849 ] ] ] } },
{ "type": "Feature", "properties": { "element": "way", "id": 58904418, "addr:city": null, "addr:country": null, "addr:housenumber": null, "addr:postcode": null, "addr:street": null, "building": "yes", "amenity": null, "check_date:opening_hours": null, "cuisine": null, "indoor_seating": null, "name": null, "opening_hours": null, "outdoor_seating": null, "website": null, "wheelchair": null, "description": null, "leisure": null, "sport": null, "nohousenumber": null, "roof:shape": null, "air_conditioning": null, "building:levels": null, "diet:vegan": null, "diet:vegetarian": null, "payment:credit_cards": null, "payment:debit_cards": null, "phone": null, "roof:levels": null, "check_date": null, "email": null, "mobile": null, "shop": null, "denomination": null, "operator": null, "roof:colour": null, "capacity": null, "building:colour": null, "note": null, "source": null, "house": null, "roof:orientation": null, "layer": null, "compressed_air": null, "not:brand:wikidata": null, "religion": null, "contact:phone": null, "contact:website": null, "name:de": null, "name:en": null, "smoking": null, "name:signed": null, "tourism": null, "community_centre:for": null, "toilets:wheelchair": null, "url": null, "alt_name": null, "operator:wikidata": null, "power": null, "ref": null, "substation": null, "type": null }, "geometry": { "type": "Polygon", "coordinates": [ [ [ 10.8857467, 49.5706344 ], [ 10.8858402, 49.5706202 ], [ 10.8858191, 49.5705619 ], [ 10.8859338, 49.5705445 ], [ 10.8859561, 49.5706062 ], [ 10.8859777, 49.5706658 ], [ 10.8857694, 49.5706974 ], [ 10.8857467, 49.5706344 ] ] ] } },
{ "type": "Feature", "properties": { "element": "way", "id": 58904420, "addr:city": "Herzogenaurach", "addr:country": "DE", "addr:housenumber": "16", "addr:postcode": "91074", "addr:street": "Glockengasse", "building": "residential", "amenity": null, "check_date:opening_hours": null, "cuisine": null, "indoor_seating": null, "name": null, "opening_hours": null, "outdoor_seating": null, "website": null, "wheelchair": null, "description": null, "leisure": null, "sport": null, "nohousenumber": null, "roof:shape": null, "air_conditioning": null, "building:levels": null, "diet:vegan": null, "diet:vegetarian": null, "payment:credit_cards": null, "payment:debit_cards": null, "phone": null, "roof:levels": null, "check_date": null, "email": null, "mobile": null, "shop": null, "denomination": null, "operator": null, "roof:colour": null, "capacity": null, "building:colour": null, "note": null, "source": null, "house": null, "roof:orientation": null, "layer": null, "compressed_air": null, "not:brand:wikidata": null, "religion": null, "contact:phone": null, "contact:website": null, "name:de": null, "name:en": null, "smoking": null, "name:signed": null, "tourism": null, "community_centre:for": null, "toilets:wheelchair": null, "url": null, "alt_name": null, "operator:wikidata": null, "power": null, "ref": null, "substation": null, "type": null }, "geometry": { "type": "Polygon", "coordinates": [ [ [ 10.8879684, 49.5689571 ], [ 10.8881477, 49.5689371 ], [ 10.8881162, 49.5688183 ], [ 10.8880952, 49.5688206 ], [ 10.8879369, 49.5688383 ], [ 10.8879684, 49.5689571 ] ] ] } },
{ "type": "Feature", "properties": { "element": "way", "id": 58904421, "addr:city": null, "addr:country": null, "addr:housenumber": null, "addr:postcode": null, "addr:street": null, "building": "yes", "amenity": null, "check_date:opening_hours": null, "cuisine": null, "indoor_seating": null, "name": null, "opening_hours": null, "outdoor_seating": null, "website": null, "wheelchair": null, "description": null, "leisure": null, "sport": null, "nohousenumber": null, "roof:shape": null, "air_conditioning": null, "building:levels": null, "diet:vegan": null, "diet:vegetarian": null, "payment:credit_cards": null, "payment:debit_cards": null, "phone": null, "roof:levels": null, "check_date": null, "email": null, "mobile": null, "shop": null, "denomination": null, "operator": null, "roof:colour": null, "capacity": null, "building:colour": null, "note": null, "source": null, "house": null, "roof:orientation": null, "layer": null, "compressed_air": null, "not:brand:wikidata": null, "religion": null, "contact:phone": null, "contact:website": null, "name:de": null, "name:en": null, "smoking": null, "name:signed": null, "tourism": null, "community_centre:for": null, "toilets:wheelchair": null, "url": null, "alt_name": null, "operator:wikidata": null, "power": null, "ref": null, "substation": null, "type": null }, "geometry": { "type": "Polygon", "coordinates": [ [ [ 10.8889374, 49.5689585 ], [ 10.8889037, 49.5687695 ], [ 10.8893319, 49.5687374 ], [ 10.8893656, 49.5689264 ], [ 10.8889374, 49.5689585 ] ] ] } },
{ "type": "Feature", "properties": { "element": "way", "id": 58904422, "addr:city": null, "addr:country": null, "addr:housenumber": null, "addr:postcode": null, "addr:street": null, "building": "yes", "amenity": null, "check_date:opening_hours": null, "cuisine": null, "indoor_seating": null, "name": null, "opening_hours": null, "outdoor_seating": null, "website": null, "wheelchair": null, "description": null, "leisure": null, "sport": null, "nohousenumber": null, "roof:shape": null, "air_conditioning": null, "building:levels": null, "diet:vegan": null, "diet:vegetarian": null, "payment:credit_cards": null, "payment:debit_cards": null, "phone": null, "roof:levels": null, "check_date": null, "email": null, "mobile": null, "shop": null, "denomination": null, "operator": null, "roof:colour": null, "capacity": null, "building:colour": null, "note": null, "source": null, "house": null, "roof:orientation": null, "layer": null, "compressed_air": null, "not:brand:wikidata": null, "religion": null, "contact:phone": null, "contact:website": null, "name:de": null, "name:en": null, "smoking": null, "name:signed": null, "tourism": null, "community_centre:for": null, "toilets:wheelchair": null, "url": null, "alt_name": null, "operator:wikidata": null, "power": null, "ref": null, "substation": null, "type": null }, "geometry": { "type": "Polygon", "coordinates": [ [ [ 10.8854079, 49.5696261 ], [ 10.8854537, 49.5697151 ], [ 10.8856129, 49.5696807 ], [ 10.8855671, 49.5695917 ], [ 10.8854986, 49.5696065 ], [ 10.8854079, 49.5696261 ] ] ] } },
{ "type": "Feature", "properties": { "element": "way", "id": 58904423, "addr:city": "Herzogenaurach", "addr:country": "DE", "addr:housenumber": "9", "addr:postcode": "91074", "addr:street": "Störcher Straße", "building": "yes", "amenity": null, "check_date:opening_hours": null, "cuisine": null, "indoor_seating": null, "name": null, "opening_hours": null, "outdoor_seating": null, "website": null, "wheelchair": null, "description": null, "leisure": null, "sport": null, "nohousenumber": null, "roof:shape": null, "air_conditioning": null, "building:levels": null, "diet:vegan": null, "diet:vegetarian": null, "payment:credit_cards": null, "payment:debit_cards": null, "phone": null, "roof:levels": null, "check_date": null, "email": null, "mobile": null, "shop": null, "denomination": null, "operator": null, "roof:colour": null, "capacity": null, "building:colour": null, "note": null, "source": null, "house": null, "roof:orientation": null, "layer": null, "compressed_air": null, "not:brand:wikidata": null, "religion": null, "contact:phone": null, "contact:website": null, "name:de": null, "name:en": null, "smoking": null, "name:signed": null, "tourism": null, "community_centre:for": null, "toilets:wheelchair": null, "url": null, "alt_name": null, "operator:wikidata": null, "power": null, "ref": null, "substation": null, "type": null }, "geometry": { "type": "Polygon", "coordinates": [ [ [ 10.8856153, 49.5688303 ], [ 10.8856574, 49.5688994 ], [ 10.8858593, 49.5688476 ], [ 10.8858171, 49.5687785 ], [ 10.8856153, 49.5688303 ] ] ] } },
{ "type": "Feature", "properties": { "element": "way", "id": 58904424, "addr:city": null, "addr:country": null, "addr:housenumber": null, "addr:postcode": null, "addr:street": null, "building": "yes", "amenity": null, "check_date:opening_hours": null, "cuisine": null, "indoor_seating": null, "name": null, "opening_hours": null, "outdoor_seating": null, "website": null, "wheelchair": null, "description": null, "leisure": null, "sport": null, "nohousenumber": null, "roof:shape": null, "air_conditioning": null, "building:levels": null, "diet:vegan": null, "diet:vegetarian": null, "payment:credit_cards": null, "payment:debit_cards": null, "phone": null, "roof:levels": null, "check_date": null, "email": null, "mobile": null, "shop": null, "denomination": null, "operator": null, "roof:colour": null, "capacity": null, "building:colour": null, "note": null, "source": null, "house": null, "roof:orientation": null, "layer": null, "compressed_air": null, "not:brand:wikidata": null, "religion": null, "contact:phone": null, "contact:website": null, "name:de": null, "name:en": null, "smoking": null, "name:signed": null, "tourism": null, "community_centre:for": null, "toilets:wheelchair": null, "url": null, "alt_name": null, "operator:wikidata": null, "power": null, "ref": null, "substation": null, "type": null }, "geometry": { "type": "Polygon", "coordinates": [ [ [ 10.8860894, 49.568495 ], [ 10.886117, 49.5685662 ], [ 10.8861887, 49.5685545 ], [ 10.8862489, 49.5685447 ], [ 10.8862338, 49.5685058 ], [ 10.8862214, 49.5684736 ], [ 10.8860894, 49.568495 ] ] ] } },
{ "type": "Feature", "properties": { "element": "way", "id": 58904427, "addr:city": "Herzogenaurach", "addr:country": "DE", "addr:housenumber": "8", "addr:postcode": "91074", "addr:street": "Karl-Bröger-Straße", "building": "residential", "amenity": null, "check_date:opening_hours": null, "cuisine": null, "indoor_seating": null, "name": null, "opening_hours": null, "outdoor_seating": null, "website": null, "wheelchair": null, "description": null, "leisure": null, "sport": null, "nohousenumber": null, "roof:shape": "gabled", "air_conditioning": null, "building:levels": null, "diet:vegan": null, "diet:vegetarian": null, "payment:credit_cards": null, "payment:debit_cards": null, "phone": null, "roof:levels": null, "check_date": null, "email": null, "mobile": null, "shop": null, "denomination": null, "operator": null, "roof:colour": null, "capacity": null, "building:colour": null, "note": null, "source": null, "house": null, "roof:orientation": null, "layer": null, "compressed_air": null, "not:brand:wikidata": null, "religion": null, "contact:phone": null, "contact:website": null, "name:de": null, "name:en": null, "smoking": null, "name:signed": null, "tourism": null, "community_centre:for": null, "toilets:wheelchair": null, "url": null, "alt_name": null, "operator:wikidata": null, "power": null, "ref": null, "substation": null, "type": null }, "geometry": { "type": "Polygon", "coordinates": [ [ [ 10.8898329, 49.5699499 ], [ 10.8898279, 49.5700646 ], [ 10.8899344, 49.5700665 ], [ 10.8900253, 49.5700682 ], [ 10.8900303, 49.5699535 ], [ 10.8898329, 49.5699499 ] ] ] } },
{ "type": "Feature", "properties": { "element": "way", "id": 58904431, "addr:city": "Herzogenaurach", "addr:country": "DE", "addr:housenumber": "14a", "addr:postcode": "91074", "addr:street": "Störcher Straße", "building": "yes", "amenity": null, "check_date:opening_hours": null, "cuisine": null, "indoor_seating": null, "name": null, "opening_hours": null, "outdoor_seating": null, "website": null, "wheelchair": null, "description": null, "leisure": null, "sport": null, "nohousenumber": null, "roof:shape": null, "air_conditioning": null, "building:levels": null, "diet:vegan": null, "diet:vegetarian": null, "payment:credit_cards": null, "payment:debit_cards": null, "phone": null, "roof:levels": null, "check_date": null, "email": null, "mobile": null, "shop": null, "denomination": null, "operator": null, "roof:colour": null, "capacity": null, "building:colour": null, "note": null, "source": null, "house": null, "roof:orientation": null, "layer": null, "compressed_air": null, "not:brand:wikidata": null, "religion": null, "contact:phone": null, "contact:website": null, "name:de": null, "name:en": null, "smoking": null, "name:signed": null, "tourism": null, "community_centre:for": null, "toilets:wheelchair": null, "url": null, "alt_name": null, "operator:wikidata": null, "power": null, "ref": null, "substation": null, "type": null }, "geometry": { "type": "Polygon", "coordinates": [ [ [ 10.8863616, 49.5690251 ], [ 10.8865049, 49.5690031 ], [ 10.8864758, 49.5689235 ], [ 10.8863325, 49.5689455 ], [ 10.8863616, 49.5690251 ] ] ] } },
{ "type": "Feature", "properties": { "element": "way", "id": 58904433, "addr:city": null, "addr:country": null, "addr:housenumber": null, "addr:postcode": null, "addr:street": null, "building": "yes", "amenity": null, "check_date:opening_hours": null, "cuisine": null, "indoor_seating": null, "name": null, "opening_hours": null, "outdoor_seating": null, "website": null, "wheelchair": null, "description": null, "leisure": null, "sport": null, "nohousenumber": null, "roof:shape": null, "air_conditioning": null, "building:levels": null, "diet:vegan": null, "diet:vegetarian": null, "payment:credit_cards": null, "payment:debit_cards": null, "phone": null, "roof:levels": null, "check_date": null, "email": null, "mobile": null, "shop": null, "denomination": null, "operator": null, "roof:colour": null, "capacity": null, "building:colour": null, "note": null, "source": null, "house": null, "roof:orientation": null, "layer": null, "compressed_air": null, "not:brand:wikidata": null, "religion": null, "contact:phone": null, "contact:website": null, "name:de": null, "name:en": null, "smoking": null, "name:signed": null, "tourism": null, "community_centre:for": null, "toilets:wheelchair": null, "url": null, "alt_name": null, "operator:wikidata": null, "power": null, "ref": null, "substation": null, "type": null }, "geometry": { "type": "Polygon", "coordinates": [ [ [ 10.8899287, 49.5709696 ], [ 10.890067, 49.5709883 ], [ 10.8901059, 49.5708672 ], [ 10.8900668, 49.5708619 ], [ 10.8900909, 49.570787 ], [ 10.8899917, 49.5707735 ], [ 10.8899287, 49.5709696 ] ] ] } },
{ "type": "Feature", "properties": { "element": "way", "id": 58904434, "addr:city": null, "addr:country": null, "addr:housenumber": null, "addr:postcode": null, "addr:street": null, "building": "residential", "amenity": null, "check_date:opening_hours": null, "cuisine": null, "indoor_seating": null, "name": null, "opening_hours": null, "outdoor_seating": null, "website": null, "wheelchair": null, "description": null, "leisure": null, "sport": null, "nohousenumber": null, "roof:shape": "gabled", "air_conditioning": null, "building:levels": null, "diet:vegan": null, "diet:vegetarian": null, "payment:credit_cards": null, "payment:debit_cards": null, "phone": null, "roof:levels": null, "check_date": null, "email": null, "mobile": null, "shop": null, "denomination": null, "operator": null, "roof:colour": null, "capacity": null, "building:colour": null, "note": null, "source": null, "house": null, "roof:orientation": null, "layer": null, "compressed_air": null, "not:brand:wikidata": null, "religion": null, "contact:phone": null, "contact:website": null, "name:de": null, "name:en": null, "smoking": null, "name:signed": null, "tourism": null, "community_centre:for": null, "toilets:wheelchair": null, "url": null, "alt_name": null, "operator:wikidata": null, "power": null, "ref": null, "substation": null, "type": null }, "geometry": { "type": "Polygon", "coordinates": [ [ [ 10.8898434, 49.5697895 ], [ 10.8900347, 49.5698166 ], [ 10.8900754, 49.5696959 ], [ 10.889884, 49.5696688 ], [ 10.8898434, 49.5697895 ] ] ] } },
{ "type": "Feature", "properties": { "element": "way", "id": 58904435, "addr:city": "Herzogenaurach", "addr:country": "DE", "addr:housenumber": "7", "addr:postcode": "91074", "addr:street": "Glockengasse", "building": "yes", "amenity": null, "check_date:opening_hours": null, "cuisine": null, "indoor_seating": null, "name": null, "opening_hours": null, "outdoor_seating": null, "website": null, "wheelchair": null, "description": null, "leisure": null, "sport": null, "nohousenumber": null, "roof:shape": null, "air_conditioning": null, "building:levels": null, "diet:vegan": null, "diet:vegetarian": null, "payment:credit_cards": null, "payment:debit_cards": null, "phone": null, "roof:levels": null, "check_date": null, "email": null, "mobile": null, "shop": null, "denomination": null, "operator": null, "roof:colour": null, "capacity": null, "building:colour": null, "note": null, "source": null, "house": null, "roof:orientation": null, "layer": null, "compressed_air": null, "not:brand:wikidata": null, "religion": null, "contact:phone": null, "contact:website": null, "name:de": null, "name:en": null, "smoking": null, "name:signed": null, "tourism": null, "community_centre:for": null, "toilets:wheelchair": null, "url": null, "alt_name": null, "operator:wikidata": null, "power": null, "ref": null, "substation": null, "type": null }, "geometry": { "type": "Polygon", "coordinates": [ [ [ 10.887342, 49.5685449 ], [ 10.8874954, 49.5685209 ], [ 10.8874153, 49.5683053 ], [ 10.8872618, 49.5683292 ], [ 10.887342, 49.5685449 ] ] ] } },
{ "type": "Feature", "properties": { "element": "way", "id": 58904437, "addr:city": "Herzogenaurach", "addr:country": "DE", "addr:housenumber": "2", "addr:postcode": "91074", "addr:street": "Hans-Sachs-Straße", "building": "yes", "amenity": null, "check_date:opening_hours": null, "cuisine": null, "indoor_seating": null, "name": null, "opening_hours": null, "outdoor_seating": null, "website": null, "wheelchair": null, "description": null, "leisure": null, "sport": null, "nohousenumber": null, "roof:shape": "gabled", "air_conditioning": null, "building:levels": null, "diet:vegan": null, "diet:vegetarian": null, "payment:credit_cards": null, "payment:debit_cards": null, "phone": null, "roof:levels": null, "check_date": null, "email": null, "mobile": null, "shop": null, "denomination": null, "operator": null, "roof:colour": null, "capacity": null, "building:colour": null, "note": null, "source": null, "house": null, "roof:orientation": null, "layer": null, "compressed_air": null, "not:brand:wikidata": null, "religion": null, "contact:phone": null, "contact:website": null, "name:de": null, "name:en": null, "smoking": null, "name:signed": null, "tourism": null, "community_centre:for": null, "toilets:wheelchair": null, "url": null, "alt_name": null, "operator:wikidata": null, "power": null, "ref": null, "substation": null, "type": null }, "geometry": { "type": "Polygon", "coordinates": [ [ [ 10.8886212, 49.5708444 ], [ 10.8887906, 49.5708286 ], [ 10.8887705, 49.5707384 ], [ 10.8886012, 49.5707542 ], [ 10.8886212, 49.5708444 ] ] ] } },
{ "type": "Feature", "properties": { "element": "way", "id": 58904438, "addr:city": "Herzogenaurach", "addr:country": "DE", "addr:housenumber": "17", "addr:postcode": "91074", "addr:street": "Eichendorffstraße", "building": "residential", "amenity": null, "check_date:opening_hours": null, "cuisine": null, "indoor_seating": null, "name": null, "opening_hours": null, "outdoor_seating": null, "website": null, "wheelchair": null, "description": null, "leisure": null, "sport": null, "nohousenumber": null, "roof:shape": "gabled", "air_conditioning": null, "building:levels": null, "diet:vegan": null, "diet:vegetarian": null, "payment:credit_cards": null, "payment:debit_cards": null, "phone": null, "roof:levels": null, "check_date": null, "email": null, "mobile": null, "shop": null, "denomination": null, "operator": null, "roof:colour": null, "capacity": null, "building:colour": null, "note": null, "source": null, "house": null, "roof:orientation": null, "layer": null, "compressed_air": null, "not:brand:wikidata": null, "religion": null, "contact:phone": null, "contact:website": null, "name:de": null, "name:en": null, "smoking": null, "name:signed": null, "tourism": null, "community_centre:for": null, "toilets:wheelchair": null, "url": null, "alt_name": null, "operator:wikidata": null, "power": null, "ref": null, "substation": null, "type": null }, "geometry": { "type": "Polygon", "coordinates": [ [ [ 10.8904811, 49.5697577 ], [ 10.8905057, 49.5698412 ], [ 10.8906684, 49.569821 ], [ 10.8906439, 49.5697376 ], [ 10.8904811, 49.5697577 ] ] ] } },
{ "type": "Feature", "properties": { "element": "way", "id": 58904441, "addr:city": null, "addr:country": null, "addr:housenumber": null, "addr:postcode": null, "addr:street": null, "building": "apartments", "amenity": null, "check_date:opening_hours": null, "cuisine": null, "indoor_seating": null, "name": null, "opening_hours": null, "outdoor_seating": null, "website": null, "wheelchair": null, "description": null, "leisure": null, "sport": null, "nohousenumber": null, "roof:shape": null, "air_conditioning": null, "building:levels": null, "diet:vegan": null, "diet:vegetarian": null, "payment:credit_cards": null, "payment:debit_cards": null, "phone": null, "roof:levels": null, "check_date": null, "email": null, "mobile": null, "shop": null, "denomination": null, "operator": null, "roof:colour": null, "capacity": null, "building:colour": null, "note": null, "source": null, "house": null, "roof:orientation": null, "layer": null, "compressed_air": null, "not:brand:wikidata": null, "religion": null, "contact:phone": null, "contact:website": null, "name:de": null, "name:en": null, "smoking": null, "name:signed": null, "tourism": null, "community_centre:for": null, "toilets:wheelchair": null, "url": null, "alt_name": null, "operator:wikidata": null, "power": null, "ref": null, "substation": null, "type": null }, "geometry": { "type": "Polygon", "coordinates": [ [ [ 10.8874578, 49.5698198 ], [ 10.8875226, 49.5697243 ], [ 10.8876802, 49.5697692 ], [ 10.8876153, 49.5698648 ], [ 10.8875439, 49.5698444 ], [ 10.8874578, 49.5698198 ] ] ] } },
{ "type": "Feature", "properties": { "element": "way", "id": 58904442, "addr:city": null, "addr:country": null, "addr:housenumber": null, "addr:postcode": null, "addr:street": null, "building": "yes", "amenity": null, "check_date:opening_hours": null, "cuisine": null, "indoor_seating": null, "name": null, "opening_hours": null, "outdoor_seating": null, "website": null, "wheelchair": null, "description": null, "leisure": null, "sport": null, "nohousenumber": null, "roof:shape": null, "air_conditioning": null, "building:levels": null, "diet:vegan": null, "diet:vegetarian": null, "payment:credit_cards": null, "payment:debit_cards": null, "phone": null, "roof:levels": null, "check_date": null, "email": null, "mobile": null, "shop": null, "denomination": null, "operator": null, "roof:colour": null, "capacity": null, "building:colour": null, "note": null, "source": null, "house": null, "roof:orientation": null, "layer": null, "compressed_air": null, "not:brand:wikidata": null, "religion": null, "contact:phone": null, "contact:website": null, "name:de": null, "name:en": null, "smoking": null, "name:signed": null, "tourism": null, "community_centre:for": null, "toilets:wheelchair": null, "url": null, "alt_name": null, "operator:wikidata": null, "power": null, "ref": null, "substation": null, "type": null }, "geometry": { "type": "Polygon", "coordinates": [ [ [ 10.885962, 49.569881 ], [ 10.8861251, 49.5698579 ], [ 10.8861716, 49.5699959 ], [ 10.8860086, 49.570019 ], [ 10.8859896, 49.5699626 ], [ 10.885962, 49.569881 ] ] ] } },
{ "type": "Feature", "properties": { "element": "way", "id": 58904446, "addr:city": null, "addr:country": null, "addr:housenumber": null, "addr:postcode": null, "addr:street": null, "building": "yes", "amenity": null, "check_date:opening_hours": null, "cuisine": null, "indoor_seating": null, "name": null, "opening_hours": null, "outdoor_seating": null, "website": null, "wheelchair": null, "description": null, "leisure": null, "sport": null, "nohousenumber": null, "roof:shape": null, "air_conditioning": null, "building:levels": null, "diet:vegan": null, "diet:vegetarian": null, "payment:credit_cards": null, "payment:debit_cards": null, "phone": null, "roof:levels": null, "check_date": null, "email": null, "mobile": null, "shop": null, "denomination": null, "operator": null, "roof:colour": null, "capacity": null, "building:colour": null, "note": null, "source": null, "house": null, "roof:orientation": null, "layer": null, "compressed_air": null, "not:brand:wikidata": null, "religion": null, "contact:phone": null, "contact:website": null, "name:de": null, "name:en": null, "smoking": null, "name:signed": null, "tourism": null, "community_centre:for": null, "toilets:wheelchair": null, "url": null, "alt_name": null, "operator:wikidata": null, "power": null, "ref": null, "substation": null, "type": null }, "geometry": { "type": "Polygon", "coordinates": [ [ [ 10.8862491, 49.5698463 ], [ 10.886383, 49.5698261 ], [ 10.8864265, 49.5699472 ], [ 10.8863614, 49.569957 ], [ 10.8862926, 49.5699674 ], [ 10.8862491, 49.5698463 ] ] ] } },
{ "type": "Feature", "properties": { "element": "way", "id": 58904447, "addr:city": null, "addr:country": null, "addr:housenumber": null, "addr:postcode": null, "addr:street": null, "building": "yes", "amenity": null, "check_date:opening_hours": null, "cuisine": null, "indoor_seating": null, "name": null, "opening_hours": null, "outdoor_seating": null, "website": null, "wheelchair": null, "description": null, "leisure": null, "sport": null, "nohousenumber": null, "roof:shape": null, "air_conditioning": null, "building:levels": null, "diet:vegan": null, "diet:vegetarian": null, "payment:credit_cards": null, "payment:debit_cards": null, "phone": null, "roof:levels": null, "check_date": null, "email": null, "mobile": null, "shop": null, "denomination": null, "operator": null, "roof:colour": null, "capacity": null, "building:colour": null, "note": null, "source": null, "house": null, "roof:orientation": null, "layer": null, "compressed_air": null, "not:brand:wikidata": null, "religion": null, "contact:phone": null, "contact:website": null, "name:de": null, "name:en": null, "smoking": null, "name:signed": null, "tourism": null, "community_centre:for": null, "toilets:wheelchair": null, "url": null, "alt_name": null, "operator:wikidata": null, "power": null, "ref": null, "substation": null, "type": null }, "geometry": { "type": "Polygon", "coordinates": [ [ [ 10.885572, 49.5685668 ], [ 10.8856217, 49.5686426 ], [ 10.8857504, 49.5686169 ], [ 10.8857137, 49.5685337 ], [ 10.8856508, 49.568545 ], [ 10.885572, 49.5685668 ] ] ] } },
{ "type": "Feature", "properties": { "element": "way", "id": 58904448, "addr:city": "Herzogenaurach", "addr:country": "DE", "addr:housenumber": "1", "addr:postcode": "91074", "addr:street": "Karl-Bröger-Straße", "building": "residential", "amenity": null, "check_date:opening_hours": null, "cuisine": null, "indoor_seating": null, "name": null, "opening_hours": null, "outdoor_seating": null, "website": null, "wheelchair": null, "description": null, "leisure": null, "sport": null, "nohousenumber": null, "roof:shape": "gabled", "air_conditioning": null, "building:levels": null, "diet:vegan": null, "diet:vegetarian": null, "payment:credit_cards": null, "payment:debit_cards": null, "phone": null, "roof:levels": null, "check_date": null, "email": null, "mobile": null, "shop": null, "denomination": null, "operator": null, "roof:colour": null, "capacity": null, "building:colour": null, "note": null, "source": null, "house": null, "roof:orientation": null, "layer": null, "compressed_air": null, "not:brand:wikidata": null, "religion": null, "contact:phone": null, "contact:website": null, "name:de": null, "name:en": null, "smoking": null, "name:signed": null, "tourism": null, "community_centre:for": null, "toilets:wheelchair": null, "url": null, "alt_name": null, "operator:wikidata": null, "power": null, "ref": null, "substation": null, "type": null }, "geometry": { "type": "Polygon", "coordinates": [ [ [ 10.889317, 49.5702924 ], [ 10.8894904, 49.5702982 ], [ 10.8894997, 49.570182 ], [ 10.8893263, 49.5701761 ], [ 10.889317, 49.5702924 ] ] ] } },
{ "type": "Feature", "properties": { "element": "way", "id": 58904450, "addr:city": null, "addr:country": null, "addr:housenumber": null, "addr:postcode": null, "addr:street": null, "building": "yes", "amenity": null, "check_date:opening_hours": null, "cuisine": null, "indoor_seating": null, "name": null, "opening_hours": null, "outdoor_seating": null, "website": null, "wheelchair": null, "description": null, "leisure": null, "sport": null, "nohousenumber": null, "roof:shape": null, "air_conditioning": null, "building:levels": null, "diet:vegan": null, "diet:vegetarian": null, "payment:credit_cards": null, "payment:debit_cards": null, "phone": null, "roof:levels": null, "check_date": null, "email": null, "mobile": null, "shop": null, "denomination": null, "operator": null, "roof:colour": null, "capacity": null, "building:colour": null, "note": null, "source": null, "house": null, "roof:orientation": null, "layer": null, "compressed_air": null, "not:brand:wikidata": null, "religion": null, "contact:phone": null, "contact:website": null, "name:de": null, "name:en": null, "smoking": null, "name:signed": null, "tourism": null, "community_centre:for": null, "toilets:wheelchair": null, "url": null, "alt_name": null, "operator:wikidata": null, "power": null, "ref": null, "substation": null, "type": null }, "geometry": { "type": "Polygon", "coordinates": [ [ [ 10.886623, 49.5695198 ], [ 10.8866929, 49.569497 ], [ 10.886773, 49.5694708 ], [ 10.8867118, 49.5693919 ], [ 10.8865618, 49.569441 ], [ 10.886623, 49.5695198 ] ] ] } },
{ "type": "Feature", "properties": { "element": "way", "id": 58904451, "addr:city": null, "addr:country": null, "addr:housenumber": null, "addr:postcode": null, "addr:street": null, "building": "yes", "amenity": null, "check_date:opening_hours": null, "cuisine": null, "indoor_seating": null, "name": null, "opening_hours": null, "outdoor_seating": null, "website": null, "wheelchair": null, "description": null, "leisure": null, "sport": null, "nohousenumber": null, "roof:shape": null, "air_conditioning": null, "building:levels": null, "diet:vegan": null, "diet:vegetarian": null, "payment:credit_cards": null, "payment:debit_cards": null, "phone": null, "roof:levels": null, "check_date": null, "email": null, "mobile": null, "shop": null, "denomination": null, "operator": null, "roof:colour": null, "capacity": null, "building:colour": null, "note": null, "source": null, "house": null, "roof:orientation": null, "layer": null, "compressed_air": null, "not:brand:wikidata": null, "religion": null, "contact:phone": null, "contact:website": null, "name:de": null, "name:en": null, "smoking": null, "name:signed": null, "tourism": null, "community_centre:for": null, "toilets:wheelchair": null, "url": null, "alt_name": null, "operator:wikidata": null, "power": null, "ref": null, "substation": null, "type": null }, "geometry": { "type": "Polygon", "coordinates": [ [ [ 10.8878968, 49.5682538 ], [ 10.8880483, 49.5682363 ], [ 10.887997, 49.5680495 ], [ 10.8878455, 49.5680671 ], [ 10.8878968, 49.5682538 ] ] ] } },
{ "type": "Feature", "properties": { "element": "way", "id": 58904453, "addr:city": null, "addr:country": null, "addr:housenumber": null, "addr:postcode": null, "addr:street": null, "building": "yes", "amenity": null, "check_date:opening_hours": null, "cuisine": null, "indoor_seating": null, "name": null, "opening_hours": null, "outdoor_seating": null, "website": null, "wheelchair": null, "description": null, "leisure": null, "sport": null, "nohousenumber": null, "roof:shape": null, "air_conditioning": null, "building:levels": null, "diet:vegan": null, "diet:vegetarian": null, "payment:credit_cards": null, "payment:debit_cards": null, "phone": null, "roof:levels": null, "check_date": null, "email": null, "mobile": null, "shop": null, "denomination": null, "operator": null, "roof:colour": null, "capacity": null, "building:colour": null, "note": null, "source": null, "house": null, "roof:orientation": null, "layer": null, "compressed_air": null, "not:brand:wikidata": null, "religion": null, "contact:phone": null, "contact:website": null, "name:de": null, "name:en": null, "smoking": null, "name:signed": null, "tourism": null, "community_centre:for": null, "toilets:wheelchair": null, "url": null, "alt_name": null, "operator:wikidata": null, "power": null, "ref": null, "substation": null, "type": null }, "geometry": { "type": "Polygon", "coordinates": [ [ [ 10.8869069, 49.5686383 ], [ 10.8869366, 49.568708 ], [ 10.8871892, 49.5686628 ], [ 10.8871595, 49.568593 ], [ 10.8870063, 49.5686205 ], [ 10.8869069, 49.5686383 ] ] ] } },
{ "type": "Feature", "properties": { "element": "way", "id": 58904454, "addr:city": "Herzogenaurach", "addr:country": "DE", "addr:housenumber": "6", "addr:postcode": "91074", "addr:street": "Zum Flughafen", "building": "apartments", "amenity": null, "check_date:opening_hours": null, "cuisine": null, "indoor_seating": null, "name": null, "opening_hours": null, "outdoor_seating": null, "website": null, "wheelchair": null, "description": null, "leisure": null, "sport": null, "nohousenumber": null, "roof:shape": null, "air_conditioning": null, "building:levels": null, "diet:vegan": null, "diet:vegetarian": null, "payment:credit_cards": null, "payment:debit_cards": null, "phone": null, "roof:levels": null, "check_date": null, "email": null, "mobile": null, "shop": null, "denomination": null, "operator": null, "roof:colour": null, "capacity": null, "building:colour": null, "note": null, "source": null, "house": null, "roof:orientation": null, "layer": null, "compressed_air": null, "not:brand:wikidata": null, "religion": null, "contact:phone": null, "contact:website": null, "name:de": null, "name:en": null, "smoking": null, "name:signed": null, "tourism": null, "community_centre:for": null, "toilets:wheelchair": null, "url": null, "alt_name": null, "operator:wikidata": null, "power": null, "ref": null, "substation": null, "type": null }, "geometry": { "type": "Polygon", "coordinates": [ [ [ 10.8849027, 49.5685616 ], [ 10.8850383, 49.5685502 ], [ 10.8850269, 49.5684933 ], [ 10.885015, 49.568434 ], [ 10.8848794, 49.5684454 ], [ 10.8849027, 49.5685616 ] ] ] } },
{ "type": "Feature", "properties": { "element": "way", "id": 58904457, "addr:city": "Herzogenaurach", "addr:country": "DE", "addr:housenumber": "10a", "addr:postcode": "91074", "addr:street": "Glockengasse", "building": "residential", "amenity": null, "check_date:opening_hours": null, "cuisine": null, "indoor_seating": null, "name": null, "opening_hours": null, "outdoor_seating": null, "website": null, "wheelchair": null, "description": null, "leisure": null, "sport": null, "nohousenumber": null, "roof:shape": null, "air_conditioning": null, "building:levels": null, "diet:vegan": null, "diet:vegetarian": null, "payment:credit_cards": null, "payment:debit_cards": null, "phone": null, "roof:levels": null, "check_date": null, "email": null, "mobile": null, "shop": null, "denomination": null, "operator": null, "roof:colour": null, "capacity": null, "building:colour": null, "note": null, "source": null, "house": null, "roof:orientation": null, "layer": null, "compressed_air": null, "not:brand:wikidata": null, "religion": null, "contact:phone": null, "contact:website": null, "name:de": null, "name:en": null, "smoking": null, "name:signed": null, "tourism": null, "community_centre:for": null, "toilets:wheelchair": null, "url": null, "alt_name": null, "operator:wikidata": null, "power": null, "ref": null, "substation": null, "type": null }, "geometry": { "type": "Polygon", "coordinates": [ [ [ 10.8876562, 49.5684816 ], [ 10.887798, 49.568462 ], [ 10.88776, 49.5683467 ], [ 10.8876182, 49.5683663 ], [ 10.8876562, 49.5684816 ] ] ] } },
{ "type": "Feature", "properties": { "element": "way", "id": 58904458, "addr:city": null, "addr:country": null, "addr:housenumber": null, "addr:postcode": null, "addr:street": null, "building": "yes", "amenity": null, "check_date:opening_hours": null, "cuisine": null, "indoor_seating": null, "name": null, "opening_hours": null, "outdoor_seating": null, "website": null, "wheelchair": null, "description": null, "leisure": null, "sport": null, "nohousenumber": null, "roof:shape": null, "air_conditioning": null, "building:levels": null, "diet:vegan": null, "diet:vegetarian": null, "payment:credit_cards": null, "payment:debit_cards": null, "phone": null, "roof:levels": null, "check_date": null, "email": null, "mobile": null, "shop": null, "denomination": null, "operator": null, "roof:colour": null, "capacity": null, "building:colour": null, "note": null, "source": null, "house": null, "roof:orientation": null, "layer": null, "compressed_air": null, "not:brand:wikidata": null, "religion": null, "contact:phone": null, "contact:website": null, "name:de": null, "name:en": null, "smoking": null, "name:signed": null, "tourism": null, "community_centre:for": null, "toilets:wheelchair": null, "url": null, "alt_name": null, "operator:wikidata": null, "power": null, "ref": null, "substation": null, "type": null }, "geometry": { "type": "Polygon", "coordinates": [ [ [ 10.8865552, 49.5687592 ], [ 10.8865929, 49.5688535 ], [ 10.8867268, 49.5688311 ], [ 10.8867859, 49.5688212 ], [ 10.8867483, 49.5687268 ], [ 10.8865552, 49.5687592 ] ] ] } },
{ "type": "Feature", "properties": { "element": "way", "id": 58904462, "addr:city": null, "addr:country": null, "addr:housenumber": null, "addr:postcode": null, "addr:street": null, "building": "yes", "amenity": null, "check_date:opening_hours": null, "cuisine": null, "indoor_seating": null, "name": null, "opening_hours": null, "outdoor_seating": null, "website": null, "wheelchair": null, "description": null, "leisure": null, "sport": null, "nohousenumber": null, "roof:shape": null, "air_conditioning": null, "building:levels": null, "diet:vegan": null, "diet:vegetarian": null, "payment:credit_cards": null, "payment:debit_cards": null, "phone": null, "roof:levels": null, "check_date": null, "email": null, "mobile": null, "shop": null, "denomination": null, "operator": null, "roof:colour": null, "capacity": null, "building:colour": null, "note": null, "source": null, "house": null, "roof:orientation": null, "layer": null, "compressed_air": null, "not:brand:wikidata": null, "religion": null, "contact:phone": null, "contact:website": null, "name:de": null, "name:en": null, "smoking": null, "name:signed": null, "tourism": null, "community_centre:for": null, "toilets:wheelchair": null, "url": null, "alt_name": null, "operator:wikidata": null, "power": null, "ref": null, "substation": null, "type": null }, "geometry": { "type": "Polygon", "coordinates": [ [ [ 10.8868029, 49.5693704 ], [ 10.8868648, 49.5694561 ], [ 10.886955, 49.5694287 ], [ 10.8870257, 49.5694072 ], [ 10.8869638, 49.5693215 ], [ 10.8868029, 49.5693704 ] ] ] } },
{ "type": "Feature", "properties": { "element": "way", "id": 58904463, "addr:city": null, "addr:country": null, "addr:housenumber": null, "addr:postcode": null, "addr:street": null, "building": "yes", "amenity": null, "check_date:opening_hours": null, "cuisine": null, "indoor_seating": null, "name": null, "opening_hours": null, "outdoor_seating": null, "website": null, "wheelchair": null, "description": null, "leisure": null, "sport": null, "nohousenumber": null, "roof:shape": null, "air_conditioning": null, "building:levels": null, "diet:vegan": null, "diet:vegetarian": null, "payment:credit_cards": null, "payment:debit_cards": null, "phone": null, "roof:levels": null, "check_date": null, "email": null, "mobile": null, "shop": null, "denomination": null, "operator": null, "roof:colour": null, "capacity": null, "building:colour": null, "note": null, "source": null, "house": null, "roof:orientation": null, "layer": null, "compressed_air": null, "not:brand:wikidata": null, "religion": null, "contact:phone": null, "contact:website": null, "name:de": null, "name:en": null, "smoking": null, "name:signed": null, "tourism": null, "community_centre:for": null, "toilets:wheelchair": null, "url": null, "alt_name": null, "operator:wikidata": null, "power": null, "ref": null, "substation": null, "type": null }, "geometry": { "type": "Polygon", "coordinates": [ [ [ 10.8855718, 49.5702743 ], [ 10.8856153, 49.5703598 ], [ 10.8857022, 49.5703412 ], [ 10.8858018, 49.5703198 ], [ 10.8857582, 49.5702343 ], [ 10.8855718, 49.5702743 ] ] ] } },
{ "type": "Feature", "properties": { "element": "way", "id": 58904466, "addr:city": null, "addr:country": null, "addr:housenumber": null, "addr:postcode": null, "addr:street": null, "building": "yes", "amenity": null, "check_date:opening_hours": null, "cuisine": null, "indoor_seating": null, "name": null, "opening_hours": null, "outdoor_seating": null, "website": null, "wheelchair": null, "description": null, "leisure": null, "sport": null, "nohousenumber": null, "roof:shape": null, "air_conditioning": null, "building:levels": null, "diet:vegan": null, "diet:vegetarian": null, "payment:credit_cards": null, "payment:debit_cards": null, "phone": null, "roof:levels": null, "check_date": null, "email": null, "mobile": null, "shop": null, "denomination": null, "operator": null, "roof:colour": null, "capacity": null, "building:colour": null, "note": null, "source": null, "house": null, "roof:orientation": null, "layer": null, "compressed_air": null, "not:brand:wikidata": null, "religion": null, "contact:phone": null, "contact:website": null, "name:de": null, "name:en": null, "smoking": null, "name:signed": null, "tourism": null, "community_centre:for": null, "toilets:wheelchair": null, "url": null, "alt_name": null, "operator:wikidata": null, "power": null, "ref": null, "substation": null, "type": null }, "geometry": { "type": "Polygon", "coordinates": [ [ [ 10.8867999, 49.5684009 ], [ 10.8869445, 49.5683756 ], [ 10.8869959, 49.568499 ], [ 10.8869268, 49.5685111 ], [ 10.8868513, 49.5685243 ], [ 10.8867999, 49.5684009 ] ] ] } },
{ "type": "Feature", "properties": { "element": "way", "id": 58904467, "addr:city": null, "addr:country": null, "addr:housenumber": null, "addr:postcode": null, "addr:street": null, "building": "house", "amenity": null, "check_date:opening_hours": null, "cuisine": null, "indoor_seating": null, "name": null, "opening_hours": null, "outdoor_seating": null, "website": null, "wheelchair": null, "description": null, "leisure": null, "sport": null, "nohousenumber": null, "roof:shape": "hipped", "air_conditioning": null, "building:levels": null, "diet:vegan": null, "diet:vegetarian": null, "payment:credit_cards": null, "payment:debit_cards": null, "phone": null, "roof:levels": null, "check_date": null, "email": null, "mobile": null, "shop": null, "denomination": null, "operator": null, "roof:colour": null, "capacity": null, "building:colour": null, "note": null, "source": null, "house": "terraced", "roof:orientation": null, "layer": null, "compressed_air": null, "not:brand:wikidata": null, "religion": null, "contact:phone": null, "contact:website": null, "name:de": null, "name:en": null, "smoking": null, "name:signed": null, "tourism": null, "community_centre:for": null, "toilets:wheelchair": null, "url": null, "alt_name": null, "operator:wikidata": null, "power": null, "ref": null, "substation": null, "type": null }, "geometry": { "type": "Polygon", "coordinates": [ [ [ 10.8886216, 49.5696841 ], [ 10.8886232, 49.5697791 ], [ 10.8886619, 49.5697788 ], [ 10.88873, 49.5697783 ], [ 10.8887899, 49.5697779 ], [ 10.8888432, 49.5697775 ], [ 10.8888416, 49.5696825 ], [ 10.8886216, 49.5696841 ] ] ] } },
{ "type": "Feature", "properties": { "element": "way", "id": 168142469, "addr:city": "Herzogenaurach", "addr:country": "DE", "addr:housenumber": "3", "addr:postcode": "91074", "addr:street": "Kunigundenstraße", "building": "residential", "amenity": null, "check_date:opening_hours": null, "cuisine": null, "indoor_seating": null, "name": null, "opening_hours": null, "outdoor_seating": null, "website": null, "wheelchair": null, "description": null, "leisure": null, "sport": null, "nohousenumber": null, "roof:shape": null, "air_conditioning": null, "building:levels": null, "diet:vegan": null, "diet:vegetarian": null, "payment:credit_cards": null, "payment:debit_cards": null, "phone": null, "roof:levels": null, "check_date": null, "email": null, "mobile": null, "shop": null, "denomination": null, "operator": null, "roof:colour": null, "capacity": null, "building:colour": null, "note": null, "source": null, "house": null, "roof:orientation": null, "layer": null, "compressed_air": null, "not:brand:wikidata": null, "religion": null, "contact:phone": null, "contact:website": null, "name:de": null, "name:en": null, "smoking": null, "name:signed": null, "tourism": null, "community_centre:for": null, "toilets:wheelchair": null, "url": null, "alt_name": null, "operator:wikidata": null, "power": null, "ref": null, "substation": null, "type": null }, "geometry": { "type": "Polygon", "coordinates": [ [ [ 10.8922265, 49.5702025 ], [ 10.8922373, 49.5701007 ], [ 10.8924451, 49.5701138 ], [ 10.892434, 49.5702163 ], [ 10.8922265, 49.5702025 ] ] ] } },
{ "type": "Feature", "properties": { "element": "way", "id": 168142471, "addr:city": "Herzogenaurach", "addr:country": "DE", "addr:housenumber": "4", "addr:postcode": "91074", "addr:street": "Kunigundenstraße", "building": "residential", "amenity": null, "check_date:opening_hours": null, "cuisine": null, "indoor_seating": null, "name": null, "opening_hours": null, "outdoor_seating": null, "website": null, "wheelchair": null, "description": null, "leisure": null, "sport": null, "nohousenumber": null, "roof:shape": "gabled", "air_conditioning": null, "building:levels": null, "diet:vegan": null, "diet:vegetarian": null, "payment:credit_cards": null, "payment:debit_cards": null, "phone": null, "roof:levels": null, "check_date": null, "email": null, "mobile": null, "shop": null, "denomination": null, "operator": null, "roof:colour": "red", "capacity": null, "building:colour": null, "note": null, "source": null, "house": null, "roof:orientation": null, "layer": null, "compressed_air": null, "not:brand:wikidata": null, "religion": null, "contact:phone": null, "contact:website": null, "name:de": null, "name:en": null, "smoking": null, "name:signed": null, "tourism": null, "community_centre:for": null, "toilets:wheelchair": null, "url": null, "alt_name": null, "operator:wikidata": null, "power": null, "ref": null, "substation": null, "type": null }, "geometry": { "type": "Polygon", "coordinates": [ [ [ 10.8913629, 49.5698695 ], [ 10.8913193, 49.5696865 ], [ 10.8914841, 49.56967 ], [ 10.8915277, 49.569853 ], [ 10.8913629, 49.5698695 ] ] ] } },
{ "type": "Feature", "properties": { "element": "way", "id": 168142473, "addr:city": "Herzogenaurach", "addr:country": "DE", "addr:housenumber": "7", "addr:postcode": "91074", "addr:street": "Heinrichstraße", "building": "residential", "amenity": null, "check_date:opening_hours": null, "cuisine": null, "indoor_seating": null, "name": null, "opening_hours": null, "outdoor_seating": null, "website": null, "wheelchair": null, "description": null, "leisure": null, "sport": null, "nohousenumber": null, "roof:shape": null, "air_conditioning": null, "building:levels": null, "diet:vegan": null, "diet:vegetarian": null, "payment:credit_cards": null, "payment:debit_cards": null, "phone": null, "roof:levels": null, "check_date": null, "email": null, "mobile": null, "shop": null, "denomination": null, "operator": null, "roof:colour": null, "capacity": null, "building:colour": null, "note": null, "source": null, "house": null, "roof:orientation": null, "layer": null, "compressed_air": null, "not:brand:wikidata": null, "religion": null, "contact:phone": null, "contact:website": null, "name:de": null, "name:en": null, "smoking": null, "name:signed": null, "tourism": null, "community_centre:for": null, "toilets:wheelchair": null, "url": null, "alt_name": null, "operator:wikidata": null, "power": null, "ref": null, "substation": null, "type": null }, "geometry": { "type": "Polygon", "coordinates": [ [ [ 10.8927922, 49.570311 ], [ 10.8928041, 49.5701859 ], [ 10.8930596, 49.5701962 ], [ 10.8930477, 49.5703213 ], [ 10.8927922, 49.570311 ] ] ] } },
{ "type": "Feature", "properties": { "element": "way", "id": 168142475, "addr:city": "Herzogenaurach", "addr:country": "DE", "addr:housenumber": "1", "addr:postcode": "91074", "addr:street": "Kunigundenstraße", "building": "residential", "amenity": null, "check_date:opening_hours": null, "cuisine": null, "indoor_seating": null, "name": null, "opening_hours": null, "outdoor_seating": null, "website": null, "wheelchair": null, "description": null, "leisure": null, "sport": null, "nohousenumber": null, "roof:shape": null, "air_conditioning": null, "building:levels": null, "diet:vegan": null, "diet:vegetarian": null, "payment:credit_cards": null, "payment:debit_cards": null, "phone": null, "roof:levels": null, "check_date": null, "email": null, "mobile": null, "shop": null, "denomination": null, "operator": null, "roof:colour": null, "capacity": null, "building:colour": null, "note": null, "source": null, "house": null, "roof:orientation": null, "layer": null, "compressed_air": null, "not:brand:wikidata": null, "religion": null, "contact:phone": null, "contact:website": null, "name:de": null, "name:en": null, "smoking": null, "name:signed": null, "tourism": null, "community_centre:for": null, "toilets:wheelchair": null, "url": null, "alt_name": null, "operator:wikidata": null, "power": null, "ref": null, "substation": null, "type": null }, "geometry": { "type": "Polygon", "coordinates": [ [ [ 10.8919341, 49.5701722 ], [ 10.8919505, 49.5700657 ], [ 10.8921147, 49.5700764 ], [ 10.8920983, 49.5701829 ], [ 10.8919341, 49.5701722 ] ] ] } },
{ "type": "Feature", "properties": { "element": "way", "id": 168142477, "addr:city": "Herzogenaurach", "addr:country": "DE", "addr:housenumber": "5", "addr:postcode": "91074", "addr:street": "Kunigundenstraße", "building": "residential", "amenity": null, "check_date:opening_hours": null, "cuisine": null, "indoor_seating": null, "name": null, "opening_hours": null, "outdoor_seating": null, "website": null, "wheelchair": null, "description": null, "leisure": null, "sport": null, "nohousenumber": null, "roof:shape": null, "air_conditioning": null, "building:levels": null, "diet:vegan": null, "diet:vegetarian": null, "payment:credit_cards": null, "payment:debit_cards": null, "phone": null, "roof:levels": null, "check_date": null, "email": null, "mobile": null, "shop": null, "denomination": null, "operator": null, "roof:colour": null, "capacity": null, "building:colour": null, "note": null, "source": null, "house": null, "roof:orientation": null, "layer": null, "compressed_air": null, "not:brand:wikidata": null, "religion": null, "contact:phone": null, "contact:website": null, "name:de": null, "name:en": null, "smoking": null, "name:signed": null, "tourism": null, "community_centre:for": null, "toilets:wheelchair": null, "url": null, "alt_name": null, "operator:wikidata": null, "power": null, "ref": null, "substation": null, "type": null }, "geometry": { "type": "Polygon", "coordinates": [ [ [ 10.8925114, 49.5702561 ], [ 10.8925176, 49.5701345 ], [ 10.8927183, 49.5701388 ], [ 10.8927121, 49.5702604 ], [ 10.8925114, 49.5702561 ] ] ] } },
{ "type": "Feature", "properties": { "element": "way", "id": 246287326, "addr:city": "Herzogenaurach", "addr:country": "DE", "addr:housenumber": "10", "addr:postcode": "91074", "addr:street": "Eichendorffstraße", "building": "residential", "amenity": null, "check_date:opening_hours": null, "cuisine": null, "indoor_seating": null, "name": null, "opening_hours": null, "outdoor_seating": null, "website": null, "wheelchair": null, "description": null, "leisure": null, "sport": null, "nohousenumber": null, "roof:shape": "gabled", "air_conditioning": null, "building:levels": null, "diet:vegan": null, "diet:vegetarian": null, "payment:credit_cards": null, "payment:debit_cards": null, "phone": null, "roof:levels": null, "check_date": null, "email": null, "mobile": null, "shop": null, "denomination": null, "operator": null, "roof:colour": null, "capacity": null, "building:colour": null, "note": null, "source": null, "house": null, "roof:orientation": null, "layer": null, "compressed_air": null, "not:brand:wikidata": null, "religion": null, "contact:phone": null, "contact:website": null, "name:de": null, "name:en": null, "smoking": null, "name:signed": null, "tourism": null, "community_centre:for": null, "toilets:wheelchair": null, "url": null, "alt_name": null, "operator:wikidata": null, "power": null, "ref": null, "substation": null, "type": null }, "geometry": { "type": "Polygon", "coordinates": [ [ [ 10.8907068, 49.5684406 ], [ 10.8905499, 49.5684463 ], [ 10.8905587, 49.5685488 ], [ 10.8907155, 49.5685431 ], [ 10.8907068, 49.5684406 ] ] ] } },
{ "type": "Feature", "properties": { "element": "way", "id": 246287327, "addr:city": null, "addr:country": null, "addr:housenumber": null, "addr:postcode": null, "addr:street": null, "building": "yes", "amenity": null, "check_date:opening_hours": null, "cuisine": null, "indoor_seating": null, "name": null, "opening_hours": null, "outdoor_seating": null, "website": null, "wheelchair": null, "description": null, "leisure": null, "sport": null, "nohousenumber": null, "roof:shape": "gabled", "air_conditioning": null, "building:levels": null, "diet:vegan": null, "diet:vegetarian": null, "payment:credit_cards": null, "payment:debit_cards": null, "phone": null, "roof:levels": null, "check_date": null, "email": null, "mobile": null, "shop": null, "denomination": null, "operator": null, "roof:colour": null, "capacity": null, "building:colour": null, "note": null, "source": null, "house": null, "roof:orientation": "across", "layer": null, "compressed_air": null, "not:brand:wikidata": null, "religion": null, "contact:phone": null, "contact:website": null, "name:de": null, "name:en": null, "smoking": null, "name:signed": null, "tourism": null, "community_centre:for": null, "toilets:wheelchair": null, "url": null, "alt_name": null, "operator:wikidata": null, "power": null, "ref": null, "substation": null, "type": null }, "geometry": { "type": "Polygon", "coordinates": [ [ [ 10.8897644, 49.5704436 ], [ 10.8899342, 49.5704465 ], [ 10.8899291, 49.5705717 ], [ 10.889876, 49.5705708 ], [ 10.8898039, 49.5705695 ], [ 10.8897592, 49.5705687 ], [ 10.8897644, 49.5704436 ] ] ] } },
{ "type": "Feature", "properties": { "element": "way", "id": 246287328, "addr:city": "Herzogenaurach", "addr:country": "DE", "addr:housenumber": "25", "addr:postcode": "91074", "addr:street": "Eichendorffstraße", "building": "residential", "amenity": null, "check_date:opening_hours": null, "cuisine": null, "indoor_seating": null, "name": null, "opening_hours": null, "outdoor_seating": null, "website": null, "wheelchair": null, "description": null, "leisure": null, "sport": null, "nohousenumber": null, "roof:shape": "hipped", "air_conditioning": null, "building:levels": null, "diet:vegan": null, "diet:vegetarian": null, "payment:credit_cards": null, "payment:debit_cards": null, "phone": null, "roof:levels": null, "check_date": null, "email": null, "mobile": null, "shop": null, "denomination": null, "operator": null, "roof:colour": "red", "capacity": null, "building:colour": null, "note": null, "source": null, "house": null, "roof:orientation": null, "layer": null, "compressed_air": null, "not:brand:wikidata": null, "religion": null, "contact:phone": null, "contact:website": null, "name:de": null, "name:en": null, "smoking": null, "name:signed": null, "tourism": null, "community_centre:for": null, "toilets:wheelchair": null, "url": null, "alt_name": null, "operator:wikidata": null, "power": null, "ref": null, "substation": null, "type": null }, "geometry": { "type": "Polygon", "coordinates": [ [ [ 10.8908657, 49.5708933 ], [ 10.8908561, 49.5707516 ], [ 10.8907099, 49.5707557 ], [ 10.8907195, 49.5708975 ], [ 10.8908657, 49.5708933 ] ] ] } },
{ "type": "Feature", "properties": { "element": "way", "id": 246287331, "addr:city": "Herzogenaurach", "addr:country": "DE", "addr:housenumber": "7", "addr:postcode": "91074", "addr:street": "Karl-Bröger-Straße", "building": "residential", "amenity": null, "check_date:opening_hours": null, "cuisine": null, "indoor_seating": null, "name": null, "opening_hours": null, "outdoor_seating": null, "website": null, "wheelchair": null, "description": null, "leisure": null, "sport": null, "nohousenumber": null, "roof:shape": "pyramidal", "air_conditioning": null, "building:levels": null, "diet:vegan": null, "diet:vegetarian": null, "payment:credit_cards": null, "payment:debit_cards": null, "phone": null, "roof:levels": null, "check_date": null, "email": null, "mobile": null, "shop": null, "denomination": null, "operator": null, "roof:colour": null, "capacity": null, "building:colour": null, "note": null, "source": null, "house": null, "roof:orientation": null, "layer": null, "compressed_air": null, "not:brand:wikidata": null, "religion": null, "contact:phone": null, "contact:website": null, "name:de": null, "name:en": null, "smoking": null, "name:signed": null, "tourism": null, "community_centre:for": null, "toilets:wheelchair": null, "url": null, "alt_name": null, "operator:wikidata": null, "power": null, "ref": null, "substation": null, "type": null }, "geometry": { "type": "Polygon", "coordinates": [ [ [ 10.890222, 49.5704579 ], [ 10.8902335, 49.5703426 ], [ 10.8903873, 49.570349 ], [ 10.8903758, 49.5704644 ], [ 10.890222, 49.5704579 ] ] ] } },
{ "type": "Feature", "properties": { "element": "way", "id": 246287335, "addr:city": "Herzogenaurach", "addr:country": "DE", "addr:housenumber": "12", "addr:postcode": "91074", "addr:street": "Eichendorffstraße", "building": "residential", "amenity": null, "check_date:opening_hours": null, "cuisine": null, "indoor_seating": null, "name": null, "opening_hours": null, "outdoor_seating": null, "website": null, "wheelchair": null, "description": null, "leisure": null, "sport": null, "nohousenumber": null, "roof:shape": "gabled", "air_conditioning": null, "building:levels": null, "diet:vegan": null, "diet:vegetarian": null, "payment:credit_cards": null, "payment:debit_cards": null, "phone": null, "roof:levels": null, "check_date": null, "email": null, "mobile": null, "shop": null, "denomination": null, "operator": null, "roof:colour": null, "capacity": null, "building:colour": null, "note": null, "source": null, "house": null, "roof:orientation": null, "layer": null, "compressed_air": null, "not:brand:wikidata": null, "religion": null, "contact:phone": null, "contact:website": null, "name:de": null, "name:en": null, "smoking": null, "name:signed": null, "tourism": null, "community_centre:for": null, "toilets:wheelchair": null, "url": null, "alt_name": null, "operator:wikidata": null, "power": null, "ref": null, "substation": null, "type": null }, "geometry": { "type": "Polygon", "coordinates": [ [ [ 10.8907114, 49.5687461 ], [ 10.8905678, 49.5687677 ], [ 10.8905936, 49.5688398 ], [ 10.8907372, 49.5688183 ], [ 10.8907114, 49.5687461 ] ] ] } },
{ "type": "Feature", "properties": { "element": "way", "id": 246287336, "addr:city": null, "addr:country": null, "addr:housenumber": null, "addr:postcode": null, "addr:street": null, "building": "yes", "amenity": null, "check_date:opening_hours": null, "cuisine": null, "indoor_seating": null, "name": null, "opening_hours": null, "outdoor_seating": null, "website": null, "wheelchair": null, "description": null, "leisure": null, "sport": null, "nohousenumber": null, "roof:shape": "gabled", "air_conditioning": null, "building:levels": null, "diet:vegan": null, "diet:vegetarian": null, "payment:credit_cards": null, "payment:debit_cards": null, "phone": null, "roof:levels": null, "check_date": null, "email": null, "mobile": null, "shop": null, "denomination": null, "operator": null, "roof:colour": null, "capacity": null, "building:colour": null, "note": null, "source": null, "house": null, "roof:orientation": null, "layer": null, "compressed_air": null, "not:brand:wikidata": null, "religion": null, "contact:phone": null, "contact:website": null, "name:de": null, "name:en": null, "smoking": null, "name:signed": null, "tourism": null, "community_centre:for": null, "toilets:wheelchair": null, "url": null, "alt_name": null, "operator:wikidata": null, "power": null, "ref": null, "substation": null, "type": null }, "geometry": { "type": "Polygon", "coordinates": [ [ [ 10.8903231, 49.5684241 ], [ 10.8902969, 49.5681329 ], [ 10.890189, 49.568137 ], [ 10.8902151, 49.5684281 ], [ 10.8903231, 49.5684241 ] ] ] } },
{ "type": "Feature", "properties": { "element": "way", "id": 246288101, "addr:city": "Herzogenaurach", "addr:country": "DE", "addr:housenumber": "13", "addr:postcode": "91074", "addr:street": "Brentanostraße", "building": "residential", "amenity": null, "check_date:opening_hours": null, "cuisine": null, "indoor_seating": null, "name": null, "opening_hours": null, "outdoor_seating": null, "website": null, "wheelchair": null, "description": null, "leisure": null, "sport": null, "nohousenumber": null, "roof:shape": "pyramidal", "air_conditioning": null, "building:levels": null, "diet:vegan": null, "diet:vegetarian": null, "payment:credit_cards": null, "payment:debit_cards": null, "phone": null, "roof:levels": null, "check_date": null, "email": null, "mobile": null, "shop": null, "denomination": null, "operator": null, "roof:colour": null, "capacity": null, "building:colour": null, "note": null, "source": null, "house": null, "roof:orientation": null, "layer": null, "compressed_air": null, "not:brand:wikidata": null, "religion": null, "contact:phone": null, "contact:website": null, "name:de": null, "name:en": null, "smoking": null, "name:signed": null, "tourism": null, "community_centre:for": null, "toilets:wheelchair": null, "url": null, "alt_name": null, "operator:wikidata": null, "power": null, "ref": null, "substation": null, "type": null }, "geometry": { "type": "Polygon", "coordinates": [ [ [ 10.8892294, 49.569849 ], [ 10.8892345, 49.5697301 ], [ 10.8890716, 49.5697272 ], [ 10.8890666, 49.5698461 ], [ 10.8892294, 49.569849 ] ] ] } },
{ "type": "Feature", "properties": { "element": "way", "id": 246288102, "addr:city": null, "addr:country": null, "addr:housenumber": null, "addr:postcode": null, "addr:street": null, "building": "residential", "amenity": null, "check_date:opening_hours": null, "cuisine": null, "indoor_seating": null, "name": null, "opening_hours": null, "outdoor_seating": null, "website": null, "wheelchair": null, "description": null, "leisure": null, "sport": null, "nohousenumber": null, "roof:shape": "gabled", "air_conditioning": null, "building:levels": null, "diet:vegan": null, "diet:vegetarian": null, "payment:credit_cards": null, "payment:debit_cards": null, "phone": null, "roof:levels": null, "check_date": null, "email": null, "mobile": null, "shop": null, "denomination": null, "operator": null, "roof:colour": null, "capacity": null, "building:colour": null, "note": null, "source": null, "house": null, "roof:orientation": null, "layer": null, "compressed_air": null, "not:brand:wikidata": null, "religion": null, "contact:phone": null, "contact:website": null, "name:de": null, "name:en": null, "smoking": null, "name:signed": null, "tourism": null, "community_centre:for": null, "toilets:wheelchair": null, "url": null, "alt_name": null, "operator:wikidata": null, "power": null, "ref": null, "substation": null, "type": null }, "geometry": { "type": "Polygon", "coordinates": [ [ [ 10.8894681, 49.5696159 ], [ 10.8896662, 49.5696418 ], [ 10.8896297, 49.5697593 ], [ 10.8894316, 49.5697334 ], [ 10.8894681, 49.5696159 ] ] ] } },
{ "type": "Feature", "properties": { "element": "way", "id": 246288611, "addr:city": "Herzogenaurach", "addr:country": "DE", "addr:housenumber": "14b", "addr:postcode": "91074", "addr:street": "Eichendorffstraße", "building": "residential", "amenity": null, "check_date:opening_hours": null, "cuisine": null, "indoor_seating": null, "name": null, "opening_hours": null, "outdoor_seating": null, "website": null, "wheelchair": null, "description": null, "leisure": null, "sport": null, "nohousenumber": null, "roof:shape": "gabled", "air_conditioning": null, "building:levels": null, "diet:vegan": null, "diet:vegetarian": null, "payment:credit_cards": null, "payment:debit_cards": null, "phone": null, "roof:levels": null, "check_date": null, "email": null, "mobile": null, "shop": null, "denomination": null, "operator": null, "roof:colour": null, "capacity": null, "building:colour": null, "note": null, "source": null, "house": null, "roof:orientation": null, "layer": null, "compressed_air": null, "not:brand:wikidata": null, "religion": null, "contact:phone": null, "contact:website": null, "name:de": null, "name:en": null, "smoking": null, "name:signed": null, "tourism": null, "community_centre:for": null, "toilets:wheelchair": null, "url": null, "alt_name": null, "operator:wikidata": null, "power": null, "ref": null, "substation": null, "type": null }, "geometry": { "type": "Polygon", "coordinates": [ [ [ 10.8907441, 49.5691854 ], [ 10.8908872, 49.5691581 ], [ 10.8909227, 49.5692365 ], [ 10.8907796, 49.5692637 ], [ 10.8907441, 49.5691854 ] ] ] } },
{ "type": "Feature", "properties": { "element": "way", "id": 246288612, "addr:city": "Herzogenaurach", "addr:country": "DE", "addr:housenumber": "14a", "addr:postcode": "91074", "addr:street": "Eichendorffstraße", "building": "residential", "amenity": null, "check_date:opening_hours": null, "cuisine": null, "indoor_seating": null, "name": null, "opening_hours": null, "outdoor_seating": null, "website": null, "wheelchair": null, "description": null, "leisure": null, "sport": null, "nohousenumber": null, "roof:shape": "gabled", "air_conditioning": null, "building:levels": null, "diet:vegan": null, "diet:vegetarian": null, "payment:credit_cards": null, "payment:debit_cards": null, "phone": null, "roof:levels": null, "check_date": null, "email": null, "mobile": null, "shop": null, "denomination": null, "operator": null, "roof:colour": null, "capacity": null, "building:colour": null, "note": null, "source": null, "house": null, "roof:orientation": null, "layer": null, "compressed_air": null, "not:brand:wikidata": null, "religion": null, "contact:phone": null, "contact:website": null, "name:de": null, "name:en": null, "smoking": null, "name:signed": null, "tourism": null, "community_centre:for": null, "toilets:wheelchair": null, "url": null, "alt_name": null, "operator:wikidata": null, "power": null, "ref": null, "substation": null, "type": null }, "geometry": { "type": "Polygon", "coordinates": [ [ [ 10.8906781, 49.5690521 ], [ 10.8908229, 49.5690222 ], [ 10.89086, 49.5690979 ], [ 10.8907152, 49.5691278 ], [ 10.8906781, 49.5690521 ] ] ] } },
{ "type": "Feature", "properties": { "element": "way", "id": 246288613, "addr:city": "Herzogenaurach", "addr:country": "DE", "addr:housenumber": "2", "addr:postcode": "91074", "addr:street": "Brentanostraße", "building": "residential", "amenity": null, "check_date:opening_hours": null, "cuisine": null, "indoor_seating": null, "name": null, "opening_hours": null, "outdoor_seating": null, "website": null, "wheelchair": null, "description": null, "leisure": null, "sport": null, "nohousenumber": null, "roof:shape": "pyramidal", "air_conditioning": null, "building:levels": null, "diet:vegan": null, "diet:vegetarian": null, "payment:credit_cards": null, "payment:debit_cards": null, "phone": null, "roof:levels": null, "check_date": null, "email": null, "mobile": null, "shop": null, "denomination": null, "operator": null, "roof:colour": null, "capacity": null, "building:colour": null, "note": null, "source": null, "house": null, "roof:orientation": null, "layer": null, "compressed_air": null, "not:brand:wikidata": null, "religion": null, "contact:phone": null, "contact:website": null, "name:de": null, "name:en": null, "smoking": null, "name:signed": null, "tourism": null, "community_centre:for": null, "toilets:wheelchair": null, "url": null, "alt_name": null, "operator:wikidata": null, "power": null, "ref": null, "substation": null, "type": null }, "geometry": { "type": "Polygon", "coordinates": [ [ [ 10.8901966, 49.569357 ], [ 10.8901611, 49.5692467 ], [ 10.8899921, 49.5692696 ], [ 10.8900277, 49.5693799 ], [ 10.8901966, 49.569357 ] ] ] } },
{ "type": "Feature", "properties": { "element": "way", "id": 246288614, "addr:city": "Herzogenaurach", "addr:country": "DE", "addr:housenumber": "6", "addr:postcode": "91074", "addr:street": "Brentanostraße", "building": "residential", "amenity": null, "check_date:opening_hours": null, "cuisine": null, "indoor_seating": null, "name": null, "opening_hours": null, "outdoor_seating": null, "website": null, "wheelchair": null, "description": null, "leisure": null, "sport": null, "nohousenumber": null, "roof:shape": "gabled", "air_conditioning": null, "building:levels": null, "diet:vegan": null, "diet:vegetarian": null, "payment:credit_cards": null, "payment:debit_cards": null, "phone": null, "roof:levels": null, "check_date": null, "email": null, "mobile": null, "shop": null, "denomination": null, "operator": null, "roof:colour": null, "capacity": null, "building:colour": null, "note": null, "source": null, "house": null, "roof:orientation": null, "layer": null, "compressed_air": null, "not:brand:wikidata": null, "religion": null, "contact:phone": null, "contact:website": null, "name:de": null, "name:en": null, "smoking": null, "name:signed": null, "tourism": null, "community_centre:for": null, "toilets:wheelchair": null, "url": null, "alt_name": null, "operator:wikidata": null, "power": null, "ref": null, "substation": null, "type": null }, "geometry": { "type": "Polygon", "coordinates": [ [ [ 10.8903596, 49.5695762 ], [ 10.8902539, 49.5695913 ], [ 10.8902607, 49.5696122 ], [ 10.8902781, 49.5696096 ], [ 10.8903316, 49.569774 ], [ 10.8902022, 49.5697618 ], [ 10.8901786, 49.5698351 ], [ 10.8903724, 49.5698614 ], [ 10.8903768, 49.5698432 ], [ 10.8904345, 49.5698513 ], [ 10.8903596, 49.5695762 ] ] ] } },
{ "type": "Feature", "properties": { "element": "way", "id": 246288615, "addr:city": "Herzogenaurach", "addr:country": "DE", "addr:housenumber": "4", "addr:postcode": "91074", "addr:street": "Brentanostraße", "building": "residential", "amenity": null, "check_date:opening_hours": null, "cuisine": null, "indoor_seating": null, "name": null, "opening_hours": null, "outdoor_seating": null, "website": null, "wheelchair": null, "description": null, "leisure": null, "sport": null, "nohousenumber": null, "roof:shape": "pyramidal", "air_conditioning": null, "building:levels": null, "diet:vegan": null, "diet:vegetarian": null, "payment:credit_cards": null, "payment:debit_cards": null, "phone": null, "roof:levels": null, "check_date": null, "email": null, "mobile": null, "shop": null, "denomination": null, "operator": null, "roof:colour": null, "capacity": null, "building:colour": null, "note": null, "source": null, "house": null, "roof:orientation": null, "layer": null, "compressed_air": null, "not:brand:wikidata": null, "religion": null, "contact:phone": null, "contact:website": null, "name:de": null, "name:en": null, "smoking": null, "name:signed": null, "tourism": null, "community_centre:for": null, "toilets:wheelchair": null, "url": null, "alt_name": null, "operator:wikidata": null, "power": null, "ref": null, "substation": null, "type": null }, "geometry": { "type": "Polygon", "coordinates": [ [ [ 10.8900624, 49.5694559 ], [ 10.8902342, 49.5694321 ], [ 10.8902726, 49.5695485 ], [ 10.8901008, 49.5695723 ], [ 10.8900624, 49.5694559 ] ] ] } },
{ "type": "Feature", "properties": { "element": "way", "id": 246288616, "addr:city": "Herzogenaurach", "addr:country": "DE", "addr:housenumber": "4a", "addr:postcode": "91074", "addr:street": "Kunigundenstraße", "building": "yes", "amenity": null, "check_date:opening_hours": null, "cuisine": null, "indoor_seating": null, "name": null, "opening_hours": null, "outdoor_seating": null, "website": null, "wheelchair": null, "description": null, "leisure": null, "sport": null, "nohousenumber": null, "roof:shape": "gabled", "air_conditioning": null, "building:levels": null, "diet:vegan": null, "diet:vegetarian": null, "payment:credit_cards": null, "payment:debit_cards": null, "phone": null, "roof:levels": null, "check_date": null, "email": null, "mobile": null, "shop": null, "denomination": null, "operator": null, "roof:colour": null, "capacity": null, "building:colour": null, "note": null, "source": null, "house": null, "roof:orientation": null, "layer": null, "compressed_air": null, "not:brand:wikidata": null, "religion": null, "contact:phone": null, "contact:website": null, "name:de": null, "name:en": null, "smoking": null, "name:signed": null, "tourism": null, "community_centre:for": null, "toilets:wheelchair": null, "url": null, "alt_name": null, "operator:wikidata": null, "power": null, "ref": null, "substation": null, "type": null }, "geometry": { "type": "Polygon", "coordinates": [ [ [ 10.8911607, 49.5691572 ], [ 10.8911821, 49.5691538 ], [ 10.8911624, 49.5691016 ], [ 10.8911409, 49.569105 ], [ 10.8911313, 49.5690796 ], [ 10.8911256, 49.5690805 ], [ 10.8910805, 49.5690877 ], [ 10.8910091, 49.569099 ], [ 10.8910475, 49.5692005 ], [ 10.8911361, 49.5691865 ], [ 10.8911547, 49.5692357 ], [ 10.8911883, 49.5692303 ], [ 10.8911607, 49.5691572 ] ] ] } },
{ "type": "Feature", "properties": { "element": "way", "id": 251412488, "addr:city": null, "addr:country": null, "addr:housenumber": null, "addr:postcode": null, "addr:street": null, "building": "garage", "amenity": null, "check_date:opening_hours": null, "cuisine": null, "indoor_seating": null, "name": null, "opening_hours": null, "outdoor_seating": null, "website": null, "wheelchair": null, "description": null, "leisure": null, "sport": null, "nohousenumber": null, "roof:shape": null, "air_conditioning": null, "building:levels": null, "diet:vegan": null, "diet:vegetarian": null, "payment:credit_cards": null, "payment:debit_cards": null, "phone": null, "roof:levels": null, "check_date": null, "email": null, "mobile": null, "shop": null, "denomination": null, "operator": null, "roof:colour": null, "capacity": null, "building:colour": null, "note": null, "source": null, "house": null, "roof:orientation": null, "layer": null, "compressed_air": null, "not:brand:wikidata": null, "religion": null, "contact:phone": null, "contact:website": null, "name:de": null, "name:en": null, "smoking": null, "name:signed": null, "tourism": null, "community_centre:for": null, "toilets:wheelchair": null, "url": null, "alt_name": null, "operator:wikidata": null, "power": null, "ref": null, "substation": null, "type": null }, "geometry": { "type": "Polygon", "coordinates": [ [ [ 10.885645, 49.5708141 ], [ 10.8857328, 49.5707961 ], [ 10.8856976, 49.5707242 ], [ 10.8856099, 49.5707422 ], [ 10.885645, 49.5708141 ] ] ] } },
{ "type": "Feature", "properties": { "element": "way", "id": 251412492, "addr:city": null, "addr:country": null, "addr:housenumber": null, "addr:postcode": null, "addr:street": null, "building": "yes", "amenity": null, "check_date:opening_hours": null, "cuisine": null, "indoor_seating": null, "name": null, "opening_hours": null, "outdoor_seating": null, "website": null, "wheelchair": null, "description": null, "leisure": null, "sport": null, "nohousenumber": null, "roof:shape": null, "air_conditioning": null, "building:levels": null, "diet:vegan": null, "diet:vegetarian": null, "payment:credit_cards": null, "payment:debit_cards": null, "phone": null, "roof:levels": null, "check_date": null, "email": null, "mobile": null, "shop": null, "denomination": null, "operator": null, "roof:colour": null, "capacity": null, "building:colour": null, "note": null, "source": null, "house": null, "roof:orientation": null, "layer": null, "compressed_air": null, "not:brand:wikidata": null, "religion": null, "contact:phone": null, "contact:website": null, "name:de": null, "name:en": null, "smoking": null, "name:signed": null, "tourism": null, "community_centre:for": null, "toilets:wheelchair": null, "url": null, "alt_name": null, "operator:wikidata": null, "power": null, "ref": null, "substation": null, "type": null }, "geometry": { "type": "Polygon", "coordinates": [ [ [ 10.8920722, 49.5678969 ], [ 10.8921242, 49.5678961 ], [ 10.8921226, 49.5678487 ], [ 10.8920706, 49.5678495 ], [ 10.8920712, 49.5678692 ], [ 10.8920722, 49.5678969 ] ] ] } },
{ "type": "Feature", "properties": { "element": "way", "id": 251412493, "addr:city": null, "addr:country": null, "addr:housenumber": null, "addr:postcode": null, "addr:street": null, "building": "yes", "amenity": null, "check_date:opening_hours": null, "cuisine": null, "indoor_seating": null, "name": null, "opening_hours": null, "outdoor_seating": null, "website": null, "wheelchair": null, "description": null, "leisure": null, "sport": null, "nohousenumber": null, "roof:shape": null, "air_conditioning": null, "building:levels": null, "diet:vegan": null, "diet:vegetarian": null, "payment:credit_cards": null, "payment:debit_cards": null, "phone": null, "roof:levels": null, "check_date": null, "email": null, "mobile": null, "shop": null, "denomination": null, "operator": null, "roof:colour": null, "capacity": null, "building:colour": null, "note": null, "source": null, "house": null, "roof:orientation": null, "layer": null, "compressed_air": null, "not:brand:wikidata": null, "religion": null, "contact:phone": null, "contact:website": null, "name:de": null, "name:en": null, "smoking": null, "name:signed": null, "tourism": null, "community_centre:for": null, "toilets:wheelchair": null, "url": null, "alt_name": null, "operator:wikidata": null, "power": null, "ref": null, "substation": null, "type": null }, "geometry": { "type": "Polygon", "coordinates": [ [ [ 10.8873947, 49.5704196 ], [ 10.8874359, 49.5704804 ], [ 10.8876174, 49.5704287 ], [ 10.8875763, 49.5703679 ], [ 10.8873947, 49.5704196 ] ] ] } },
{ "type": "Feature", "properties": { "element": "way", "id": 251412495, "addr:city": null, "addr:country": null, "addr:housenumber": null, "addr:postcode": null, "addr:street": null, "building": "yes", "amenity": null, "check_date:opening_hours": null, "cuisine": null, "indoor_seating": null, "name": null, "opening_hours": null, "outdoor_seating": null, "website": null, "wheelchair": null, "description": null, "leisure": null, "sport": null, "nohousenumber": null, "roof:shape": null, "air_conditioning": null, "building:levels": null, "diet:vegan": null, "diet:vegetarian": null, "payment:credit_cards": null, "payment:debit_cards": null, "phone": null, "roof:levels": null, "check_date": null, "email": null, "mobile": null, "shop": null, "denomination": null, "operator": null, "roof:colour": null, "capacity": null, "building:colour": null, "note": null, "source": null, "house": null, "roof:orientation": null, "layer": null, "compressed_air": null, "not:brand:wikidata": null, "religion": null, "contact:phone": null, "contact:website": null, "name:de": null, "name:en": null, "smoking": null, "name:signed": null, "tourism": null, "community_centre:for": null, "toilets:wheelchair": null, "url": null, "alt_name": null, "operator:wikidata": null, "power": null, "ref": null, "substation": null, "type": null }, "geometry": { "type": "Polygon", "coordinates": [ [ [ 10.8849854, 49.5710271 ], [ 10.8850549, 49.571004 ], [ 10.8850143, 49.5709526 ], [ 10.8849448, 49.5709757 ], [ 10.8849854, 49.5710271 ] ] ] } },
{ "type": "Feature", "properties": { "element": "way", "id": 251412497, "addr:city": null, "addr:country": null, "addr:housenumber": null, "addr:postcode": null, "addr:street": null, "building": "garages", "amenity": null, "check_date:opening_hours": null, "cuisine": null, "indoor_seating": null, "name": null, "opening_hours": null, "outdoor_seating": null, "website": null, "wheelchair": null, "description": null, "leisure": null, "sport": null, "nohousenumber": null, "roof:shape": null, "air_conditioning": null, "building:levels": null, "diet:vegan": null, "diet:vegetarian": null, "payment:credit_cards": null, "payment:debit_cards": null, "phone": null, "roof:levels": null, "check_date": null, "email": null, "mobile": null, "shop": null, "denomination": null, "operator": null, "roof:colour": null, "capacity": "2", "building:colour": null, "note": null, "source": null, "house": null, "roof:orientation": null, "layer": null, "compressed_air": null, "not:brand:wikidata": null, "religion": null, "contact:phone": null, "contact:website": null, "name:de": null, "name:en": null, "smoking": null, "name:signed": null, "tourism": null, "community_centre:for": null, "toilets:wheelchair": null, "url": null, "alt_name": null, "operator:wikidata": null, "power": null, "ref": null, "substation": null, "type": null }, "geometry": { "type": "Polygon", "coordinates": [ [ [ 10.8862687, 49.5705355 ], [ 10.8864692, 49.5705083 ], [ 10.8864501, 49.5704493 ], [ 10.8862497, 49.5704765 ], [ 10.8862687, 49.5705355 ] ] ] } },
{ "type": "Feature", "properties": { "element": "way", "id": 251412498, "addr:city": null, "addr:country": null, "addr:housenumber": null, "addr:postcode": null, "addr:street": null, "building": "roof", "amenity": null, "check_date:opening_hours": null, "cuisine": null, "indoor_seating": null, "name": null, "opening_hours": null, "outdoor_seating": null, "website": null, "wheelchair": null, "description": null, "leisure": null, "sport": null, "nohousenumber": null, "roof:shape": "flat", "air_conditioning": null, "building:levels": null, "diet:vegan": null, "diet:vegetarian": null, "payment:credit_cards": null, "payment:debit_cards": null, "phone": null, "roof:levels": null, "check_date": null, "email": null, "mobile": null, "shop": null, "denomination": null, "operator": null, "roof:colour": null, "capacity": null, "building:colour": null, "note": null, "source": null, "house": null, "roof:orientation": null, "layer": "1", "compressed_air": null, "not:brand:wikidata": null, "religion": null, "contact:phone": null, "contact:website": null, "name:de": null, "name:en": null, "smoking": null, "name:signed": null, "tourism": null, "community_centre:for": null, "toilets:wheelchair": null, "url": null, "alt_name": null, "operator:wikidata": null, "power": null, "ref": null, "substation": null, "type": null }, "geometry": { "type": "Polygon", "coordinates": [ [ [ 10.8926398, 49.5671267 ], [ 10.8927816, 49.5670911 ], [ 10.892759, 49.5670533 ], [ 10.8927038, 49.5669608 ], [ 10.892562, 49.5669963 ], [ 10.8926173, 49.567089 ], [ 10.8926398, 49.5671267 ] ] ] } },
{ "type": "Feature", "properties": { "element": "way", "id": 251412499, "addr:city": "Herzogenaurach", "addr:country": "DE", "addr:housenumber": "15", "addr:postcode": "91074", "addr:street": "Brentanostraße", "building": "residential", "amenity": null, "check_date:opening_hours": null, "cuisine": null, "indoor_seating": null, "name": null, "opening_hours": null, "outdoor_seating": null, "website": null, "wheelchair": null, "description": null, "leisure": null, "sport": null, "nohousenumber": null, "roof:shape": null, "air_conditioning": null, "building:levels": null, "diet:vegan": null, "diet:vegetarian": null, "payment:credit_cards": null, "payment:debit_cards": null, "phone": null, "roof:levels": null, "check_date": null, "email": null, "mobile": null, "shop": null, "denomination": null, "operator": null, "roof:colour": null, "capacity": null, "building:colour": null, "note": null, "source": null, "house": null, "roof:orientation": null, "layer": null, "compressed_air": null, "not:brand:wikidata": null, "religion": null, "contact:phone": null, "contact:website": null, "name:de": null, "name:en": null, "smoking": null, "name:signed": null, "tourism": null, "community_centre:for": null, "toilets:wheelchair": null, "url": null, "alt_name": null, "operator:wikidata": null, "power": null, "ref": null, "substation": null, "type": null }, "geometry": { "type": "Polygon", "coordinates": [ [ [ 10.8890781, 49.5700267 ], [ 10.8892384, 49.5700274 ], [ 10.8892393, 49.5699325 ], [ 10.8890791, 49.5699319 ], [ 10.8890781, 49.5700267 ] ] ] } },
{ "type": "Feature", "properties": { "element": "way", "id": 251412505, "addr:city": null, "addr:country": null, "addr:housenumber": null, "addr:postcode": null, "addr:street": null, "building": "residential", "amenity": null, "check_date:opening_hours": null, "cuisine": null, "indoor_seating": null, "name": null, "opening_hours": null, "outdoor_seating": null, "website": null, "wheelchair": null, "description": null, "leisure": null, "sport": null, "nohousenumber": null, "roof:shape": null, "air_conditioning": null, "building:levels": null, "diet:vegan": null, "diet:vegetarian": null, "payment:credit_cards": null, "payment:debit_cards": null, "phone": null, "roof:levels": null, "check_date": null, "email": null, "mobile": null, "shop": null, "denomination": null, "operator": null, "roof:colour": null, "capacity": null, "building:colour": null, "note": null, "source": null, "house": null, "roof:orientation": null, "layer": null, "compressed_air": null, "not:brand:wikidata": null, "religion": null, "contact:phone": null, "contact:website": null, "name:de": null, "name:en": null, "smoking": null, "name:signed": null, "tourism": null, "community_centre:for": null, "toilets:wheelchair": null, "url": null, "alt_name": null, "operator:wikidata": null, "power": null, "ref": null, "substation": null, "type": null }, "geometry": { "type": "Polygon", "coordinates": [ [ [ 10.8882744, 49.5714046 ], [ 10.8884704, 49.5713372 ], [ 10.8883825, 49.5712296 ], [ 10.8881865, 49.571297 ], [ 10.8882744, 49.5714046 ] ] ] } },
{ "type": "Feature", "properties": { "element": "way", "id": 251412507, "addr:city": null, "addr:country": null, "addr:housenumber": null, "addr:postcode": null, "addr:street": null, "building": "yes", "amenity": null, "check_date:opening_hours": null, "cuisine": null, "indoor_seating": null, "name": null, "opening_hours": null, "outdoor_seating": null, "website": null, "wheelchair": null, "description": null, "leisure": null, "sport": null, "nohousenumber": null, "roof:shape": null, "air_conditioning": null, "building:levels": null, "diet:vegan": null, "diet:vegetarian": null, "payment:credit_cards": null, "payment:debit_cards": null, "phone": null, "roof:levels": null, "check_date": null, "email": null, "mobile": null, "shop": null, "denomination": null, "operator": null, "roof:colour": null, "capacity": null, "building:colour": null, "note": null, "source": null, "house": null, "roof:orientation": null, "layer": null, "compressed_air": null, "not:brand:wikidata": null, "religion": null, "contact:phone": null, "contact:website": null, "name:de": null, "name:en": null, "smoking": null, "name:signed": null, "tourism": null, "community_centre:for": null, "toilets:wheelchair": null, "url": null, "alt_name": null, "operator:wikidata": null, "power": null, "ref": null, "substation": null, "type": null }, "geometry": { "type": "Polygon", "coordinates": [ [ [ 10.891017, 49.5675284 ], [ 10.8910137, 49.567485 ], [ 10.8910101, 49.5674381 ], [ 10.890906, 49.5674414 ], [ 10.8909128, 49.5675317 ], [ 10.891017, 49.5675284 ] ] ] } },
{ "type": "Feature", "properties": { "element": "way", "id": 251412508, "addr:city": null, "addr:country": null, "addr:housenumber": null, "addr:postcode": null, "addr:street": null, "building": "garage", "amenity": null, "check_date:opening_hours": null, "cuisine": null, "indoor_seating": null, "name": null, "opening_hours": null, "outdoor_seating": null, "website": null, "wheelchair": null, "description": null, "leisure": null, "sport": null, "nohousenumber": null, "roof:shape": null, "air_conditioning": null, "building:levels": null, "diet:vegan": null, "diet:vegetarian": null, "payment:credit_cards": null, "payment:debit_cards": null, "phone": null, "roof:levels": null, "check_date": null, "email": null, "mobile": null, "shop": null, "denomination": null, "operator": null, "roof:colour": null, "capacity": null, "building:colour": null, "note": null, "source": null, "house": null, "roof:orientation": null, "layer": null, "compressed_air": null, "not:brand:wikidata": null, "religion": null, "contact:phone": null, "contact:website": null, "name:de": null, "name:en": null, "smoking": null, "name:signed": null, "tourism": null, "community_centre:for": null, "toilets:wheelchair": null, "url": null, "alt_name": null, "operator:wikidata": null, "power": null, "ref": null, "substation": null, "type": null }, "geometry": { "type": "Polygon", "coordinates": [ [ [ 10.8851216, 49.5704742 ], [ 10.8851602, 49.5705208 ], [ 10.8852507, 49.5704893 ], [ 10.8852121, 49.5704427 ], [ 10.8851216, 49.5704742 ] ] ] } },
{ "type": "Feature", "properties": { "element": "way", "id": 251412509, "addr:city": null, "addr:country": null, "addr:housenumber": null, "addr:postcode": null, "addr:street": null, "building": "roof", "amenity": null, "check_date:opening_hours": null, "cuisine": null, "indoor_seating": null, "name": null, "opening_hours": null, "outdoor_seating": null, "website": null, "wheelchair": null, "description": null, "leisure": null, "sport": null, "nohousenumber": null, "roof:shape": null, "air_conditioning": null, "building:levels": null, "diet:vegan": null, "diet:vegetarian": null, "payment:credit_cards": null, "payment:debit_cards": null, "phone": null, "roof:levels": null, "check_date": null, "email": null, "mobile": null, "shop": null, "denomination": null, "operator": null, "roof:colour": null, "capacity": null, "building:colour": null, "note": null, "source": null, "house": null, "roof:orientation": null, "layer": "1", "compressed_air": null, "not:brand:wikidata": null, "religion": null, "contact:phone": null, "contact:website": null, "name:de": null, "name:en": null, "smoking": null, "name:signed": null, "tourism": null, "community_centre:for": null, "toilets:wheelchair": null, "url": null, "alt_name": null, "operator:wikidata": null, "power": null, "ref": null, "substation": null, "type": null }, "geometry": { "type": "Polygon", "coordinates": [ [ [ 10.8863858, 49.5706715 ], [ 10.8864455, 49.570662 ], [ 10.8864245, 49.5706065 ], [ 10.8863648, 49.570616 ], [ 10.8863858, 49.5706715 ] ] ] } },
{ "type": "Feature", "properties": { "element": "way", "id": 251412511, "addr:city": null, "addr:country": null, "addr:housenumber": null, "addr:postcode": null, "addr:street": null, "building": "garages", "amenity": null, "check_date:opening_hours": null, "cuisine": null, "indoor_seating": null, "name": null, "opening_hours": null, "outdoor_seating": null, "website": null, "wheelchair": null, "description": null, "leisure": null, "sport": null, "nohousenumber": null, "roof:shape": null, "air_conditioning": null, "building:levels": null, "diet:vegan": null, "diet:vegetarian": null, "payment:credit_cards": null, "payment:debit_cards": null, "phone": null, "roof:levels": null, "check_date": null, "email": null, "mobile": null, "shop": null, "denomination": null, "operator": null, "roof:colour": null, "capacity": "2", "building:colour": null, "note": null, "source": null, "house": null, "roof:orientation": null, "layer": null, "compressed_air": null, "not:brand:wikidata": null, "religion": null, "contact:phone": null, "contact:website": null, "name:de": null, "name:en": null, "smoking": null, "name:signed": null, "tourism": null, "community_centre:for": null, "toilets:wheelchair": null, "url": null, "alt_name": null, "operator:wikidata": null, "power": null, "ref": null, "substation": null, "type": null }, "geometry": { "type": "Polygon", "coordinates": [ [ [ 10.8854934, 49.5703804 ], [ 10.8855214, 49.5704354 ], [ 10.8856126, 49.5704158 ], [ 10.8855846, 49.5703609 ], [ 10.8854934, 49.5703804 ] ] ] } },
{ "type": "Feature", "properties": { "element": "way", "id": 251412514, "addr:city": null, "addr:country": null, "addr:housenumber": null, "addr:postcode": null, "addr:street": null, "building": "yes", "amenity": null, "check_date:opening_hours": null, "cuisine": null, "indoor_seating": null, "name": null, "opening_hours": null, "outdoor_seating": null, "website": null, "wheelchair": null, "description": null, "leisure": null, "sport": null, "nohousenumber": null, "roof:shape": null, "air_conditioning": null, "building:levels": null, "diet:vegan": null, "diet:vegetarian": null, "payment:credit_cards": null, "payment:debit_cards": null, "phone": null, "roof:levels": null, "check_date": null, "email": null, "mobile": null, "shop": null, "denomination": null, "operator": null, "roof:colour": null, "capacity": null, "building:colour": null, "note": null, "source": null, "house": null, "roof:orientation": null, "layer": null, "compressed_air": null, "not:brand:wikidata": null, "religion": null, "contact:phone": null, "contact:website": null, "name:de": null, "name:en": null, "smoking": null, "name:signed": null, "tourism": null, "community_centre:for": null, "toilets:wheelchair": null, "url": null, "alt_name": null, "operator:wikidata": null, "power": null, "ref": null, "substation": null, "type": null }, "geometry": { "type": "Polygon", "coordinates": [ [ [ 10.8857921, 49.5705105 ], [ 10.8859506, 49.5704898 ], [ 10.8859376, 49.5704479 ], [ 10.8859226, 49.5703994 ], [ 10.8857641, 49.57042 ], [ 10.8857921, 49.5705105 ] ] ] } },
{ "type": "Feature", "properties": { "element": "way", "id": 251412515, "addr:city": "Herzogenaurach", "addr:country": "DE", "addr:housenumber": "2", "addr:postcode": "91074", "addr:street": "Am Friedhof", "building": "yes", "amenity": null, "check_date:opening_hours": null, "cuisine": null, "indoor_seating": null, "name": null, "opening_hours": null, "outdoor_seating": null, "website": null, "wheelchair": null, "description": null, "leisure": null, "sport": null, "nohousenumber": null, "roof:shape": null, "air_conditioning": null, "building:levels": null, "diet:vegan": null, "diet:vegetarian": null, "payment:credit_cards": null, "payment:debit_cards": null, "phone": null, "roof:levels": null, "check_date": null, "email": null, "mobile": null, "shop": null, "denomination": null, "operator": null, "roof:colour": null, "capacity": null, "building:colour": null, "note": null, "source": null, "house": null, "roof:orientation": null, "layer": null, "compressed_air": null, "not:brand:wikidata": null, "religion": null, "contact:phone": null, "contact:website": null, "name:de": null, "name:en": null, "smoking": null, "name:signed": null, "tourism": null, "community_centre:for": null, "toilets:wheelchair": null, "url": null, "alt_name": null, "operator:wikidata": null, "power": null, "ref": null, "substation": null, "type": null }, "geometry": { "type": "Polygon", "coordinates": [ [ [ 10.8919299, 49.5678917 ], [ 10.8919335, 49.5680116 ], [ 10.8921561, 49.5680088 ], [ 10.8921547, 49.5679621 ], [ 10.8920746, 49.5679631 ], [ 10.8920727, 49.5679022 ], [ 10.8920722, 49.5678969 ], [ 10.8920606, 49.5678969 ], [ 10.8920425, 49.567897 ], [ 10.8920422, 49.5678868 ], [ 10.8919298, 49.5678882 ], [ 10.8919299, 49.5678917 ] ] ] } },
{ "type": "Feature", "properties": { "element": "way", "id": 251412519, "addr:city": null, "addr:country": null, "addr:housenumber": null, "addr:postcode": null, "addr:street": null, "building": "garages", "amenity": null, "check_date:opening_hours": null, "cuisine": null, "indoor_seating": null, "name": null, "opening_hours": null, "outdoor_seating": null, "website": null, "wheelchair": null, "description": null, "leisure": null, "sport": null, "nohousenumber": null, "roof:shape": null, "air_conditioning": null, "building:levels": null, "diet:vegan": null, "diet:vegetarian": null, "payment:credit_cards": null, "payment:debit_cards": null, "phone": null, "roof:levels": null, "check_date": null, "email": null, "mobile": null, "shop": null, "denomination": null, "operator": null, "roof:colour": null, "capacity": "2", "building:colour": null, "note": null, "source": null, "house": null, "roof:orientation": null, "layer": null, "compressed_air": null, "not:brand:wikidata": null, "religion": null, "contact:phone": null, "contact:website": null, "name:de": null, "name:en": null, "smoking": null, "name:signed": null, "tourism": null, "community_centre:for": null, "toilets:wheelchair": null, "url": null, "alt_name": null, "operator:wikidata": null, "power": null, "ref": null, "substation": null, "type": null }, "geometry": { "type": "Polygon", "coordinates": [ [ [ 10.8855572, 49.5708322 ], [ 10.885645, 49.5708141 ], [ 10.8856099, 49.5707422 ], [ 10.8855221, 49.5707603 ], [ 10.8855572, 49.5708322 ] ] ] } },
{ "type": "Feature", "properties": { "element": "way", "id": 251412540, "addr:city": "Herzogenaurach", "addr:country": "DE", "addr:housenumber": "41", "addr:postcode": "91074", "addr:street": "Erlanger Straße", "building": "yes", "amenity": null, "check_date:opening_hours": null, "cuisine": null, "indoor_seating": null, "name": null, "opening_hours": null, "outdoor_seating": null, "website": null, "wheelchair": "limited", "description": null, "leisure": null, "sport": null, "nohousenumber": null, "roof:shape": null, "air_conditioning": null, "building:levels": null, "diet:vegan": null, "diet:vegetarian": null, "payment:credit_cards": null, "payment:debit_cards": null, "phone": null, "roof:levels": null, "check_date": null, "email": null, "mobile": null, "shop": null, "denomination": null, "operator": null, "roof:colour": null, "capacity": null, "building:colour": null, "note": null, "source": null, "house": null, "roof:orientation": null, "layer": null, "compressed_air": "yes", "not:brand:wikidata": "Q565734", "religion": null, "contact:phone": null, "contact:website": null, "name:de": null, "name:en": null, "smoking": null, "name:signed": null, "tourism": null, "community_centre:for": null, "toilets:wheelchair": null, "url": null, "alt_name": null, "operator:wikidata": null, "power": null, "ref": null, "substation": null, "type": null }, "geometry": { "type": "Polygon", "coordinates": [ [ [ 10.8926878, 49.5672071 ], [ 10.8929672, 49.5671369 ], [ 10.8929191, 49.5670565 ], [ 10.8927816, 49.5670911 ], [ 10.8926398, 49.5671267 ], [ 10.8926878, 49.5672071 ] ] ] } },
{ "type": "Feature", "properties": { "element": "way", "id": 251412546, "addr:city": null, "addr:country": null, "addr:housenumber": null, "addr:postcode": null, "addr:street": null, "building": "yes", "amenity": null, "check_date:opening_hours": null, "cuisine": null, "indoor_seating": null, "name": null, "opening_hours": null, "outdoor_seating": null, "website": null, "wheelchair": null, "description": null, "leisure": null, "sport": null, "nohousenumber": null, "roof:shape": null, "air_conditioning": null, "building:levels": null, "diet:vegan": null, "diet:vegetarian": null, "payment:credit_cards": null, "payment:debit_cards": null, "phone": null, "roof:levels": null, "check_date": null, "email": null, "mobile": null, "shop": null, "denomination": null, "operator": null, "roof:colour": null, "capacity": null, "building:colour": null, "note": null, "source": null, "house": null, "roof:orientation": null, "layer": null, "compressed_air": null, "not:brand:wikidata": null, "religion": null, "contact:phone": null, "contact:website": null, "name:de": null, "name:en": null, "smoking": null, "name:signed": null, "tourism": null, "community_centre:for": null, "toilets:wheelchair": null, "url": null, "alt_name": null, "operator:wikidata": null, "power": null, "ref": null, "substation": null, "type": null }, "geometry": { "type": "Polygon", "coordinates": [ [ [ 10.8852731, 49.5703026 ], [ 10.8853871, 49.5702699 ], [ 10.88535, 49.5702156 ], [ 10.8852971, 49.5702307 ], [ 10.885307, 49.5702452 ], [ 10.885246, 49.5702627 ], [ 10.8852731, 49.5703026 ] ] ] } },
{ "type": "Feature", "properties": { "element": "way", "id": 251412547, "addr:city": null, "addr:country": null, "addr:housenumber": null, "addr:postcode": null, "addr:street": null, "building": "chapel", "amenity": "place_of_worship", "check_date:opening_hours": null, "cuisine": null, "indoor_seating": null, "name": "Friedhofskapelle", "opening_hours": null, "outdoor_seating": null, "website": null, "wheelchair": "no", "description": null, "leisure": null, "sport": null, "nohousenumber": null, "roof:shape": null, "air_conditioning": null, "building:levels": null, "diet:vegan": null, "diet:vegetarian": null, "payment:credit_cards": null, "payment:debit_cards": null, "phone": null, "roof:levels": null, "check_date": null, "email": null, "mobile": null, "shop": null, "denomination": null, "operator": null, "roof:colour": null, "capacity": null, "building:colour": null, "note": null, "source": null, "house": null, "roof:orientation": null, "layer": null, "compressed_air": null, "not:brand:wikidata": null, "religion": "christian", "contact:phone": null, "contact:website": null, "name:de": null, "name:en": null, "smoking": null, "name:signed": null, "tourism": null, "community_centre:for": null, "toilets:wheelchair": null, "url": null, "alt_name": null, "operator:wikidata": null, "power": null, "ref": null, "substation": null, "type": null }, "geometry": { "type": "Polygon", "coordinates": [ [ [ 10.891895, 49.5689866 ], [ 10.8918184, 49.568991 ], [ 10.8918272, 49.5690563 ], [ 10.8918516, 49.5690702 ], [ 10.891886, 49.5690683 ], [ 10.8919038, 49.5690519 ], [ 10.891895, 49.5689866 ] ] ] } },
{ "type": "Feature", "properties": { "element": "way", "id": 251412548, "addr:city": null, "addr:country": null, "addr:housenumber": null, "addr:postcode": null, "addr:street": null, "building": "yes", "amenity": null, "check_date:opening_hours": null, "cuisine": null, "indoor_seating": null, "name": null, "opening_hours": null, "outdoor_seating": null, "website": null, "wheelchair": null, "description": null, "leisure": null, "sport": null, "nohousenumber": null, "roof:shape": null, "air_conditioning": null, "building:levels": null, "diet:vegan": null, "diet:vegetarian": null, "payment:credit_cards": null, "payment:debit_cards": null, "phone": null, "roof:levels": null, "check_date": null, "email": null, "mobile": null, "shop": null, "denomination": null, "operator": null, "roof:colour": null, "capacity": null, "building:colour": null, "note": null, "source": null, "house": null, "roof:orientation": null, "layer": null, "compressed_air": null, "not:brand:wikidata": null, "religion": null, "contact:phone": null, "contact:website": null, "name:de": null, "name:en": null, "smoking": null, "name:signed": null, "tourism": null, "community_centre:for": null, "toilets:wheelchair": null, "url": null, "alt_name": null, "operator:wikidata": null, "power": null, "ref": null, "substation": null, "type": null }, "geometry": { "type": "Polygon", "coordinates": [ [ [ 10.8885785, 49.570438 ], [ 10.8885097, 49.5704791 ], [ 10.8885368, 49.5705995 ], [ 10.8885606, 49.5707056 ], [ 10.8886562, 49.5706974 ], [ 10.8886488, 49.570679 ], [ 10.8887176, 49.5706732 ], [ 10.8888231, 49.5706062 ], [ 10.8885785, 49.570438 ] ] ] } },
{ "type": "Feature", "properties": { "element": "way", "id": 251412549, "addr:city": "Herzogenaurach", "addr:country": "DE", "addr:housenumber": "11", "addr:postcode": "91074", "addr:street": "Brentanostraße", "building": "residential", "amenity": null, "check_date:opening_hours": null, "cuisine": null, "indoor_seating": null, "name": null, "opening_hours": null, "outdoor_seating": null, "website": null, "wheelchair": null, "description": null, "leisure": null, "sport": null, "nohousenumber": null, "roof:shape": null, "air_conditioning": null, "building:levels": null, "diet:vegan": null, "diet:vegetarian": null, "payment:credit_cards": null, "payment:debit_cards": null, "phone": null, "roof:levels": null, "check_date": null, "email": null, "mobile": null, "shop": null, "denomination": null, "operator": null, "roof:colour": null, "capacity": null, "building:colour": null, "note": null, "source": null, "house": null, "roof:orientation": null, "layer": null, "compressed_air": null, "not:brand:wikidata": null, "religion": null, "contact:phone": null, "contact:website": null, "name:de": null, "name:en": null, "smoking": null, "name:signed": null, "tourism": null, "community_centre:for": null, "toilets:wheelchair": null, "url": null, "alt_name": null, "operator:wikidata": null, "power": null, "ref": null, "substation": null, "type": null }, "geometry": { "type": "Polygon", "coordinates": [ [ [ 10.8892413, 49.5696882 ], [ 10.8892428, 49.5695557 ], [ 10.8891175, 49.5695551 ], [ 10.8891173, 49.5695736 ], [ 10.8890781, 49.5695734 ], [ 10.8890776, 49.5696175 ], [ 10.8890469, 49.5696174 ], [ 10.8890461, 49.5696873 ], [ 10.8892413, 49.5696882 ] ] ] } },
{ "type": "Feature", "properties": { "element": "way", "id": 270001558, "addr:city": "Herzogenaurach", "addr:country": "DE", "addr:housenumber": "3", "addr:postcode": "91074", "addr:street": "Schützengraben", "building": "residential", "amenity": null, "check_date:opening_hours": null, "cuisine": null, "indoor_seating": null, "name": null, "opening_hours": null, "outdoor_seating": null, "website": null, "wheelchair": null, "description": null, "leisure": null, "sport": null, "nohousenumber": null, "roof:shape": null, "air_conditioning": null, "building:levels": null, "diet:vegan": null, "diet:vegetarian": null, "payment:credit_cards": null, "payment:debit_cards": null, "phone": null, "roof:levels": null, "check_date": null, "email": null, "mobile": null, "shop": null, "denomination": null, "operator": null, "roof:colour": null, "capacity": null, "building:colour": null, "note": null, "source": null, "house": null, "roof:orientation": null, "layer": null, "compressed_air": null, "not:brand:wikidata": null, "religion": null, "contact:phone": null, "contact:website": null, "name:de": null, "name:en": null, "smoking": null, "name:signed": null, "tourism": null, "community_centre:for": null, "toilets:wheelchair": null, "url": null, "alt_name": null, "operator:wikidata": null, "power": null, "ref": null, "substation": null, "type": null }, "geometry": { "type": "Polygon", "coordinates": [ [ [ 10.8926416, 49.568269 ], [ 10.8926521, 49.5681653 ], [ 10.8924446, 49.5681564 ], [ 10.8924341, 49.5682601 ], [ 10.8926416, 49.568269 ] ] ] } },
{ "type": "Feature", "properties": { "element": "way", "id": 270001560, "addr:city": "Herzogenaurach", "addr:country": "DE", "addr:housenumber": "5", "addr:postcode": "91074", "addr:street": "Heinrichstraße", "building": "residential", "amenity": null, "check_date:opening_hours": null, "cuisine": null, "indoor_seating": null, "name": null, "opening_hours": null, "outdoor_seating": null, "website": null, "wheelchair": null, "description": null, "leisure": null, "sport": null, "nohousenumber": null, "roof:shape": null, "air_conditioning": null, "building:levels": null, "diet:vegan": null, "diet:vegetarian": null, "payment:credit_cards": null, "payment:debit_cards": null, "phone": null, "roof:levels": null, "check_date": null, "email": null, "mobile": null, "shop": null, "denomination": null, "operator": null, "roof:colour": null, "capacity": null, "building:colour": null, "note": null, "source": null, "house": null, "roof:orientation": null, "layer": null, "compressed_air": null, "not:brand:wikidata": null, "religion": null, "contact:phone": null, "contact:website": null, "name:de": null, "name:en": null, "smoking": null, "name:signed": null, "tourism": null, "community_centre:for": null, "toilets:wheelchair": null, "url": null, "alt_name": null, "operator:wikidata": null, "power": null, "ref": null, "substation": null, "type": null }, "geometry": { "type": "Polygon", "coordinates": [ [ [ 10.8929369, 49.5691645 ], [ 10.8929247, 49.5690448 ], [ 10.8927656, 49.5690517 ], [ 10.8927779, 49.5691714 ], [ 10.8929369, 49.5691645 ] ] ] } },
{ "type": "Feature", "properties": { "element": "way", "id": 270299632, "addr:city": "Herzogenaurach", "addr:country": "DE", "addr:housenumber": "26", "addr:postcode": "91074", "addr:street": "Erlanger Straße", "building": "residential", "amenity": null, "check_date:opening_hours": null, "cuisine": null, "indoor_seating": null, "name": null, "opening_hours": null, "outdoor_seating": null, "website": null, "wheelchair": null, "description": null, "leisure": null, "sport": null, "nohousenumber": null, "roof:shape": null, "air_conditioning": null, "building:levels": null, "diet:vegan": null, "diet:vegetarian": null, "payment:credit_cards": null, "payment:debit_cards": null, "phone": null, "roof:levels": null, "check_date": null, "email": null, "mobile": null, "shop": null, "denomination": null, "operator": null, "roof:colour": null, "capacity": null, "building:colour": null, "note": null, "source": null, "house": null, "roof:orientation": null, "layer": null, "compressed_air": null, "not:brand:wikidata": null, "religion": null, "contact:phone": null, "contact:website": null, "name:de": null, "name:en": null, "smoking": null, "name:signed": null, "tourism": null, "community_centre:for": null, "toilets:wheelchair": null, "url": null, "alt_name": null, "operator:wikidata": null, "power": null, "ref": null, "substation": null, "type": null }, "geometry": { "type": "Polygon", "coordinates": [ [ [ 10.8877632, 49.5668301 ], [ 10.8876837, 49.5667347 ], [ 10.8875386, 49.5667857 ], [ 10.8876181, 49.566881 ], [ 10.8877632, 49.5668301 ] ] ] } },
{ "type": "Feature", "properties": { "element": "way", "id": 270299633, "addr:city": "Herzogenaurach", "addr:country": "DE", "addr:housenumber": "35", "addr:postcode": "91074", "addr:street": "Erlanger Straße", "building": "school", "amenity": null, "check_date:opening_hours": null, "cuisine": null, "indoor_seating": null, "name": null, "opening_hours": null, "outdoor_seating": null, "website": "https://www.liebfrauenhaus.de/", "wheelchair": null, "description": null, "leisure": null, "sport": null, "nohousenumber": null, "roof:shape": "hipped", "air_conditioning": null, "building:levels": "3", "diet:vegan": null, "diet:vegetarian": null, "payment:credit_cards": null, "payment:debit_cards": null, "phone": null, "roof:levels": "1", "check_date": null, "email": null, "mobile": null, "shop": null, "denomination": null, "operator": null, "roof:colour": null, "capacity": null, "building:colour": null, "note": null, "source": null, "house": null, "roof:orientation": null, "layer": null, "compressed_air": null, "not:brand:wikidata": null, "religion": null, "contact:phone": null, "contact:website": null, "name:de": null, "name:en": null, "smoking": null, "name:signed": null, "tourism": null, "community_centre:for": null, "toilets:wheelchair": null, "url": null, "alt_name": null, "operator:wikidata": null, "power": null, "ref": null, "substation": null, "type": null }, "geometry": { "type": "Polygon", "coordinates": [ [ [ 10.8890834, 49.5673922 ], [ 10.8890998, 49.567451 ], [ 10.8891276, 49.5674499 ], [ 10.8891674, 49.5676159 ], [ 10.8893001, 49.5676022 ], [ 10.8892953, 49.567581 ], [ 10.8894907, 49.5675626 ], [ 10.8894818, 49.567523 ], [ 10.8895202, 49.5675194 ], [ 10.8895105, 49.567476 ], [ 10.8894726, 49.5674795 ], [ 10.8894649, 49.5674448 ], [ 10.8892714, 49.567463 ], [ 10.889259, 49.5674074 ], [ 10.8892845, 49.567405 ], [ 10.8892713, 49.5673456 ], [ 10.8893534, 49.5673379 ], [ 10.8893713, 49.5674183 ], [ 10.8897658, 49.5673813 ], [ 10.889784, 49.56747 ], [ 10.8899, 49.5674671 ], [ 10.8898853, 49.5674235 ], [ 10.8899171, 49.5674191 ], [ 10.8898718, 49.5672161 ], [ 10.8897302, 49.5672294 ], [ 10.8897417, 49.5672807 ], [ 10.8894052, 49.5673123 ], [ 10.8893886, 49.567238 ], [ 10.8891805, 49.5672623 ], [ 10.888975, 49.5672864 ], [ 10.8890021, 49.5673949 ], [ 10.8890834, 49.5673922 ] ] ] } },
{ "type": "Feature", "properties": { "element": "way", "id": 272521061, "addr:city": "Herzogenaurach", "addr:country": "DE", "addr:housenumber": "12", "addr:postcode": "91074", "addr:street": "Zum Flughafen", "building": "kindergarten", "amenity": null, "check_date:opening_hours": null, "cuisine": null, "indoor_seating": null, "name": null, "opening_hours": null, "outdoor_seating": null, "website": "https://www.herzogenaurach-evangelisch.de/kitas/villa-herzolino", "wheelchair": null, "description": null, "leisure": null, "sport": null, "nohousenumber": null, "roof:shape": null, "air_conditioning": null, "building:levels": null, "diet:vegan": null, "diet:vegetarian": null, "payment:credit_cards": null, "payment:debit_cards": null, "phone": null, "roof:levels": null, "check_date": null, "email": null, "mobile": null, "shop": null, "denomination": null, "operator": "Evang.-Luth. Kirchengemeinde Herzogenaurach", "roof:colour": null, "capacity": null, "building:colour": null, "note": null, "source": null, "house": null, "roof:orientation": null, "layer": null, "compressed_air": null, "not:brand:wikidata": null, "religion": null, "contact:phone": "+49 9132 7459651", "contact:website": "https://www.herzogenaurach-evangelisch.de/kitas/villa-herzolino", "name:de": "Villa Herzolino - Zweisprachige Evang.-Luth. Kita", "name:en": "Bi-lingual Day Nursery \"Villa Herzolino\"", "smoking": null, "name:signed": null, "tourism": null, "community_centre:for": null, "toilets:wheelchair": null, "url": null, "alt_name": null, "operator:wikidata": null, "power": null, "ref": null, "substation": null, "type": null }, "geometry": { "type": "Polygon", "coordinates": [ [ [ 10.8855896, 49.5691301 ], [ 10.885785, 49.5690837 ], [ 10.8857969, 49.5690867 ], [ 10.8858098, 49.5690962 ], [ 10.8858212, 49.569115 ], [ 10.8858209, 49.5691247 ], [ 10.8858139, 49.5691335 ], [ 10.8858538, 49.5692041 ], [ 10.8856577, 49.5692507 ], [ 10.8855896, 49.5691301 ] ] ] } },
{ "type": "Feature", "properties": { "element": "way", "id": 272521062, "addr:city": null, "addr:country": null, "addr:housenumber": null, "addr:postcode": null, "addr:street": null, "building": "yes", "amenity": null, "check_date:opening_hours": null, "cuisine": null, "indoor_seating": null, "name": null, "opening_hours": null, "outdoor_seating": null, "website": null, "wheelchair": null, "description": null, "leisure": null, "sport": null, "nohousenumber": null, "roof:shape": null, "air_conditioning": null, "building:levels": null, "diet:vegan": null, "diet:vegetarian": null, "payment:credit_cards": null, "payment:debit_cards": null, "phone": null, "roof:levels": null, "check_date": null, "email": null, "mobile": null, "shop": null, "denomination": null, "operator": null, "roof:colour": null, "capacity": null, "building:colour": null, "note": null, "source": null, "house": null, "roof:orientation": null, "layer": null, "compressed_air": null, "not:brand:wikidata": null, "religion": null, "contact:phone": null, "contact:website": null, "name:de": null, "name:en": null, "smoking": null, "name:signed": null, "tourism": null, "community_centre:for": null, "toilets:wheelchair": null, "url": null, "alt_name": null, "operator:wikidata": null, "power": null, "ref": null, "substation": null, "type": null }, "geometry": { "type": "Polygon", "coordinates": [ [ [ 10.8892766, 49.5678971 ], [ 10.8893071, 49.5678802 ], [ 10.8893058, 49.5678142 ], [ 10.8893907, 49.5678123 ], [ 10.8893981, 49.5680566 ], [ 10.8896483, 49.5680513 ], [ 10.8896513, 49.5681142 ], [ 10.8896888, 49.5681134 ], [ 10.8896915, 49.5681698 ], [ 10.8893898, 49.5681761 ], [ 10.8893666, 49.5681327 ], [ 10.8893129, 49.5681118 ], [ 10.8892262, 49.5681108 ], [ 10.8892179, 49.5678996 ], [ 10.8892766, 49.5678971 ] ] ] } },
{ "type": "Feature", "properties": { "element": "way", "id": 272521064, "addr:city": null, "addr:country": null, "addr:housenumber": null, "addr:postcode": null, "addr:street": null, "building": "yes", "amenity": null, "check_date:opening_hours": null, "cuisine": null, "indoor_seating": null, "name": null, "opening_hours": null, "outdoor_seating": null, "website": null, "wheelchair": null, "description": null, "leisure": null, "sport": null, "nohousenumber": null, "roof:shape": null, "air_conditioning": null, "building:levels": null, "diet:vegan": null, "diet:vegetarian": null, "payment:credit_cards": null, "payment:debit_cards": null, "phone": null, "roof:levels": null, "check_date": null, "email": null, "mobile": null, "shop": null, "denomination": null, "operator": null, "roof:colour": null, "capacity": null, "building:colour": null, "note": null, "source": null, "house": null, "roof:orientation": null, "layer": null, "compressed_air": null, "not:brand:wikidata": null, "religion": null, "contact:phone": null, "contact:website": null, "name:de": null, "name:en": null, "smoking": null, "name:signed": null, "tourism": null, "community_centre:for": null, "toilets:wheelchair": null, "url": null, "alt_name": null, "operator:wikidata": null, "power": null, "ref": null, "substation": null, "type": null }, "geometry": { "type": "Polygon", "coordinates": [ [ [ 10.8894455, 49.5677474 ], [ 10.8894437, 49.5677091 ], [ 10.8894402, 49.5676369 ], [ 10.8895391, 49.5676347 ], [ 10.8895403, 49.5676245 ], [ 10.8896264, 49.5676228 ], [ 10.8896282, 49.5676429 ], [ 10.8896462, 49.5676429 ], [ 10.8896566, 49.5676497 ], [ 10.8896649, 49.5676618 ], [ 10.8896649, 49.5676761 ], [ 10.8896594, 49.5676878 ], [ 10.8896483, 49.5676968 ], [ 10.8896289, 49.5676972 ], [ 10.8896306, 49.5677054 ], [ 10.8896027, 49.5677064 ], [ 10.8896045, 49.5677447 ], [ 10.8894455, 49.5677474 ] ] ] } },
{ "type": "Feature", "properties": { "element": "way", "id": 272521065, "addr:city": null, "addr:country": null, "addr:housenumber": null, "addr:postcode": null, "addr:street": null, "building": "yes", "amenity": null, "check_date:opening_hours": null, "cuisine": null, "indoor_seating": null, "name": null, "opening_hours": null, "outdoor_seating": null, "website": null, "wheelchair": null, "description": null, "leisure": null, "sport": null, "nohousenumber": null, "roof:shape": null, "air_conditioning": null, "building:levels": null, "diet:vegan": null, "diet:vegetarian": null, "payment:credit_cards": null, "payment:debit_cards": null, "phone": null, "roof:levels": null, "check_date": null, "email": null, "mobile": null, "shop": null, "denomination": null, "operator": null, "roof:colour": null, "capacity": null, "building:colour": null, "note": null, "source": null, "house": null, "roof:orientation": null, "layer": null, "compressed_air": null, "not:brand:wikidata": null, "religion": null, "contact:phone": null, "contact:website": null, "name:de": null, "name:en": null, "smoking": null, "name:signed": null, "tourism": null, "community_centre:for": null, "toilets:wheelchair": null, "url": null, "alt_name": null, "operator:wikidata": null, "power": null, "ref": null, "substation": null, "type": null }, "geometry": { "type": "Polygon", "coordinates": [ [ [ 10.8901106, 49.5683847 ], [ 10.8899836, 49.5683872 ], [ 10.8899868, 49.5684528 ], [ 10.8901138, 49.5684502 ], [ 10.8901106, 49.5683847 ] ] ] } },
{ "type": "Feature", "properties": { "element": "way", "id": 272521066, "addr:city": null, "addr:country": null, "addr:housenumber": null, "addr:postcode": null, "addr:street": null, "building": "yes", "amenity": null, "check_date:opening_hours": null, "cuisine": null, "indoor_seating": null, "name": null, "opening_hours": null, "outdoor_seating": null, "website": null, "wheelchair": null, "description": null, "leisure": null, "sport": null, "nohousenumber": null, "roof:shape": null, "air_conditioning": null, "building:levels": null, "diet:vegan": null, "diet:vegetarian": null, "payment:credit_cards": null, "payment:debit_cards": null, "phone": null, "roof:levels": null, "check_date": null, "email": null, "mobile": null, "shop": null, "denomination": null, "operator": null, "roof:colour": null, "capacity": null, "building:colour": null, "note": null, "source": null, "house": null, "roof:orientation": null, "layer": null, "compressed_air": null, "not:brand:wikidata": null, "religion": null, "contact:phone": null, "contact:website": null, "name:de": null, "name:en": null, "smoking": null, "name:signed": null, "tourism": null, "community_centre:for": null, "toilets:wheelchair": null, "url": null, "alt_name": null, "operator:wikidata": null, "power": null, "ref": null, "substation": null, "type": null }, "geometry": { "type": "Polygon", "coordinates": [ [ [ 10.8896469, 49.5679361 ], [ 10.8896377, 49.5677435 ], [ 10.8896045, 49.5677447 ], [ 10.8894455, 49.5677474 ], [ 10.8892751, 49.5677508 ], [ 10.8892781, 49.5678136 ], [ 10.8895403, 49.5678083 ], [ 10.8895465, 49.5679381 ], [ 10.8896469, 49.5679361 ] ] ] } },
{ "type": "Feature", "properties": { "element": "way", "id": 272521067, "addr:city": null, "addr:country": null, "addr:housenumber": null, "addr:postcode": null, "addr:street": null, "building": "yes", "amenity": null, "check_date:opening_hours": null, "cuisine": null, "indoor_seating": null, "name": null, "opening_hours": null, "outdoor_seating": null, "website": null, "wheelchair": null, "description": null, "leisure": null, "sport": null, "nohousenumber": null, "roof:shape": null, "air_conditioning": null, "building:levels": null, "diet:vegan": null, "diet:vegetarian": null, "payment:credit_cards": null, "payment:debit_cards": null, "phone": null, "roof:levels": null, "check_date": null, "email": null, "mobile": null, "shop": null, "denomination": null, "operator": null, "roof:colour": null, "capacity": null, "building:colour": null, "note": null, "source": null, "house": null, "roof:orientation": null, "layer": null, "compressed_air": null, "not:brand:wikidata": null, "religion": null, "contact:phone": null, "contact:website": null, "name:de": null, "name:en": null, "smoking": null, "name:signed": null, "tourism": null, "community_centre:for": null, "toilets:wheelchair": null, "url": null, "alt_name": null, "operator:wikidata": null, "power": null, "ref": null, "substation": null, "type": null }, "geometry": { "type": "Polygon", "coordinates": [ [ [ 10.8902608, 49.5674571 ], [ 10.8901417, 49.5674609 ], [ 10.8901485, 49.5675601 ], [ 10.890152, 49.5676083 ], [ 10.8902713, 49.5676048 ], [ 10.8902608, 49.5674571 ] ] ] } },
{ "type": "Feature", "properties": { "element": "way", "id": 272521068, "addr:city": null, "addr:country": null, "addr:housenumber": null, "addr:postcode": null, "addr:street": null, "building": "school", "amenity": null, "check_date:opening_hours": null, "cuisine": null, "indoor_seating": null, "name": null, "opening_hours": null, "outdoor_seating": null, "website": null, "wheelchair": null, "description": null, "leisure": null, "sport": null, "nohousenumber": "yes", "roof:shape": null, "air_conditioning": null, "building:levels": null, "diet:vegan": null, "diet:vegetarian": null, "payment:credit_cards": null, "payment:debit_cards": null, "phone": null, "roof:levels": null, "check_date": null, "email": null, "mobile": null, "shop": null, "denomination": null, "operator": null, "roof:colour": null, "capacity": null, "building:colour": null, "note": null, "source": null, "house": null, "roof:orientation": null, "layer": null, "compressed_air": null, "not:brand:wikidata": null, "religion": null, "contact:phone": null, "contact:website": null, "name:de": null, "name:en": null, "smoking": null, "name:signed": null, "tourism": null, "community_centre:for": null, "toilets:wheelchair": null, "url": null, "alt_name": null, "operator:wikidata": null, "power": null, "ref": null, "substation": null, "type": null }, "geometry": { "type": "Polygon", "coordinates": [ [ [ 10.8897766, 49.5677219 ], [ 10.8897596, 49.5674718 ], [ 10.8901417, 49.5674609 ], [ 10.8901485, 49.5675601 ], [ 10.8900395, 49.5675632 ], [ 10.8900497, 49.5677136 ], [ 10.8899191, 49.5677173 ], [ 10.8899205, 49.5677388 ], [ 10.8898489, 49.5677409 ], [ 10.8898475, 49.5677199 ], [ 10.8897766, 49.5677219 ] ] ] } },
{ "type": "Feature", "properties": { "element": "way", "id": 272521069, "addr:city": null, "addr:country": null, "addr:housenumber": null, "addr:postcode": null, "addr:street": null, "building": "yes", "amenity": null, "check_date:opening_hours": null, "cuisine": null, "indoor_seating": null, "name": null, "opening_hours": null, "outdoor_seating": null, "website": null, "wheelchair": null, "description": null, "leisure": null, "sport": null, "nohousenumber": null, "roof:shape": null, "air_conditioning": null, "building:levels": null, "diet:vegan": null, "diet:vegetarian": null, "payment:credit_cards": null, "payment:debit_cards": null, "phone": null, "roof:levels": null, "check_date": null, "email": null, "mobile": null, "shop": null, "denomination": null, "operator": null, "roof:colour": null, "capacity": null, "building:colour": null, "note": null, "source": null, "house": null, "roof:orientation": null, "layer": null, "compressed_air": null, "not:brand:wikidata": null, "religion": null, "contact:phone": null, "contact:website": null, "name:de": null, "name:en": null, "smoking": null, "name:signed": null, "tourism": null, "community_centre:for": null, "toilets:wheelchair": null, "url": null, "alt_name": null, "operator:wikidata": null, "power": null, "ref": null, "substation": null, "type": null }, "geometry": { "type": "Polygon", "coordinates": [ [ [ 10.8860772, 49.5691648 ], [ 10.8859097, 49.5688694 ], [ 10.8857393, 49.56891 ], [ 10.8857743, 49.5689717 ], [ 10.8857317, 49.5689819 ], [ 10.8857705, 49.5690504 ], [ 10.8858346, 49.5690351 ], [ 10.8858829, 49.5691203 ], [ 10.8859108, 49.5691136 ], [ 10.8859562, 49.5691936 ], [ 10.8860772, 49.5691648 ] ] ] } },
{ "type": "Feature", "properties": { "element": "way", "id": 273266453, "addr:city": "Herzogenaurach", "addr:country": "DE", "addr:housenumber": "1", "addr:postcode": "91074", "addr:street": "Glockengasse", "building": "residential", "amenity": null, "check_date:opening_hours": null, "cuisine": null, "indoor_seating": null, "name": null, "opening_hours": null, "outdoor_seating": null, "website": null, "wheelchair": null, "description": null, "leisure": null, "sport": null, "nohousenumber": null, "roof:shape": null, "air_conditioning": null, "building:levels": null, "diet:vegan": null, "diet:vegetarian": null, "payment:credit_cards": null, "payment:debit_cards": null, "phone": null, "roof:levels": null, "check_date": null, "email": null, "mobile": null, "shop": null, "denomination": null, "operator": null, "roof:colour": null, "capacity": null, "building:colour": null, "note": null, "source": null, "house": null, "roof:orientation": null, "layer": null, "compressed_air": null, "not:brand:wikidata": null, "religion": null, "contact:phone": null, "contact:website": null, "name:de": null, "name:en": null, "smoking": null, "name:signed": null, "tourism": null, "community_centre:for": null, "toilets:wheelchair": null, "url": null, "alt_name": null, "operator:wikidata": null, "power": null, "ref": null, "substation": null, "type": null }, "geometry": { "type": "Polygon", "coordinates": [ [ [ 10.8872887, 49.5680117 ], [ 10.887245, 49.5678963 ], [ 10.8870438, 49.5679283 ], [ 10.8870634, 49.56798 ], [ 10.8871157, 49.5679717 ], [ 10.8871398, 49.5680354 ], [ 10.8872887, 49.5680117 ] ] ] } },
{ "type": "Feature", "properties": { "element": "way", "id": 273266454, "addr:city": null, "addr:country": null, "addr:housenumber": null, "addr:postcode": null, "addr:street": null, "building": "yes", "amenity": null, "check_date:opening_hours": null, "cuisine": null, "indoor_seating": null, "name": null, "opening_hours": null, "outdoor_seating": null, "website": null, "wheelchair": null, "description": null, "leisure": null, "sport": null, "nohousenumber": null, "roof:shape": null, "air_conditioning": null, "building:levels": null, "diet:vegan": null, "diet:vegetarian": null, "payment:credit_cards": null, "payment:debit_cards": null, "phone": null, "roof:levels": null, "check_date": null, "email": null, "mobile": null, "shop": null, "denomination": null, "operator": null, "roof:colour": null, "capacity": null, "building:colour": null, "note": null, "source": null, "house": null, "roof:orientation": null, "layer": null, "compressed_air": null, "not:brand:wikidata": null, "religion": null, "contact:phone": null, "contact:website": null, "name:de": null, "name:en": null, "smoking": null, "name:signed": null, "tourism": null, "community_centre:for": null, "toilets:wheelchair": null, "url": null, "alt_name": null, "operator:wikidata": null, "power": null, "ref": null, "substation": null, "type": null }, "geometry": { "type": "Polygon", "coordinates": [ [ [ 10.8867947, 49.5679414 ], [ 10.886745, 49.5678552 ], [ 10.8866167, 49.5678864 ], [ 10.8866664, 49.5679726 ], [ 10.8867947, 49.5679414 ] ] ] } },
{ "type": "Feature", "properties": { "element": "way", "id": 273266456, "addr:city": null, "addr:country": null, "addr:housenumber": null, "addr:postcode": null, "addr:street": null, "building": "yes", "amenity": null, "check_date:opening_hours": null, "cuisine": null, "indoor_seating": null, "name": null, "opening_hours": null, "outdoor_seating": null, "website": null, "wheelchair": null, "description": null, "leisure": null, "sport": null, "nohousenumber": null, "roof:shape": null, "air_conditioning": null, "building:levels": null, "diet:vegan": null, "diet:vegetarian": null, "payment:credit_cards": null, "payment:debit_cards": null, "phone": null, "roof:levels": null, "check_date": null, "email": null, "mobile": null, "shop": null, "denomination": null, "operator": null, "roof:colour": null, "capacity": null, "building:colour": null, "note": null, "source": null, "house": null, "roof:orientation": null, "layer": null, "compressed_air": null, "not:brand:wikidata": null, "religion": null, "contact:phone": null, "contact:website": null, "name:de": null, "name:en": null, "smoking": null, "name:signed": null, "tourism": null, "community_centre:for": null, "toilets:wheelchair": null, "url": null, "alt_name": null, "operator:wikidata": null, "power": null, "ref": null, "substation": null, "type": null }, "geometry": { "type": "Polygon", "coordinates": [ [ [ 10.8873624, 49.5693088 ], [ 10.8872759, 49.569168 ], [ 10.8871362, 49.5692042 ], [ 10.887186, 49.5692853 ], [ 10.8872227, 49.5693449 ], [ 10.8873624, 49.5693088 ] ] ] } },
{ "type": "Feature", "properties": { "element": "way", "id": 273266457, "addr:city": "Herzogenaurach", "addr:country": "DE", "addr:housenumber": "12", "addr:postcode": "91074", "addr:street": "Störcher Straße", "building": "yes", "amenity": null, "check_date:opening_hours": null, "cuisine": null, "indoor_seating": null, "name": null, "opening_hours": null, "outdoor_seating": null, "website": null, "wheelchair": null, "description": null, "leisure": null, "sport": null, "nohousenumber": null, "roof:shape": null, "air_conditioning": null, "building:levels": null, "diet:vegan": null, "diet:vegetarian": null, "payment:credit_cards": null, "payment:debit_cards": null, "phone": null, "roof:levels": null, "check_date": null, "email": null, "mobile": null, "shop": null, "denomination": null, "operator": null, "roof:colour": null, "capacity": null, "building:colour": null, "note": null, "source": null, "house": null, "roof:orientation": null, "layer": null, "compressed_air": null, "not:brand:wikidata": null, "religion": null, "contact:phone": null, "contact:website": null, "name:de": null, "name:en": null, "smoking": null, "name:signed": null, "tourism": null, "community_centre:for": null, "toilets:wheelchair": null, "url": null, "alt_name": null, "operator:wikidata": null, "power": null, "ref": null, "substation": null, "type": null }, "geometry": { "type": "Polygon", "coordinates": [ [ [ 10.8858244, 49.5685259 ], [ 10.8860198, 49.5684962 ], [ 10.886056, 49.5685965 ], [ 10.8858605, 49.5686261 ], [ 10.8858244, 49.5685259 ] ] ] } },
{ "type": "Feature", "properties": { "element": "way", "id": 273266458, "addr:city": "Herzogenaurach", "addr:country": "DE", "addr:housenumber": "12", "addr:postcode": "91074", "addr:street": "Flurstraße", "building": "yes", "amenity": null, "check_date:opening_hours": null, "cuisine": null, "indoor_seating": null, "name": null, "opening_hours": null, "outdoor_seating": null, "website": null, "wheelchair": null, "description": null, "leisure": null, "sport": null, "nohousenumber": null, "roof:shape": null, "air_conditioning": null, "building:levels": null, "diet:vegan": null, "diet:vegetarian": null, "payment:credit_cards": null, "payment:debit_cards": null, "phone": null, "roof:levels": null, "check_date": null, "email": null, "mobile": null, "shop": null, "denomination": null, "operator": null, "roof:colour": null, "capacity": null, "building:colour": null, "note": null, "source": null, "house": null, "roof:orientation": null, "layer": null, "compressed_air": null, "not:brand:wikidata": null, "religion": null, "contact:phone": null, "contact:website": null, "name:de": null, "name:en": null, "smoking": null, "name:signed": null, "tourism": null, "community_centre:for": null, "toilets:wheelchair": null, "url": null, "alt_name": null, "operator:wikidata": null, "power": null, "ref": null, "substation": null, "type": null }, "geometry": { "type": "Polygon", "coordinates": [ [ [ 10.8874179, 49.5695658 ], [ 10.8873802, 49.5694838 ], [ 10.8872573, 49.5695076 ], [ 10.887295, 49.5695896 ], [ 10.8874179, 49.5695658 ] ] ] } },
{ "type": "Feature", "properties": { "element": "way", "id": 273266460, "addr:city": "Herzogenaurach", "addr:country": "DE", "addr:housenumber": "10", "addr:postcode": "91074", "addr:street": "Glockengasse", "building": "residential", "amenity": null, "check_date:opening_hours": null, "cuisine": null, "indoor_seating": null, "name": null, "opening_hours": null, "outdoor_seating": null, "website": null, "wheelchair": null, "description": null, "leisure": null, "sport": null, "nohousenumber": null, "roof:shape": null, "air_conditioning": null, "building:levels": null, "diet:vegan": null, "diet:vegetarian": null, "payment:credit_cards": null, "payment:debit_cards": null, "phone": null, "roof:levels": null, "check_date": null, "email": null, "mobile": null, "shop": null, "denomination": null, "operator": null, "roof:colour": null, "capacity": null, "building:colour": null, "note": null, "source": null, "house": null, "roof:orientation": null, "layer": null, "compressed_air": null, "not:brand:wikidata": null, "religion": null, "contact:phone": null, "contact:website": null, "name:de": null, "name:en": null, "smoking": null, "name:signed": null, "tourism": null, "community_centre:for": null, "toilets:wheelchair": null, "url": null, "alt_name": null, "operator:wikidata": null, "power": null, "ref": null, "substation": null, "type": null }, "geometry": { "type": "Polygon", "coordinates": [ [ [ 10.8875694, 49.5682352 ], [ 10.8877157, 49.5682085 ], [ 10.8877523, 49.5682928 ], [ 10.887606, 49.5683195 ], [ 10.8875694, 49.5682352 ] ] ] } },
{ "type": "Feature", "properties": { "element": "way", "id": 273266462, "addr:city": "Herzogenaurach", "addr:country": "DE", "addr:housenumber": "4", "addr:postcode": "91074", "addr:street": "Erlanger Straße", "building": "apartments", "amenity": null, "check_date:opening_hours": null, "cuisine": null, "indoor_seating": null, "name": null, "opening_hours": null, "outdoor_seating": null, "website": null, "wheelchair": null, "description": null, "leisure": null, "sport": null, "nohousenumber": null, "roof:shape": null, "air_conditioning": null, "building:levels": null, "diet:vegan": null, "diet:vegetarian": null, "payment:credit_cards": null, "payment:debit_cards": null, "phone": null, "roof:levels": null, "check_date": null, "email": null, "mobile": null, "shop": null, "denomination": null, "operator": null, "roof:colour": null, "capacity": null, "building:colour": null, "note": null, "source": null, "house": null, "roof:orientation": null, "layer": null, "compressed_air": null, "not:brand:wikidata": null, "religion": null, "contact:phone": null, "contact:website": null, "name:de": null, "name:en": null, "smoking": null, "name:signed": null, "tourism": null, "community_centre:for": null, "toilets:wheelchair": null, "url": null, "alt_name": null, "operator:wikidata": null, "power": null, "ref": null, "substation": null, "type": null }, "geometry": { "type": "Polygon", "coordinates": [ [ [ 10.8844802, 49.5679387 ], [ 10.8843994, 49.5678969 ], [ 10.8845246, 49.5677952 ], [ 10.8846054, 49.567837 ], [ 10.884569, 49.5678666 ], [ 10.8845111, 49.5679136 ], [ 10.8844802, 49.5679387 ] ] ] } },
{ "type": "Feature", "properties": { "element": "way", "id": 273266463, "addr:city": null, "addr:country": null, "addr:housenumber": null, "addr:postcode": null, "addr:street": null, "building": "yes", "amenity": null, "check_date:opening_hours": null, "cuisine": null, "indoor_seating": null, "name": null, "opening_hours": null, "outdoor_seating": null, "website": null, "wheelchair": null, "description": null, "leisure": null, "sport": null, "nohousenumber": null, "roof:shape": null, "air_conditioning": null, "building:levels": null, "diet:vegan": null, "diet:vegetarian": null, "payment:credit_cards": null, "payment:debit_cards": null, "phone": null, "roof:levels": null, "check_date": null, "email": null, "mobile": null, "shop": null, "denomination": null, "operator": null, "roof:colour": null, "capacity": null, "building:colour": null, "note": null, "source": null, "house": null, "roof:orientation": null, "layer": null, "compressed_air": null, "not:brand:wikidata": null, "religion": null, "contact:phone": null, "contact:website": null, "name:de": null, "name:en": null, "smoking": null, "name:signed": null, "tourism": null, "community_centre:for": null, "toilets:wheelchair": null, "url": null, "alt_name": null, "operator:wikidata": null, "power": null, "ref": null, "substation": null, "type": null }, "geometry": { "type": "Polygon", "coordinates": [ [ [ 10.8864167, 49.5679127 ], [ 10.8863477, 49.56781 ], [ 10.8862515, 49.5678372 ], [ 10.8861924, 49.5678539 ], [ 10.8862614, 49.5679566 ], [ 10.8864167, 49.5679127 ] ] ] } },
{ "type": "Feature", "properties": { "element": "way", "id": 273266464, "addr:city": "Herzogenaurach", "addr:country": "DE", "addr:housenumber": "11", "addr:postcode": "91074", "addr:street": "Glockengasse", "building": "residential", "amenity": null, "check_date:opening_hours": null, "cuisine": null, "indoor_seating": null, "name": null, "opening_hours": null, "outdoor_seating": null, "website": null, "wheelchair": null, "description": null, "leisure": null, "sport": null, "nohousenumber": null, "roof:shape": null, "air_conditioning": null, "building:levels": null, "diet:vegan": null, "diet:vegetarian": null, "payment:credit_cards": null, "payment:debit_cards": null, "phone": null, "roof:levels": null, "check_date": null, "email": null, "mobile": null, "shop": null, "denomination": null, "operator": null, "roof:colour": null, "capacity": null, "building:colour": null, "note": null, "source": null, "house": null, "roof:orientation": null, "layer": null, "compressed_air": null, "not:brand:wikidata": null, "religion": null, "contact:phone": null, "contact:website": null, "name:de": null, "name:en": null, "smoking": null, "name:signed": null, "tourism": null, "community_centre:for": null, "toilets:wheelchair": null, "url": null, "alt_name": null, "operator:wikidata": null, "power": null, "ref": null, "substation": null, "type": null }, "geometry": { "type": "Polygon", "coordinates": [ [ [ 10.8873422, 49.5689203 ], [ 10.887345, 49.5689389 ], [ 10.8874697, 49.568931 ], [ 10.8874469, 49.5687788 ], [ 10.8873222, 49.5687867 ], [ 10.8873307, 49.5688436 ], [ 10.8872601, 49.5688481 ], [ 10.8872716, 49.5689247 ], [ 10.8873422, 49.5689203 ] ] ] } },
{ "type": "Feature", "properties": { "element": "way", "id": 273266465, "addr:city": "Herzogenaurach", "addr:country": "DE", "addr:housenumber": "13", "addr:postcode": "91074", "addr:street": "Erlanger Straße", "building": "yes", "amenity": null, "check_date:opening_hours": null, "cuisine": null, "indoor_seating": null, "name": null, "opening_hours": null, "outdoor_seating": null, "website": null, "wheelchair": null, "description": null, "leisure": null, "sport": null, "nohousenumber": null, "roof:shape": null, "air_conditioning": null, "building:levels": null, "diet:vegan": null, "diet:vegetarian": null, "payment:credit_cards": null, "payment:debit_cards": null, "phone": null, "roof:levels": null, "check_date": null, "email": null, "mobile": null, "shop": null, "denomination": null, "operator": null, "roof:colour": null, "capacity": null, "building:colour": null, "note": null, "source": null, "house": null, "roof:orientation": null, "layer": null, "compressed_air": null, "not:brand:wikidata": null, "religion": null, "contact:phone": null, "contact:website": null, "name:de": null, "name:en": null, "smoking": null, "name:signed": null, "tourism": null, "community_centre:for": null, "toilets:wheelchair": null, "url": null, "alt_name": null, "operator:wikidata": null, "power": null, "ref": null, "substation": null, "type": null }, "geometry": { "type": "Polygon", "coordinates": [ [ [ 10.8855517, 49.5676667 ], [ 10.8855026, 49.5676677 ], [ 10.8853874, 49.5676701 ], [ 10.8853235, 49.5676714 ], [ 10.8853289, 49.5677823 ], [ 10.8854102, 49.5677806 ], [ 10.8854858, 49.5677791 ], [ 10.885489, 49.5678456 ], [ 10.8855604, 49.5678441 ], [ 10.8855517, 49.5676667 ] ] ] } },
{ "type": "Feature", "properties": { "element": "way", "id": 273272604, "addr:city": "Herzogenaurach", "addr:country": "DE", "addr:housenumber": "9", "addr:postcode": "91074", "addr:street": "Erlanger Straße", "building": "yes", "amenity": null, "check_date:opening_hours": "2025-09-20", "cuisine": null, "indoor_seating": null, "name": "Optik Buchmann", "opening_hours": "Mo,Tu,Th,Fr 09:00-18:00; We 09:00-13:00; Sa 09:00-12:00", "outdoor_seating": null, "website": "https://www.buchmann-optik.de/", "wheelchair": "yes", "description": null, "leisure": null, "sport": null, "nohousenumber": null, "roof:shape": null, "air_conditioning": null, "building:levels": "1", "diet:vegan": null, "diet:vegetarian": null, "payment:credit_cards": null, "payment:debit_cards": null, "phone": "+499132 8546", "roof:levels": null, "check_date": null, "email": null, "mobile": null, "shop": "optician", "denomination": null, "operator": null, "roof:colour": null, "capacity": null, "building:colour": null, "note": null, "source": null, "house": null, "roof:orientation": null, "layer": null, "compressed_air": null, "not:brand:wikidata": null, "religion": null, "contact:phone": null, "contact:website": null, "name:de": null, "name:en": null, "smoking": "no", "name:signed": null, "tourism": null, "community_centre:for": null, "toilets:wheelchair": null, "url": null, "alt_name": null, "operator:wikidata": null, "power": null, "ref": null, "substation": null, "type": null }, "geometry": { "type": "Polygon", "coordinates": [ [ [ 10.8850585, 49.5677084 ], [ 10.8849693, 49.5677327 ], [ 10.8848796, 49.5677572 ], [ 10.8849325, 49.5678387 ], [ 10.8849739, 49.5678274 ], [ 10.8850775, 49.5677991 ], [ 10.8851114, 49.5677899 ], [ 10.8850585, 49.5677084 ] ] ] } },
{ "type": "Feature", "properties": { "element": "way", "id": 273272612, "addr:city": null, "addr:country": null, "addr:housenumber": null, "addr:postcode": null, "addr:street": null, "building": "yes", "amenity": null, "check_date:opening_hours": null, "cuisine": null, "indoor_seating": null, "name": null, "opening_hours": null, "outdoor_seating": null, "website": null, "wheelchair": null, "description": null, "leisure": null, "sport": null, "nohousenumber": null, "roof:shape": null, "air_conditioning": null, "building:levels": null, "diet:vegan": null, "diet:vegetarian": null, "payment:credit_cards": null, "payment:debit_cards": null, "phone": null, "roof:levels": null, "check_date": null, "email": null, "mobile": null, "shop": null, "denomination": null, "operator": null, "roof:colour": null, "capacity": null, "building:colour": null, "note": null, "source": null, "house": null, "roof:orientation": null, "layer": null, "compressed_air": null, "not:brand:wikidata": null, "religion": null, "contact:phone": null, "contact:website": null, "name:de": null, "name:en": null, "smoking": null, "name:signed": null, "tourism": null, "community_centre:for": null, "toilets:wheelchair": null, "url": null, "alt_name": null, "operator:wikidata": null, "power": null, "ref": null, "substation": null, "type": null }, "geometry": { "type": "Polygon", "coordinates": [ [ [ 10.8851925, 49.5679186 ], [ 10.8852398, 49.5679914 ], [ 10.885367, 49.5679566 ], [ 10.8853197, 49.5678838 ], [ 10.8851925, 49.5679186 ] ] ] } },
{ "type": "Feature", "properties": { "element": "way", "id": 273272624, "addr:city": "Herzogenaurach", "addr:country": "DE", "addr:housenumber": "9a", "addr:postcode": "91074", "addr:street": "Erlanger Straße", "building": "yes", "amenity": null, "check_date:opening_hours": null, "cuisine": null, "indoor_seating": null, "name": null, "opening_hours": null, "outdoor_seating": null, "website": null, "wheelchair": null, "description": null, "leisure": null, "sport": null, "nohousenumber": null, "roof:shape": null, "air_conditioning": null, "building:levels": null, "diet:vegan": null, "diet:vegetarian": null, "payment:credit_cards": null, "payment:debit_cards": null, "phone": null, "roof:levels": null, "check_date": null, "email": null, "mobile": null, "shop": null, "denomination": null, "operator": null, "roof:colour": null, "capacity": null, "building:colour": null, "note": null, "source": null, "house": null, "roof:orientation": null, "layer": null, "compressed_air": null, "not:brand:wikidata": null, "religion": null, "contact:phone": null, "contact:website": null, "name:de": null, "name:en": null, "smoking": null, "name:signed": "no", "tourism": "attraction", "community_centre:for": null, "toilets:wheelchair": null, "url": null, "alt_name": null, "operator:wikidata": null, "power": null, "ref": null, "substation": null, "type": null }, "geometry": { "type": "Polygon", "coordinates": [ [ [ 10.8852386, 49.5681804 ], [ 10.8854641, 49.5681188 ], [ 10.8853932, 49.5680097 ], [ 10.8853313, 49.5680266 ], [ 10.8852412, 49.5680512 ], [ 10.8850775, 49.5677991 ], [ 10.8849739, 49.5678274 ], [ 10.8850559, 49.5679538 ], [ 10.8850104, 49.5679662 ], [ 10.8849793, 49.5679747 ], [ 10.8849121, 49.567993 ], [ 10.8848943, 49.5679979 ], [ 10.8849174, 49.5680336 ], [ 10.8849417, 49.568071 ], [ 10.8851336, 49.5680186 ], [ 10.8852386, 49.5681804 ] ] ] } },
{ "type": "Feature", "properties": { "element": "way", "id": 273272625, "addr:city": "Herzogenaurach", "addr:country": "DE", "addr:housenumber": "11", "addr:postcode": "91074", "addr:street": "Erlanger Straße", "building": "yes", "amenity": null, "check_date:opening_hours": null, "cuisine": null, "indoor_seating": null, "name": null, "opening_hours": null, "outdoor_seating": null, "website": null, "wheelchair": null, "description": null, "leisure": null, "sport": null, "nohousenumber": null, "roof:shape": null, "air_conditioning": null, "building:levels": null, "diet:vegan": null, "diet:vegetarian": null, "payment:credit_cards": null, "payment:debit_cards": null, "phone": null, "roof:levels": null, "check_date": null, "email": null, "mobile": null, "shop": null, "denomination": null, "operator": null, "roof:colour": null, "capacity": null, "building:colour": null, "note": null, "source": null, "house": null, "roof:orientation": null, "layer": null, "compressed_air": null, "not:brand:wikidata": null, "religion": null, "contact:phone": null, "contact:website": null, "name:de": null, "name:en": null, "smoking": null, "name:signed": null, "tourism": null, "community_centre:for": null, "toilets:wheelchair": null, "url": null, "alt_name": null, "operator:wikidata": null, "power": null, "ref": null, "substation": null, "type": null }, "geometry": { "type": "Polygon", "coordinates": [ [ [ 10.8852032, 49.567672 ], [ 10.885261, 49.567757 ], [ 10.8851428, 49.5677908 ], [ 10.885085, 49.5677058 ], [ 10.8851452, 49.5676886 ], [ 10.8852032, 49.567672 ] ] ] } },
{ "type": "Feature", "properties": { "element": "way", "id": 273452263, "addr:city": "Herzogenaurach", "addr:country": "DE", "addr:housenumber": "14", "addr:postcode": "91074", "addr:street": "Erlanger Straße", "building": "commercial", "amenity": null, "check_date:opening_hours": null, "cuisine": null, "indoor_seating": null, "name": null, "opening_hours": null, "outdoor_seating": null, "website": null, "wheelchair": null, "description": null, "leisure": null, "sport": null, "nohousenumber": null, "roof:shape": null, "air_conditioning": null, "building:levels": null, "diet:vegan": null, "diet:vegetarian": null, "payment:credit_cards": null, "payment:debit_cards": null, "phone": null, "roof:levels": null, "check_date": null, "email": null, "mobile": null, "shop": null, "denomination": null, "operator": null, "roof:colour": null, "capacity": null, "building:colour": null, "note": null, "source": null, "house": null, "roof:orientation": null, "layer": null, "compressed_air": null, "not:brand:wikidata": null, "religion": null, "contact:phone": null, "contact:website": null, "name:de": null, "name:en": null, "smoking": null, "name:signed": null, "tourism": null, "community_centre:for": null, "toilets:wheelchair": null, "url": null, "alt_name": null, "operator:wikidata": null, "power": null, "ref": null, "substation": null, "type": null }, "geometry": { "type": "Polygon", "coordinates": [ [ [ 10.8865432, 49.5675713 ], [ 10.8867266, 49.567557 ], [ 10.8867084, 49.5674586 ], [ 10.886525, 49.5674729 ], [ 10.8865432, 49.5675713 ] ] ] } },
{ "type": "Feature", "properties": { "element": "way", "id": 273452264, "addr:city": "Herzogenaurach", "addr:country": "DE", "addr:housenumber": "16", "addr:postcode": "91074", "addr:street": "Erlanger Straße", "building": "civic", "amenity": "community_centre", "check_date:opening_hours": null, "cuisine": null, "indoor_seating": null, "name": "Generationen.Zentrum", "opening_hours": "Mo,We,Fr 09:00-12:30; Tu 13:00-15:00,09:00-12:30; Th 12:00-17:00", "outdoor_seating": null, "website": "https://www.herzogenaurach.de/leben/generationenzentrum", "wheelchair": "limited", "description": null, "leisure": null, "sport": null, "nohousenumber": null, "roof:shape": null, "air_conditioning": null, "building:levels": null, "diet:vegan": null, "diet:vegetarian": null, "payment:credit_cards": null, "payment:debit_cards": null, "phone": "+49 9132 734170", "roof:levels": null, "check_date": "2023-09-02", "email": null, "mobile": null, "shop": null, "denomination": null, "operator": "Stadt Herzogenaurach", "roof:colour": null, "capacity": null, "building:colour": null, "note": null, "source": null, "house": null, "roof:orientation": null, "layer": null, "compressed_air": null, "not:brand:wikidata": null, "religion": null, "contact:phone": null, "contact:website": null, "name:de": null, "name:en": null, "smoking": null, "name:signed": null, "tourism": null, "community_centre:for": "multigeneration", "toilets:wheelchair": "yes", "url": "http://www.herzogenaurach.de/de/kultur-sport-und-freizeit/freizeitheim.html", "alt_name": null, "operator:wikidata": null, "power": null, "ref": null, "substation": null, "type": null }, "geometry": { "type": "Polygon", "coordinates": [ [ [ 10.8872357, 49.5673502 ], [ 10.8870801, 49.5673924 ], [ 10.8869225, 49.5674266 ], [ 10.8867724, 49.567455 ], [ 10.8868138, 49.5675471 ], [ 10.8869667, 49.5675182 ], [ 10.8871322, 49.5674823 ], [ 10.8872928, 49.5674386 ], [ 10.8872357, 49.5673502 ] ] ] } },
{ "type": "Feature", "properties": { "element": "way", "id": 273452267, "addr:city": null, "addr:country": null, "addr:housenumber": null, "addr:postcode": null, "addr:street": null, "building": "yes", "amenity": null, "check_date:opening_hours": null, "cuisine": null, "indoor_seating": null, "name": null, "opening_hours": null, "outdoor_seating": null, "website": null, "wheelchair": null, "description": null, "leisure": null, "sport": null, "nohousenumber": null, "roof:shape": null, "air_conditioning": null, "building:levels": null, "diet:vegan": null, "diet:vegetarian": null, "payment:credit_cards": null, "payment:debit_cards": null, "phone": null, "roof:levels": null, "check_date": null, "email": null, "mobile": null, "shop": null, "denomination": null, "operator": null, "roof:colour": null, "capacity": null, "building:colour": null, "note": null, "source": null, "house": null, "roof:orientation": null, "layer": null, "compressed_air": null, "not:brand:wikidata": null, "religion": null, "contact:phone": null, "contact:website": null, "name:de": null, "name:en": null, "smoking": null, "name:signed": null, "tourism": null, "community_centre:for": null, "toilets:wheelchair": null, "url": null, "alt_name": null, "operator:wikidata": null, "power": null, "ref": null, "substation": null, "type": null }, "geometry": { "type": "Polygon", "coordinates": [ [ [ 10.8869779, 49.5691122 ], [ 10.8869086, 49.5689656 ], [ 10.8867625, 49.5689947 ], [ 10.8867801, 49.569032 ], [ 10.8868037, 49.5690818 ], [ 10.8867684, 49.5690888 ], [ 10.8867965, 49.5691483 ], [ 10.8869779, 49.5691122 ] ] ] } },
{ "type": "Feature", "properties": { "element": "way", "id": 273452268, "addr:city": "Herzogenaurach", "addr:country": "DE", "addr:housenumber": "1a", "addr:postcode": "91074", "addr:street": "Glockengasse", "building": "yes", "amenity": null, "check_date:opening_hours": null, "cuisine": null, "indoor_seating": null, "name": null, "opening_hours": null, "outdoor_seating": null, "website": null, "wheelchair": null, "description": null, "leisure": null, "sport": null, "nohousenumber": null, "roof:shape": null, "air_conditioning": null, "building:levels": null, "diet:vegan": null, "diet:vegetarian": null, "payment:credit_cards": null, "payment:debit_cards": null, "phone": null, "roof:levels": null, "check_date": null, "email": null, "mobile": null, "shop": null, "denomination": null, "operator": null, "roof:colour": null, "capacity": null, "building:colour": null, "note": null, "source": null, "house": null, "roof:orientation": null, "layer": null, "compressed_air": null, "not:brand:wikidata": null, "religion": null, "contact:phone": null, "contact:website": null, "name:de": null, "name:en": null, "smoking": null, "name:signed": null, "tourism": null, "community_centre:for": null, "toilets:wheelchair": null, "url": null, "alt_name": null, "operator:wikidata": null, "power": null, "ref": null, "substation": null, "type": null }, "geometry": { "type": "Polygon", "coordinates": [ [ [ 10.8870698, 49.5678875 ], [ 10.8872206, 49.5678623 ], [ 10.8871858, 49.5677747 ], [ 10.887035, 49.5677999 ], [ 10.8870698, 49.5678875 ] ] ] } },
{ "type": "Feature", "properties": { "element": "way", "id": 273452269, "addr:city": null, "addr:country": null, "addr:housenumber": null, "addr:postcode": null, "addr:street": null, "building": "yes", "amenity": null, "check_date:opening_hours": null, "cuisine": null, "indoor_seating": null, "name": null, "opening_hours": null, "outdoor_seating": null, "website": null, "wheelchair": null, "description": null, "leisure": null, "sport": null, "nohousenumber": null, "roof:shape": null, "air_conditioning": null, "building:levels": null, "diet:vegan": null, "diet:vegetarian": null, "payment:credit_cards": null, "payment:debit_cards": null, "phone": null, "roof:levels": null, "check_date": null, "email": null, "mobile": null, "shop": null, "denomination": null, "operator": null, "roof:colour": null, "capacity": null, "building:colour": null, "note": null, "source": null, "house": null, "roof:orientation": null, "layer": null, "compressed_air": null, "not:brand:wikidata": null, "religion": null, "contact:phone": null, "contact:website": null, "name:de": null, "name:en": null, "smoking": null, "name:signed": null, "tourism": null, "community_centre:for": null, "toilets:wheelchair": null, "url": null, "alt_name": null, "operator:wikidata": null, "power": null, "ref": null, "substation": null, "type": null }, "geometry": { "type": "Polygon", "coordinates": [ [ [ 10.887752, 49.5676012 ], [ 10.8877135, 49.567521 ], [ 10.887586, 49.5675467 ], [ 10.8876365, 49.5676519 ], [ 10.8877028, 49.5676385 ], [ 10.8876909, 49.5676136 ], [ 10.8877169, 49.5676083 ], [ 10.887752, 49.5676012 ] ] ] } },
{ "type": "Feature", "properties": { "element": "way", "id": 273452271, "addr:city": "Herzogenaurach", "addr:country": "DE", "addr:housenumber": "22", "addr:postcode": "91074", "addr:street": "Erlanger Straße", "building": "residential", "amenity": null, "check_date:opening_hours": null, "cuisine": null, "indoor_seating": null, "name": null, "opening_hours": null, "outdoor_seating": null, "website": null, "wheelchair": null, "description": null, "leisure": null, "sport": null, "nohousenumber": null, "roof:shape": null, "air_conditioning": null, "building:levels": null, "diet:vegan": null, "diet:vegetarian": null, "payment:credit_cards": null, "payment:debit_cards": null, "phone": null, "roof:levels": null, "check_date": null, "email": null, "mobile": null, "shop": null, "denomination": null, "operator": null, "roof:colour": null, "capacity": null, "building:colour": null, "note": null, "source": null, "house": null, "roof:orientation": null, "layer": null, "compressed_air": null, "not:brand:wikidata": null, "religion": null, "contact:phone": null, "contact:website": null, "name:de": null, "name:en": null, "smoking": null, "name:signed": null, "tourism": null, "community_centre:for": null, "toilets:wheelchair": null, "url": null, "alt_name": null, "operator:wikidata": null, "power": null, "ref": null, "substation": null, "type": null }, "geometry": { "type": "Polygon", "coordinates": [ [ [ 10.8875575, 49.5673546 ], [ 10.8874613, 49.5671981 ], [ 10.8875287, 49.5671807 ], [ 10.8875718, 49.5672507 ], [ 10.8876167, 49.5672391 ], [ 10.8876698, 49.5673256 ], [ 10.8875575, 49.5673546 ] ] ] } },
{ "type": "Feature", "properties": { "element": "way", "id": 273452272, "addr:city": "Herzogenaurach", "addr:country": "DE", "addr:housenumber": "2", "addr:postcode": "91074", "addr:street": "Glockengasse", "building": "residential", "amenity": null, "check_date:opening_hours": null, "cuisine": null, "indoor_seating": null, "name": null, "opening_hours": null, "outdoor_seating": null, "website": null, "wheelchair": null, "description": null, "leisure": null, "sport": null, "nohousenumber": null, "roof:shape": null, "air_conditioning": null, "building:levels": null, "diet:vegan": null, "diet:vegetarian": null, "payment:credit_cards": null, "payment:debit_cards": null, "phone": null, "roof:levels": null, "check_date": null, "email": null, "mobile": null, "shop": null, "denomination": null, "operator": null, "roof:colour": null, "capacity": null, "building:colour": null, "note": null, "source": null, "house": null, "roof:orientation": null, "layer": null, "compressed_air": null, "not:brand:wikidata": null, "religion": null, "contact:phone": null, "contact:website": null, "name:de": null, "name:en": null, "smoking": null, "name:signed": null, "tourism": null, "community_centre:for": null, "toilets:wheelchair": null, "url": null, "alt_name": null, "operator:wikidata": null, "power": null, "ref": null, "substation": null, "type": null }, "geometry": { "type": "Polygon", "coordinates": [ [ [ 10.8873229, 49.5676023 ], [ 10.8874903, 49.5675724 ], [ 10.8875259, 49.5676562 ], [ 10.8874747, 49.5676653 ], [ 10.8873585, 49.5676861 ], [ 10.8873229, 49.5676023 ] ] ] } },
{ "type": "Feature", "properties": { "element": "way", "id": 273452273, "addr:city": null, "addr:country": null, "addr:housenumber": null, "addr:postcode": null, "addr:street": null, "building": "yes", "amenity": null, "check_date:opening_hours": null, "cuisine": null, "indoor_seating": null, "name": null, "opening_hours": null, "outdoor_seating": null, "website": null, "wheelchair": null, "description": null, "leisure": null, "sport": null, "nohousenumber": null, "roof:shape": null, "air_conditioning": null, "building:levels": null, "diet:vegan": null, "diet:vegetarian": null, "payment:credit_cards": null, "payment:debit_cards": null, "phone": null, "roof:levels": null, "check_date": null, "email": null, "mobile": null, "shop": null, "denomination": null, "operator": null, "roof:colour": null, "capacity": null, "building:colour": null, "note": null, "source": null, "house": null, "roof:orientation": null, "layer": null, "compressed_air": null, "not:brand:wikidata": null, "religion": null, "contact:phone": null, "contact:website": null, "name:de": null, "name:en": null, "smoking": null, "name:signed": null, "tourism": null, "community_centre:for": null, "toilets:wheelchair": null, "url": null, "alt_name": null, "operator:wikidata": null, "power": null, "ref": null, "substation": null, "type": null }, "geometry": { "type": "Polygon", "coordinates": [ [ [ 10.8856376, 49.5679858 ], [ 10.8857213, 49.5681258 ], [ 10.8856603, 49.5681411 ], [ 10.8855912, 49.5681585 ], [ 10.8855075, 49.5680185 ], [ 10.885572, 49.5680023 ], [ 10.8856376, 49.5679858 ] ] ] } },
{ "type": "Feature", "properties": { "element": "way", "id": 273452274, "addr:city": "Herzogenaurach", "addr:country": "DE", "addr:housenumber": "4", "addr:postcode": "91074", "addr:street": "Glockengasse", "building": "yes", "amenity": null, "check_date:opening_hours": null, "cuisine": null, "indoor_seating": null, "name": null, "opening_hours": null, "outdoor_seating": null, "website": null, "wheelchair": null, "description": null, "leisure": null, "sport": null, "nohousenumber": null, "roof:shape": null, "air_conditioning": null, "building:levels": null, "diet:vegan": null, "diet:vegetarian": null, "payment:credit_cards": null, "payment:debit_cards": null, "phone": null, "roof:levels": null, "check_date": null, "email": null, "mobile": null, "shop": null, "denomination": null, "operator": null, "roof:colour": null, "capacity": null, "building:colour": null, "note": null, "source": null, "house": null, "roof:orientation": null, "layer": null, "compressed_air": null, "not:brand:wikidata": null, "religion": null, "contact:phone": null, "contact:website": null, "name:de": null, "name:en": null, "smoking": null, "name:signed": null, "tourism": null, "community_centre:for": null, "toilets:wheelchair": null, "url": null, "alt_name": null, "operator:wikidata": null, "power": null, "ref": null, "substation": null, "type": null }, "geometry": { "type": "Polygon", "coordinates": [ [ [ 10.8874677, 49.5679037 ], [ 10.8877296, 49.5678646 ], [ 10.8876972, 49.567773 ], [ 10.8874352, 49.5678121 ], [ 10.8874677, 49.5679037 ] ] ] } },
{ "type": "Feature", "properties": { "element": "way", "id": 273452275, "addr:city": null, "addr:country": null, "addr:housenumber": null, "addr:postcode": null, "addr:street": null, "building": "yes", "amenity": null, "check_date:opening_hours": null, "cuisine": null, "indoor_seating": null, "name": null, "opening_hours": null, "outdoor_seating": null, "website": null, "wheelchair": null, "description": null, "leisure": null, "sport": null, "nohousenumber": null, "roof:shape": null, "air_conditioning": null, "building:levels": null, "diet:vegan": null, "diet:vegetarian": null, "payment:credit_cards": null, "payment:debit_cards": null, "phone": null, "roof:levels": null, "check_date": null, "email": null, "mobile": null, "shop": null, "denomination": null, "operator": null, "roof:colour": null, "capacity": null, "building:colour": null, "note": null, "source": null, "house": null, "roof:orientation": null, "layer": null, "compressed_air": null, "not:brand:wikidata": null, "religion": null, "contact:phone": null, "contact:website": null, "name:de": null, "name:en": null, "smoking": null, "name:signed": null, "tourism": null, "community_centre:for": null, "toilets:wheelchair": null, "url": null, "alt_name": null, "operator:wikidata": null, "power": null, "ref": null, "substation": null, "type": null }, "geometry": { "type": "Polygon", "coordinates": [ [ [ 10.8862787, 49.5676778 ], [ 10.8864284, 49.5676671 ], [ 10.8864414, 49.567744 ], [ 10.8862916, 49.5677546 ], [ 10.8862787, 49.5676778 ] ] ] } },
{ "type": "Feature", "properties": { "element": "way", "id": 273452277, "addr:city": null, "addr:country": null, "addr:housenumber": null, "addr:postcode": null, "addr:street": null, "building": "yes", "amenity": null, "check_date:opening_hours": null, "cuisine": null, "indoor_seating": null, "name": null, "opening_hours": null, "outdoor_seating": null, "website": null, "wheelchair": null, "description": null, "leisure": null, "sport": null, "nohousenumber": null, "roof:shape": null, "air_conditioning": null, "building:levels": null, "diet:vegan": null, "diet:vegetarian": null, "payment:credit_cards": null, "payment:debit_cards": null, "phone": null, "roof:levels": null, "check_date": null, "email": null, "mobile": null, "shop": null, "denomination": null, "operator": null, "roof:colour": null, "capacity": null, "building:colour": null, "note": null, "source": null, "house": null, "roof:orientation": null, "layer": null, "compressed_air": null, "not:brand:wikidata": null, "religion": null, "contact:phone": null, "contact:website": null, "name:de": null, "name:en": null, "smoking": null, "name:signed": null, "tourism": null, "community_centre:for": null, "toilets:wheelchair": null, "url": null, "alt_name": null, "operator:wikidata": null, "power": null, "ref": null, "substation": null, "type": null }, "geometry": { "type": "Polygon", "coordinates": [ [ [ 10.8858498, 49.5678072 ], [ 10.8858271, 49.5677481 ], [ 10.8857996, 49.5676768 ], [ 10.8859202, 49.5676764 ], [ 10.8859635, 49.5677888 ], [ 10.8858498, 49.5678072 ] ] ] } },
{ "type": "Feature", "properties": { "element": "way", "id": 273452280, "addr:city": null, "addr:country": null, "addr:housenumber": null, "addr:postcode": null, "addr:street": null, "building": "yes", "amenity": null, "check_date:opening_hours": null, "cuisine": null, "indoor_seating": null, "name": null, "opening_hours": null, "outdoor_seating": null, "website": null, "wheelchair": null, "description": null, "leisure": null, "sport": null, "nohousenumber": null, "roof:shape": null, "air_conditioning": null, "building:levels": null, "diet:vegan": null, "diet:vegetarian": null, "payment:credit_cards": null, "payment:debit_cards": null, "phone": null, "roof:levels": null, "check_date": null, "email": null, "mobile": null, "shop": null, "denomination": null, "operator": null, "roof:colour": null, "capacity": null, "building:colour": null, "note": null, "source": null, "house": null, "roof:orientation": null, "layer": null, "compressed_air": null, "not:brand:wikidata": null, "religion": null, "contact:phone": null, "contact:website": null, "name:de": null, "name:en": null, "smoking": null, "name:signed": null, "tourism": null, "community_centre:for": null, "toilets:wheelchair": null, "url": null, "alt_name": null, "operator:wikidata": null, "power": null, "ref": null, "substation": null, "type": null }, "geometry": { "type": "Polygon", "coordinates": [ [ [ 10.8858178, 49.5682901 ], [ 10.8857366, 49.5681473 ], [ 10.8856663, 49.5681641 ], [ 10.885604, 49.568179 ], [ 10.8856852, 49.5683218 ], [ 10.8857489, 49.5683066 ], [ 10.8858178, 49.5682901 ] ] ] } },
{ "type": "Feature", "properties": { "element": "way", "id": 273452281, "addr:city": null, "addr:country": null, "addr:housenumber": null, "addr:postcode": null, "addr:street": null, "building": "residential", "amenity": null, "check_date:opening_hours": null, "cuisine": null, "indoor_seating": null, "name": null, "opening_hours": null, "outdoor_seating": null, "website": null, "wheelchair": null, "description": null, "leisure": null, "sport": null, "nohousenumber": null, "roof:shape": null, "air_conditioning": null, "building:levels": null, "diet:vegan": null, "diet:vegetarian": null, "payment:credit_cards": null, "payment:debit_cards": null, "phone": null, "roof:levels": null, "check_date": null, "email": null, "mobile": null, "shop": null, "denomination": null, "operator": null, "roof:colour": null, "capacity": null, "building:colour": null, "note": null, "source": null, "house": null, "roof:orientation": null, "layer": null, "compressed_air": null, "not:brand:wikidata": null, "religion": null, "contact:phone": null, "contact:website": null, "name:de": null, "name:en": null, "smoking": null, "name:signed": null, "tourism": null, "community_centre:for": null, "toilets:wheelchair": null, "url": null, "alt_name": null, "operator:wikidata": null, "power": null, "ref": null, "substation": null, "type": null }, "geometry": { "type": "Polygon", "coordinates": [ [ [ 10.8879098, 49.5691647 ], [ 10.8879146, 49.569183 ], [ 10.8877834, 49.5691975 ], [ 10.8877758, 49.5691686 ], [ 10.8877577, 49.5690995 ], [ 10.8877442, 49.5690479 ], [ 10.8878754, 49.5690335 ], [ 10.8878825, 49.5690604 ], [ 10.8879747, 49.5690502 ], [ 10.888002, 49.5691545 ], [ 10.8879098, 49.5691647 ] ] ] } },
{ "type": "Feature", "properties": { "element": "way", "id": 273452282, "addr:city": null, "addr:country": null, "addr:housenumber": null, "addr:postcode": null, "addr:street": null, "building": "yes", "amenity": null, "check_date:opening_hours": null, "cuisine": null, "indoor_seating": null, "name": null, "opening_hours": null, "outdoor_seating": null, "website": null, "wheelchair": null, "description": null, "leisure": null, "sport": null, "nohousenumber": null, "roof:shape": null, "air_conditioning": null, "building:levels": null, "diet:vegan": null, "diet:vegetarian": null, "payment:credit_cards": null, "payment:debit_cards": null, "phone": null, "roof:levels": null, "check_date": null, "email": null, "mobile": null, "shop": null, "denomination": null, "operator": null, "roof:colour": null, "capacity": null, "building:colour": null, "note": null, "source": null, "house": null, "roof:orientation": null, "layer": null, "compressed_air": null, "not:brand:wikidata": null, "religion": null, "contact:phone": null, "contact:website": null, "name:de": null, "name:en": null, "smoking": null, "name:signed": null, "tourism": null, "community_centre:for": null, "toilets:wheelchair": null, "url": null, "alt_name": null, "operator:wikidata": null, "power": null, "ref": null, "substation": null, "type": null }, "geometry": { "type": "Polygon", "coordinates": [ [ [ 10.8875262, 49.567757 ], [ 10.8874747, 49.5676653 ], [ 10.8875259, 49.5676562 ], [ 10.8875772, 49.5676406 ], [ 10.8876442, 49.5677187 ], [ 10.8875262, 49.567757 ] ] ] } },
{ "type": "Feature", "properties": { "element": "way", "id": 273452283, "addr:city": "Herzogenaurach", "addr:country": "DE", "addr:housenumber": "29", "addr:postcode": "91074", "addr:street": "Erlanger Straße", "building": "residential", "amenity": null, "check_date:opening_hours": null, "cuisine": null, "indoor_seating": null, "name": null, "opening_hours": null, "outdoor_seating": null, "website": null, "wheelchair": null, "description": null, "leisure": null, "sport": null, "nohousenumber": null, "roof:shape": null, "air_conditioning": null, "building:levels": null, "diet:vegan": null, "diet:vegetarian": null, "payment:credit_cards": null, "payment:debit_cards": null, "phone": null, "roof:levels": null, "check_date": null, "email": null, "mobile": null, "shop": null, "denomination": null, "operator": null, "roof:colour": null, "capacity": null, "building:colour": null, "note": null, "source": null, "house": null, "roof:orientation": null, "layer": null, "compressed_air": null, "not:brand:wikidata": null, "religion": null, "contact:phone": null, "contact:website": null, "name:de": null, "name:en": null, "smoking": null, "name:signed": null, "tourism": null, "community_centre:for": null, "toilets:wheelchair": null, "url": null, "alt_name": null, "operator:wikidata": null, "power": null, "ref": null, "substation": null, "type": null }, "geometry": { "type": "Polygon", "coordinates": [ [ [ 10.8871039, 49.5676146 ], [ 10.8869463, 49.5676338 ], [ 10.8869874, 49.5677755 ], [ 10.8870741, 49.5677649 ], [ 10.8870585, 49.5677113 ], [ 10.8871294, 49.5677027 ], [ 10.8871039, 49.5676146 ] ] ] } },
{ "type": "Feature", "properties": { "element": "way", "id": 329595015, "addr:city": "Herzogenaurach", "addr:country": "DE", "addr:housenumber": "4", "addr:postcode": "91074", "addr:street": "Am Hallertürlein", "building": "yes", "amenity": null, "check_date:opening_hours": null, "cuisine": null, "indoor_seating": null, "name": null, "opening_hours": null, "outdoor_seating": null, "website": null, "wheelchair": null, "description": null, "leisure": null, "sport": null, "nohousenumber": null, "roof:shape": null, "air_conditioning": null, "building:levels": null, "diet:vegan": null, "diet:vegetarian": null, "payment:credit_cards": null, "payment:debit_cards": null, "phone": null, "roof:levels": null, "check_date": null, "email": null, "mobile": null, "shop": null, "denomination": null, "operator": null, "roof:colour": null, "capacity": null, "building:colour": null, "note": null, "source": null, "house": null, "roof:orientation": null, "layer": null, "compressed_air": null, "not:brand:wikidata": null, "religion": null, "contact:phone": null, "contact:website": null, "name:de": null, "name:en": null, "smoking": null, "name:signed": null, "tourism": null, "community_centre:for": null, "toilets:wheelchair": null, "url": null, "alt_name": null, "operator:wikidata": null, "power": null, "ref": null, "substation": null, "type": null }, "geometry": { "type": "Polygon", "coordinates": [ [ [ 10.8848292, 49.5690419 ], [ 10.8848136, 49.5689697 ], [ 10.8847099, 49.5689791 ], [ 10.8847255, 49.5690514 ], [ 10.8848292, 49.5690419 ] ] ] } },
{ "type": "Feature", "properties": { "element": "way", "id": 329595016, "addr:city": null, "addr:country": null, "addr:housenumber": null, "addr:postcode": null, "addr:street": null, "building": "yes", "amenity": null, "check_date:opening_hours": null, "cuisine": null, "indoor_seating": null, "name": null, "opening_hours": null, "outdoor_seating": null, "website": null, "wheelchair": null, "description": null, "leisure": null, "sport": null, "nohousenumber": null, "roof:shape": null, "air_conditioning": null, "building:levels": null, "diet:vegan": null, "diet:vegetarian": null, "payment:credit_cards": null, "payment:debit_cards": null, "phone": null, "roof:levels": null, "check_date": null, "email": null, "mobile": null, "shop": null, "denomination": null, "operator": null, "roof:colour": null, "capacity": null, "building:colour": null, "note": null, "source": null, "house": null, "roof:orientation": null, "layer": null, "compressed_air": null, "not:brand:wikidata": null, "religion": null, "contact:phone": null, "contact:website": null, "name:de": null, "name:en": null, "smoking": null, "name:signed": null, "tourism": null, "community_centre:for": null, "toilets:wheelchair": null, "url": null, "alt_name": null, "operator:wikidata": null, "power": null, "ref": null, "substation": null, "type": null }, "geometry": { "type": "Polygon", "coordinates": [ [ [ 10.8847032, 49.5689933 ], [ 10.8847192, 49.5690654 ], [ 10.8846193, 49.5690747 ], [ 10.8846033, 49.5690026 ], [ 10.8847032, 49.5689933 ] ] ] } },
{ "type": "Feature", "properties": { "element": "way", "id": 329596078, "addr:city": "Herzogenaurach", "addr:country": "DE", "addr:housenumber": "2", "addr:postcode": "91074", "addr:street": "Am Hallertürlein", "building": "apartments", "amenity": null, "check_date:opening_hours": null, "cuisine": null, "indoor_seating": null, "name": null, "opening_hours": null, "outdoor_seating": null, "website": null, "wheelchair": null, "description": null, "leisure": null, "sport": null, "nohousenumber": null, "roof:shape": null, "air_conditioning": null, "building:levels": null, "diet:vegan": null, "diet:vegetarian": null, "payment:credit_cards": null, "payment:debit_cards": null, "phone": null, "roof:levels": null, "check_date": null, "email": null, "mobile": null, "shop": null, "denomination": null, "operator": null, "roof:colour": null, "capacity": null, "building:colour": null, "note": null, "source": null, "house": null, "roof:orientation": null, "layer": null, "compressed_air": null, "not:brand:wikidata": null, "religion": null, "contact:phone": null, "contact:website": null, "name:de": null, "name:en": null, "smoking": null, "name:signed": null, "tourism": null, "community_centre:for": null, "toilets:wheelchair": null, "url": null, "alt_name": null, "operator:wikidata": null, "power": null, "ref": null, "substation": null, "type": null }, "geometry": { "type": "Polygon", "coordinates": [ [ [ 10.8845612, 49.5691714 ], [ 10.8845143, 49.569214 ], [ 10.8845894, 49.5692201 ], [ 10.8845719, 49.5692766 ], [ 10.8845015, 49.5692704 ], [ 10.8844244, 49.5692636 ], [ 10.8844231, 49.5692105 ], [ 10.8844539, 49.569154 ], [ 10.8845612, 49.5691714 ] ] ] } },
{ "type": "Feature", "properties": { "element": "way", "id": 330600459, "addr:city": null, "addr:country": null, "addr:housenumber": null, "addr:postcode": null, "addr:street": null, "building": "yes", "amenity": null, "check_date:opening_hours": null, "cuisine": null, "indoor_seating": null, "name": null, "opening_hours": null, "outdoor_seating": null, "website": null, "wheelchair": null, "description": null, "leisure": null, "sport": null, "nohousenumber": null, "roof:shape": null, "air_conditioning": null, "building:levels": null, "diet:vegan": null, "diet:vegetarian": null, "payment:credit_cards": null, "payment:debit_cards": null, "phone": null, "roof:levels": null, "check_date": null, "email": null, "mobile": null, "shop": null, "denomination": null, "operator": null, "roof:colour": null, "capacity": null, "building:colour": null, "note": null, "source": null, "house": null, "roof:orientation": null, "layer": null, "compressed_air": null, "not:brand:wikidata": null, "religion": null, "contact:phone": null, "contact:website": null, "name:de": null, "name:en": null, "smoking": null, "name:signed": null, "tourism": null, "community_centre:for": null, "toilets:wheelchair": null, "url": null, "alt_name": null, "operator:wikidata": null, "power": null, "ref": null, "substation": null, "type": null }, "geometry": { "type": "Polygon", "coordinates": [ [ [ 10.8857036, 49.56766 ], [ 10.8855981, 49.5676658 ], [ 10.8856184, 49.5677142 ], [ 10.885646, 49.5677828 ], [ 10.8856584, 49.5678136 ], [ 10.8857617, 49.5677936 ], [ 10.8857036, 49.56766 ] ] ] } },
{ "type": "Feature", "properties": { "element": "way", "id": 330600463, "addr:city": null, "addr:country": null, "addr:housenumber": null, "addr:postcode": null, "addr:street": null, "building": "yes", "amenity": null, "check_date:opening_hours": null, "cuisine": null, "indoor_seating": null, "name": null, "opening_hours": null, "outdoor_seating": null, "website": null, "wheelchair": null, "description": null, "leisure": null, "sport": null, "nohousenumber": null, "roof:shape": null, "air_conditioning": null, "building:levels": null, "diet:vegan": null, "diet:vegetarian": null, "payment:credit_cards": null, "payment:debit_cards": null, "phone": null, "roof:levels": null, "check_date": null, "email": null, "mobile": null, "shop": null, "denomination": null, "operator": null, "roof:colour": null, "capacity": null, "building:colour": null, "note": null, "source": null, "house": null, "roof:orientation": null, "layer": null, "compressed_air": null, "not:brand:wikidata": null, "religion": null, "contact:phone": null, "contact:website": null, "name:de": null, "name:en": null, "smoking": null, "name:signed": null, "tourism": null, "community_centre:for": null, "toilets:wheelchair": null, "url": null, "alt_name": null, "operator:wikidata": null, "power": null, "ref": null, "substation": null, "type": null }, "geometry": { "type": "Polygon", "coordinates": [ [ [ 10.8862175, 49.5677778 ], [ 10.8862124, 49.5676761 ], [ 10.8860549, 49.5676793 ], [ 10.8860599, 49.5677811 ], [ 10.8862175, 49.5677778 ] ] ] } },
{ "type": "Feature", "properties": { "element": "way", "id": 330600467, "addr:city": null, "addr:country": null, "addr:housenumber": null, "addr:postcode": null, "addr:street": null, "building": "yes", "amenity": null, "check_date:opening_hours": null, "cuisine": null, "indoor_seating": null, "name": null, "opening_hours": null, "outdoor_seating": null, "website": null, "wheelchair": null, "description": null, "leisure": null, "sport": null, "nohousenumber": null, "roof:shape": null, "air_conditioning": null, "building:levels": null, "diet:vegan": null, "diet:vegetarian": null, "payment:credit_cards": null, "payment:debit_cards": null, "phone": null, "roof:levels": null, "check_date": null, "email": null, "mobile": null, "shop": null, "denomination": null, "operator": null, "roof:colour": null, "capacity": null, "building:colour": null, "note": null, "source": null, "house": null, "roof:orientation": null, "layer": null, "compressed_air": null, "not:brand:wikidata": null, "religion": null, "contact:phone": null, "contact:website": null, "name:de": null, "name:en": null, "smoking": null, "name:signed": null, "tourism": null, "community_centre:for": null, "toilets:wheelchair": null, "url": null, "alt_name": null, "operator:wikidata": null, "power": null, "ref": null, "substation": null, "type": null }, "geometry": { "type": "Polygon", "coordinates": [ [ [ 10.8866272, 49.5677535 ], [ 10.8866089, 49.5676542 ], [ 10.886477, 49.5676645 ], [ 10.8864954, 49.5677638 ], [ 10.8865667, 49.5677582 ], [ 10.8866272, 49.5677535 ] ] ] } },
{ "type": "Feature", "properties": { "element": "way", "id": 330600493, "addr:city": "Herzogenaurach", "addr:country": "DE", "addr:housenumber": "27", "addr:postcode": "91074", "addr:street": "Erlanger Straße", "building": "residential", "amenity": null, "check_date:opening_hours": null, "cuisine": null, "indoor_seating": null, "name": null, "opening_hours": null, "outdoor_seating": null, "website": null, "wheelchair": null, "description": null, "leisure": null, "sport": null, "nohousenumber": null, "roof:shape": null, "air_conditioning": null, "building:levels": null, "diet:vegan": null, "diet:vegetarian": null, "payment:credit_cards": null, "payment:debit_cards": null, "phone": null, "roof:levels": null, "check_date": null, "email": null, "mobile": null, "shop": null, "denomination": null, "operator": null, "roof:colour": null, "capacity": null, "building:colour": null, "note": null, "source": null, "house": null, "roof:orientation": null, "layer": null, "compressed_air": null, "not:brand:wikidata": null, "religion": null, "contact:phone": null, "contact:website": null, "name:de": null, "name:en": null, "smoking": null, "name:signed": null, "tourism": null, "community_centre:for": null, "toilets:wheelchair": null, "url": null, "alt_name": null, "operator:wikidata": null, "power": null, "ref": null, "substation": null, "type": null }, "geometry": { "type": "Polygon", "coordinates": [ [ [ 10.8869595, 49.5677204 ], [ 10.8869343, 49.5676253 ], [ 10.8867215, 49.567649 ], [ 10.8867466, 49.5677441 ], [ 10.886837, 49.567734 ], [ 10.8869595, 49.5677204 ] ] ] } },
{ "type": "Feature", "properties": { "element": "way", "id": 331465318, "addr:city": null, "addr:country": null, "addr:housenumber": null, "addr:postcode": null, "addr:street": null, "building": "garage", "amenity": null, "check_date:opening_hours": null, "cuisine": null, "indoor_seating": null, "name": null, "opening_hours": null, "outdoor_seating": null, "website": null, "wheelchair": null, "description": null, "leisure": null, "sport": null, "nohousenumber": null, "roof:shape": null, "air_conditioning": null, "building:levels": null, "diet:vegan": null, "diet:vegetarian": null, "payment:credit_cards": null, "payment:debit_cards": null, "phone": null, "roof:levels": null, "check_date": null, "email": null, "mobile": null, "shop": null, "denomination": null, "operator": null, "roof:colour": null, "capacity": null, "building:colour": null, "note": null, "source": null, "house": null, "roof:orientation": null, "layer": null, "compressed_air": null, "not:brand:wikidata": null, "religion": null, "contact:phone": null, "contact:website": null, "name:de": null, "name:en": null, "smoking": null, "name:signed": null, "tourism": null, "community_centre:for": null, "toilets:wheelchair": null, "url": null, "alt_name": null, "operator:wikidata": null, "power": null, "ref": null, "substation": null, "type": null }, "geometry": { "type": "Polygon", "coordinates": [ [ [ 10.8845765, 49.5685882 ], [ 10.8844633, 49.5686358 ], [ 10.8844228, 49.5685954 ], [ 10.884536, 49.5685477 ], [ 10.8845765, 49.5685882 ] ] ] } },
{ "type": "Feature", "properties": { "element": "way", "id": 331465319, "addr:city": "Herzogenaurach", "addr:country": "DE", "addr:housenumber": "7", "addr:postcode": "91074", "addr:street": "Erlanger Straße", "building": "yes", "amenity": null, "check_date:opening_hours": null, "cuisine": null, "indoor_seating": null, "name": null, "opening_hours": null, "outdoor_seating": null, "website": null, "wheelchair": null, "description": null, "leisure": null, "sport": null, "nohousenumber": null, "roof:shape": null, "air_conditioning": null, "building:levels": null, "diet:vegan": null, "diet:vegetarian": null, "payment:credit_cards": null, "payment:debit_cards": null, "phone": null, "roof:levels": null, "check_date": null, "email": null, "mobile": null, "shop": null, "denomination": null, "operator": null, "roof:colour": null, "capacity": null, "building:colour": null, "note": null, "source": null, "house": null, "roof:orientation": null, "layer": null, "compressed_air": null, "not:brand:wikidata": null, "religion": null, "contact:phone": null, "contact:website": null, "name:de": null, "name:en": null, "smoking": null, "name:signed": null, "tourism": null, "community_centre:for": null, "toilets:wheelchair": null, "url": null, "alt_name": null, "operator:wikidata": null, "power": null, "ref": null, "substation": null, "type": null }, "geometry": { "type": "Polygon", "coordinates": [ [ [ 10.8848461, 49.5677914 ], [ 10.8847945, 49.5678327 ], [ 10.884896, 49.5679711 ], [ 10.8849121, 49.567993 ], [ 10.8849793, 49.5679747 ], [ 10.8848461, 49.5677914 ] ] ] } },
{ "type": "Feature", "properties": { "element": "way", "id": 331465727, "addr:city": null, "addr:country": null, "addr:housenumber": null, "addr:postcode": null, "addr:street": null, "building": "church", "amenity": "place_of_worship", "check_date:opening_hours": null, "cuisine": null, "indoor_seating": null, "name": "Liebfrauenkirche", "opening_hours": null, "outdoor_seating": null, "website": "https://pfarreiengemeinschaft-herzogenaurach.de/", "wheelchair": "no", "description": null, "leisure": null, "sport": null, "nohousenumber": null, "roof:shape": null, "air_conditioning": null, "building:levels": null, "diet:vegan": null, "diet:vegetarian": null, "payment:credit_cards": null, "payment:debit_cards": null, "phone": null, "roof:levels": null, "check_date": "2023-09-02", "email": null, "mobile": null, "shop": null, "denomination": "catholic", "operator": "Pfarreiengemeinschaft Herzogenaurach", "roof:colour": null, "capacity": null, "building:colour": null, "note": null, "source": null, "house": null, "roof:orientation": null, "layer": null, "compressed_air": null, "not:brand:wikidata": null, "religion": "christian", "contact:phone": null, "contact:website": null, "name:de": null, "name:en": null, "smoking": null, "name:signed": null, "tourism": null, "community_centre:for": null, "toilets:wheelchair": null, "url": null, "alt_name": "Kirche Liebfrauenhaus", "operator:wikidata": null, "power": null, "ref": null, "substation": null, "type": null }, "geometry": { "type": "Polygon", "coordinates": [ [ [ 10.888975, 49.5672864 ], [ 10.8888494, 49.5672991 ], [ 10.888844, 49.5672731 ], [ 10.8887119, 49.5672888 ], [ 10.8887195, 49.5673134 ], [ 10.888691, 49.5673233 ], [ 10.8886614, 49.5673467 ], [ 10.8886653, 49.567378 ], [ 10.8886981, 49.5673935 ], [ 10.8886667, 49.5673981 ], [ 10.8886748, 49.567429 ], [ 10.888826, 49.5674111 ], [ 10.8890021, 49.5673949 ], [ 10.888975, 49.5672864 ] ] ] } },
{ "type": "Feature", "properties": { "element": "way", "id": 338744997, "addr:city": null, "addr:country": null, "addr:housenumber": null, "addr:postcode": null, "addr:street": null, "building": "residential", "amenity": null, "check_date:opening_hours": null, "cuisine": null, "indoor_seating": null, "name": null, "opening_hours": null, "outdoor_seating": null, "website": null, "wheelchair": null, "description": null, "leisure": null, "sport": null, "nohousenumber": null, "roof:shape": null, "air_conditioning": null, "building:levels": null, "diet:vegan": null, "diet:vegetarian": null, "payment:credit_cards": null, "payment:debit_cards": null, "phone": null, "roof:levels": null, "check_date": null, "email": null, "mobile": null, "shop": null, "denomination": null, "operator": null, "roof:colour": null, "capacity": null, "building:colour": null, "note": null, "source": null, "house": null, "roof:orientation": null, "layer": null, "compressed_air": null, "not:brand:wikidata": null, "religion": null, "contact:phone": null, "contact:website": null, "name:de": null, "name:en": null, "smoking": null, "name:signed": null, "tourism": null, "community_centre:for": null, "toilets:wheelchair": null, "url": null, "alt_name": null, "operator:wikidata": null, "power": null, "ref": null, "substation": null, "type": null }, "geometry": { "type": "Polygon", "coordinates": [ [ [ 10.8877018, 49.5694386 ], [ 10.8877311, 49.5694775 ], [ 10.8878052, 49.569576 ], [ 10.8878414, 49.5696242 ], [ 10.8876946, 49.5696707 ], [ 10.8876239, 49.5695766 ], [ 10.8876492, 49.5695686 ], [ 10.8876286, 49.5695411 ], [ 10.8875388, 49.5695695 ], [ 10.8874906, 49.5695055 ], [ 10.8877018, 49.5694386 ] ] ] } },
{ "type": "Feature", "properties": { "element": "way", "id": 338745002, "addr:city": null, "addr:country": null, "addr:housenumber": null, "addr:postcode": null, "addr:street": null, "building": "garages", "amenity": null, "check_date:opening_hours": null, "cuisine": null, "indoor_seating": null, "name": null, "opening_hours": null, "outdoor_seating": null, "website": null, "wheelchair": null, "description": null, "leisure": null, "sport": null, "nohousenumber": null, "roof:shape": null, "air_conditioning": null, "building:levels": null, "diet:vegan": null, "diet:vegetarian": null, "payment:credit_cards": null, "payment:debit_cards": null, "phone": null, "roof:levels": null, "check_date": null, "email": null, "mobile": null, "shop": null, "denomination": null, "operator": null, "roof:colour": null, "capacity": null, "building:colour": null, "note": null, "source": null, "house": null, "roof:orientation": null, "layer": null, "compressed_air": null, "not:brand:wikidata": null, "religion": null, "contact:phone": null, "contact:website": null, "name:de": null, "name:en": null, "smoking": null, "name:signed": null, "tourism": null, "community_centre:for": null, "toilets:wheelchair": null, "url": null, "alt_name": null, "operator:wikidata": null, "power": null, "ref": null, "substation": null, "type": null }, "geometry": { "type": "Polygon", "coordinates": [ [ [ 10.890627, 49.5716518 ], [ 10.8908701, 49.5717199 ], [ 10.8908969, 49.5716796 ], [ 10.8906538, 49.5716115 ], [ 10.890627, 49.5716518 ] ] ] } },
{ "type": "Feature", "properties": { "element": "way", "id": 338745006, "addr:city": null, "addr:country": null, "addr:housenumber": null, "addr:postcode": null, "addr:street": null, "building": "garages", "amenity": null, "check_date:opening_hours": null, "cuisine": null, "indoor_seating": null, "name": null, "opening_hours": null, "outdoor_seating": null, "website": null, "wheelchair": null, "description": null, "leisure": null, "sport": null, "nohousenumber": null, "roof:shape": null, "air_conditioning": null, "building:levels": null, "diet:vegan": null, "diet:vegetarian": null, "payment:credit_cards": null, "payment:debit_cards": null, "phone": null, "roof:levels": null, "check_date": null, "email": null, "mobile": null, "shop": null, "denomination": null, "operator": null, "roof:colour": null, "capacity": null, "building:colour": null, "note": null, "source": null, "house": null, "roof:orientation": null, "layer": null, "compressed_air": null, "not:brand:wikidata": null, "religion": null, "contact:phone": null, "contact:website": null, "name:de": null, "name:en": null, "smoking": null, "name:signed": null, "tourism": null, "community_centre:for": null, "toilets:wheelchair": null, "url": null, "alt_name": null, "operator:wikidata": null, "power": null, "ref": null, "substation": null, "type": null }, "geometry": { "type": "Polygon", "coordinates": [ [ [ 10.8911333, 49.5717457 ], [ 10.8912335, 49.5717738 ], [ 10.8912067, 49.5718141 ], [ 10.8911064, 49.571786 ], [ 10.8911333, 49.5717457 ] ] ] } },
{ "type": "Feature", "properties": { "element": "way", "id": 338745013, "addr:city": "Herzogenaurach", "addr:country": "DE", "addr:housenumber": "20a", "addr:postcode": "91074", "addr:street": "Zum Flughafen", "building": "yes", "amenity": null, "check_date:opening_hours": null, "cuisine": null, "indoor_seating": null, "name": null, "opening_hours": null, "outdoor_seating": null, "website": null, "wheelchair": null, "description": null, "leisure": null, "sport": null, "nohousenumber": null, "roof:shape": null, "air_conditioning": null, "building:levels": null, "diet:vegan": null, "diet:vegetarian": null, "payment:credit_cards": null, "payment:debit_cards": null, "phone": null, "roof:levels": null, "check_date": null, "email": null, "mobile": null, "shop": null, "denomination": null, "operator": null, "roof:colour": null, "capacity": null, "building:colour": null, "note": null, "source": "Bayernatlas", "house": null, "roof:orientation": null, "layer": null, "compressed_air": null, "not:brand:wikidata": null, "religion": null, "contact:phone": null, "contact:website": null, "name:de": null, "name:en": null, "smoking": null, "name:signed": null, "tourism": null, "community_centre:for": null, "toilets:wheelchair": null, "url": null, "alt_name": null, "operator:wikidata": null, "power": null, "ref": null, "substation": null, "type": null }, "geometry": { "type": "Polygon", "coordinates": [ [ [ 10.88919, 49.5704319 ], [ 10.889062, 49.5704263 ], [ 10.8889486, 49.5704214 ], [ 10.8888791, 49.5703318 ], [ 10.8889927, 49.5702947 ], [ 10.8890296, 49.5703422 ], [ 10.8891985, 49.5703495 ], [ 10.88919, 49.5704319 ] ] ] } },
{ "type": "Feature", "properties": { "element": "way", "id": 338745018, "addr:city": "Herzogenaurach", "addr:country": "DE", "addr:housenumber": "19", "addr:postcode": "91074", "addr:street": "Glockengasse", "building": "residential", "amenity": null, "check_date:opening_hours": null, "cuisine": null, "indoor_seating": null, "name": null, "opening_hours": null, "outdoor_seating": null, "website": null, "wheelchair": null, "description": null, "leisure": null, "sport": null, "nohousenumber": null, "roof:shape": null, "air_conditioning": null, "building:levels": null, "diet:vegan": null, "diet:vegetarian": null, "payment:credit_cards": null, "payment:debit_cards": null, "phone": null, "roof:levels": null, "check_date": null, "email": null, "mobile": null, "shop": null, "denomination": null, "operator": null, "roof:colour": null, "capacity": null, "building:colour": null, "note": null, "source": null, "house": null, "roof:orientation": null, "layer": null, "compressed_air": null, "not:brand:wikidata": null, "religion": null, "contact:phone": null, "contact:website": null, "name:de": null, "name:en": null, "smoking": null, "name:signed": null, "tourism": null, "community_centre:for": null, "toilets:wheelchair": null, "url": null, "alt_name": null, "operator:wikidata": null, "power": null, "ref": null, "substation": null, "type": null }, "geometry": { "type": "Polygon", "coordinates": [ [ [ 10.8877141, 49.569403 ], [ 10.8876785, 49.5693578 ], [ 10.887655, 49.5693279 ], [ 10.8875361, 49.5693673 ], [ 10.8875952, 49.5694424 ], [ 10.8877141, 49.569403 ] ] ] } },
{ "type": "Feature", "properties": { "element": "way", "id": 338745019, "addr:city": null, "addr:country": null, "addr:housenumber": null, "addr:postcode": null, "addr:street": null, "building": "garages", "amenity": null, "check_date:opening_hours": null, "cuisine": null, "indoor_seating": null, "name": null, "opening_hours": null, "outdoor_seating": null, "website": null, "wheelchair": null, "description": null, "leisure": null, "sport": null, "nohousenumber": null, "roof:shape": null, "air_conditioning": null, "building:levels": null, "diet:vegan": null, "diet:vegetarian": null, "payment:credit_cards": null, "payment:debit_cards": null, "phone": null, "roof:levels": null, "check_date": null, "email": null, "mobile": null, "shop": null, "denomination": null, "operator": null, "roof:colour": null, "capacity": null, "building:colour": null, "note": null, "source": null, "house": null, "roof:orientation": null, "layer": null, "compressed_air": null, "not:brand:wikidata": null, "religion": null, "contact:phone": null, "contact:website": null, "name:de": null, "name:en": null, "smoking": null, "name:signed": null, "tourism": null, "community_centre:for": null, "toilets:wheelchair": null, "url": null, "alt_name": null, "operator:wikidata": null, "power": null, "ref": null, "substation": null, "type": null }, "geometry": { "type": "Polygon", "coordinates": [ [ [ 10.8912865, 49.5717887 ], [ 10.8913995, 49.5718203 ], [ 10.8913727, 49.5718606 ], [ 10.8912597, 49.5718289 ], [ 10.8912865, 49.5717887 ] ] ] } },
{ "type": "Feature", "properties": { "element": "way", "id": 338745022, "addr:city": null, "addr:country": null, "addr:housenumber": null, "addr:postcode": null, "addr:street": null, "building": "garages", "amenity": null, "check_date:opening_hours": null, "cuisine": null, "indoor_seating": null, "name": null, "opening_hours": null, "outdoor_seating": null, "website": null, "wheelchair": null, "description": null, "leisure": null, "sport": null, "nohousenumber": null, "roof:shape": null, "air_conditioning": null, "building:levels": null, "diet:vegan": null, "diet:vegetarian": null, "payment:credit_cards": null, "payment:debit_cards": null, "phone": null, "roof:levels": null, "check_date": null, "email": null, "mobile": null, "shop": null, "denomination": null, "operator": null, "roof:colour": null, "capacity": null, "building:colour": null, "note": null, "source": null, "house": null, "roof:orientation": null, "layer": null, "compressed_air": null, "not:brand:wikidata": null, "religion": null, "contact:phone": null, "contact:website": null, "name:de": null, "name:en": null, "smoking": null, "name:signed": null, "tourism": null, "community_centre:for": null, "toilets:wheelchair": null, "url": null, "alt_name": null, "operator:wikidata": null, "power": null, "ref": null, "substation": null, "type": null }, "geometry": { "type": "Polygon", "coordinates": [ [ [ 10.8909745, 49.5717013 ], [ 10.8910825, 49.5717315 ], [ 10.8910557, 49.5717718 ], [ 10.8909477, 49.5717416 ], [ 10.8909745, 49.5717013 ] ] ] } },
{ "type": "Feature", "properties": { "element": "way", "id": 338750115, "addr:city": null, "addr:country": null, "addr:housenumber": null, "addr:postcode": null, "addr:street": null, "building": "yes", "amenity": null, "check_date:opening_hours": null, "cuisine": null, "indoor_seating": null, "name": null, "opening_hours": null, "outdoor_seating": null, "website": null, "wheelchair": null, "description": null, "leisure": null, "sport": null, "nohousenumber": null, "roof:shape": null, "air_conditioning": null, "building:levels": null, "diet:vegan": null, "diet:vegetarian": null, "payment:credit_cards": null, "payment:debit_cards": null, "phone": null, "roof:levels": null, "check_date": null, "email": null, "mobile": null, "shop": null, "denomination": null, "operator": null, "roof:colour": null, "capacity": null, "building:colour": null, "note": null, "source": null, "house": null, "roof:orientation": null, "layer": null, "compressed_air": null, "not:brand:wikidata": null, "religion": null, "contact:phone": null, "contact:website": null, "name:de": null, "name:en": null, "smoking": null, "name:signed": null, "tourism": null, "community_centre:for": null, "toilets:wheelchair": null, "url": null, "alt_name": null, "operator:wikidata": null, "power": null, "ref": null, "substation": null, "type": null }, "geometry": { "type": "Polygon", "coordinates": [ [ [ 10.8856715, 49.5684739 ], [ 10.885535, 49.5684914 ], [ 10.885424, 49.5683038 ], [ 10.8855521, 49.5682719 ], [ 10.8855852, 49.568328 ], [ 10.8856425, 49.5684248 ], [ 10.8856715, 49.5684739 ] ] ] } },
{ "type": "Feature", "properties": { "element": "way", "id": 338750116, "addr:city": null, "addr:country": null, "addr:housenumber": null, "addr:postcode": null, "addr:street": null, "building": "yes", "amenity": null, "check_date:opening_hours": null, "cuisine": null, "indoor_seating": null, "name": null, "opening_hours": null, "outdoor_seating": null, "website": null, "wheelchair": null, "description": null, "leisure": null, "sport": null, "nohousenumber": null, "roof:shape": null, "air_conditioning": null, "building:levels": null, "diet:vegan": null, "diet:vegetarian": null, "payment:credit_cards": null, "payment:debit_cards": null, "phone": null, "roof:levels": null, "check_date": null, "email": null, "mobile": null, "shop": null, "denomination": null, "operator": null, "roof:colour": null, "capacity": null, "building:colour": null, "note": null, "source": null, "house": null, "roof:orientation": null, "layer": null, "compressed_air": null, "not:brand:wikidata": null, "religion": null, "contact:phone": null, "contact:website": null, "name:de": null, "name:en": null, "smoking": null, "name:signed": null, "tourism": null, "community_centre:for": null, "toilets:wheelchair": null, "url": null, "alt_name": null, "operator:wikidata": null, "power": null, "ref": null, "substation": null, "type": null }, "geometry": { "type": "Polygon", "coordinates": [ [ [ 10.886117, 49.5685662 ], [ 10.8861656, 49.5686917 ], [ 10.8863565, 49.5686606 ], [ 10.886337, 49.5686102 ], [ 10.8862178, 49.5686296 ], [ 10.8861887, 49.5685545 ], [ 10.886117, 49.5685662 ] ] ] } },
{ "type": "Feature", "properties": { "element": "way", "id": 338750117, "addr:city": null, "addr:country": null, "addr:housenumber": null, "addr:postcode": null, "addr:street": null, "building": "yes", "amenity": null, "check_date:opening_hours": null, "cuisine": null, "indoor_seating": null, "name": null, "opening_hours": null, "outdoor_seating": null, "website": null, "wheelchair": null, "description": null, "leisure": null, "sport": null, "nohousenumber": null, "roof:shape": null, "air_conditioning": null, "building:levels": null, "diet:vegan": null, "diet:vegetarian": null, "payment:credit_cards": null, "payment:debit_cards": null, "phone": null, "roof:levels": null, "check_date": null, "email": null, "mobile": null, "shop": null, "denomination": null, "operator": null, "roof:colour": null, "capacity": null, "building:colour": null, "note": null, "source": null, "house": null, "roof:orientation": null, "layer": null, "compressed_air": null, "not:brand:wikidata": null, "religion": null, "contact:phone": null, "contact:website": null, "name:de": null, "name:en": null, "smoking": null, "name:signed": null, "tourism": null, "community_centre:for": null, "toilets:wheelchair": null, "url": null, "alt_name": null, "operator:wikidata": null, "power": null, "ref": null, "substation": null, "type": null }, "geometry": { "type": "Polygon", "coordinates": [ [ [ 10.8863377, 49.5690562 ], [ 10.8863162, 49.5690023 ], [ 10.8862933, 49.5690061 ], [ 10.8862743, 49.5689585 ], [ 10.8861638, 49.5689771 ], [ 10.8862043, 49.5690786 ], [ 10.8863377, 49.5690562 ] ] ] } },
{ "type": "Feature", "properties": { "element": "way", "id": 338750118, "addr:city": null, "addr:country": null, "addr:housenumber": null, "addr:postcode": null, "addr:street": null, "building": "yes", "amenity": null, "check_date:opening_hours": null, "cuisine": null, "indoor_seating": null, "name": null, "opening_hours": null, "outdoor_seating": null, "website": null, "wheelchair": null, "description": null, "leisure": null, "sport": null, "nohousenumber": null, "roof:shape": null, "air_conditioning": null, "building:levels": null, "diet:vegan": null, "diet:vegetarian": null, "payment:credit_cards": null, "payment:debit_cards": null, "phone": null, "roof:levels": null, "check_date": null, "email": null, "mobile": null, "shop": null, "denomination": null, "operator": null, "roof:colour": null, "capacity": null, "building:colour": null, "note": null, "source": null, "house": null, "roof:orientation": null, "layer": null, "compressed_air": null, "not:brand:wikidata": null, "religion": null, "contact:phone": null, "contact:website": null, "name:de": null, "name:en": null, "smoking": null, "name:signed": null, "tourism": null, "community_centre:for": null, "toilets:wheelchair": null, "url": null, "alt_name": null, "operator:wikidata": null, "power": null, "ref": null, "substation": null, "type": null }, "geometry": { "type": "Polygon", "coordinates": [ [ [ 10.8866928, 49.5682368 ], [ 10.8868486, 49.568214 ], [ 10.8868758, 49.5682923 ], [ 10.88672, 49.5683151 ], [ 10.8866928, 49.5682368 ] ] ] } },
{ "type": "Feature", "properties": { "element": "way", "id": 338750119, "addr:city": "Herzogenaurach", "addr:country": "DE", "addr:housenumber": "14", "addr:postcode": "91074", "addr:street": "Störcher Straße", "building": "yes", "amenity": null, "check_date:opening_hours": null, "cuisine": null, "indoor_seating": null, "name": null, "opening_hours": null, "outdoor_seating": null, "website": null, "wheelchair": null, "description": null, "leisure": null, "sport": null, "nohousenumber": null, "roof:shape": null, "air_conditioning": null, "building:levels": null, "diet:vegan": null, "diet:vegetarian": null, "payment:credit_cards": null, "payment:debit_cards": null, "phone": null, "roof:levels": null, "check_date": null, "email": null, "mobile": null, "shop": null, "denomination": null, "operator": null, "roof:colour": null, "capacity": null, "building:colour": null, "note": null, "source": null, "house": null, "roof:orientation": null, "layer": null, "compressed_air": null, "not:brand:wikidata": null, "religion": null, "contact:phone": null, "contact:website": null, "name:de": null, "name:en": null, "smoking": null, "name:signed": null, "tourism": null, "community_centre:for": null, "toilets:wheelchair": null, "url": null, "alt_name": null, "operator:wikidata": null, "power": null, "ref": null, "substation": null, "type": null }, "geometry": { "type": "Polygon", "coordinates": [ [ [ 10.8863707, 49.568828 ], [ 10.8865382, 49.5688049 ], [ 10.8865106, 49.5687208 ], [ 10.8863431, 49.5687439 ], [ 10.8863707, 49.568828 ] ] ] } },
{ "type": "Feature", "properties": { "element": "way", "id": 338750120, "addr:city": null, "addr:country": null, "addr:housenumber": null, "addr:postcode": null, "addr:street": null, "building": "yes", "amenity": null, "check_date:opening_hours": null, "cuisine": null, "indoor_seating": null, "name": null, "opening_hours": null, "outdoor_seating": null, "website": null, "wheelchair": null, "description": null, "leisure": null, "sport": null, "nohousenumber": null, "roof:shape": null, "air_conditioning": null, "building:levels": null, "diet:vegan": null, "diet:vegetarian": null, "payment:credit_cards": null, "payment:debit_cards": null, "phone": null, "roof:levels": null, "check_date": null, "email": null, "mobile": null, "shop": null, "denomination": null, "operator": null, "roof:colour": null, "capacity": null, "building:colour": null, "note": null, "source": null, "house": null, "roof:orientation": null, "layer": null, "compressed_air": null, "not:brand:wikidata": null, "religion": null, "contact:phone": null, "contact:website": null, "name:de": null, "name:en": null, "smoking": null, "name:signed": null, "tourism": null, "community_centre:for": null, "toilets:wheelchair": null, "url": null, "alt_name": null, "operator:wikidata": null, "power": null, "ref": null, "substation": null, "type": null }, "geometry": { "type": "Polygon", "coordinates": [ [ [ 10.8853481, 49.5681754 ], [ 10.8854089, 49.5682781 ], [ 10.8855369, 49.5682463 ], [ 10.8855071, 49.5681959 ], [ 10.8854762, 49.5681436 ], [ 10.8853481, 49.5681754 ] ] ] } },
{ "type": "Feature", "properties": { "element": "way", "id": 338752481, "addr:city": null, "addr:country": null, "addr:housenumber": null, "addr:postcode": null, "addr:street": null, "building": "yes", "amenity": null, "check_date:opening_hours": null, "cuisine": null, "indoor_seating": null, "name": null, "opening_hours": null, "outdoor_seating": null, "website": null, "wheelchair": null, "description": null, "leisure": null, "sport": null, "nohousenumber": null, "roof:shape": null, "air_conditioning": null, "building:levels": null, "diet:vegan": null, "diet:vegetarian": null, "payment:credit_cards": null, "payment:debit_cards": null, "phone": null, "roof:levels": null, "check_date": null, "email": null, "mobile": null, "shop": null, "denomination": null, "operator": null, "roof:colour": null, "capacity": null, "building:colour": null, "note": null, "source": null, "house": null, "roof:orientation": null, "layer": null, "compressed_air": null, "not:brand:wikidata": null, "religion": null, "contact:phone": null, "contact:website": null, "name:de": null, "name:en": null, "smoking": null, "name:signed": null, "tourism": null, "community_centre:for": null, "toilets:wheelchair": null, "url": null, "alt_name": null, "operator:wikidata": null, "power": null, "ref": null, "substation": null, "type": null }, "geometry": { "type": "Polygon", "coordinates": [ [ [ 10.886609, 49.5691694 ], [ 10.8865202, 49.5690466 ], [ 10.8863646, 49.5690797 ], [ 10.8864185, 49.5691729 ], [ 10.8863619, 49.5691962 ], [ 10.8863908, 49.5692238 ], [ 10.8864129, 49.5692449 ], [ 10.886609, 49.5691694 ] ] ] } },
{ "type": "Feature", "properties": { "element": "way", "id": 379949760, "addr:city": null, "addr:country": null, "addr:housenumber": null, "addr:postcode": null, "addr:street": null, "building": "garages", "amenity": null, "check_date:opening_hours": null, "cuisine": null, "indoor_seating": null, "name": null, "opening_hours": null, "outdoor_seating": null, "website": null, "wheelchair": null, "description": null, "leisure": null, "sport": null, "nohousenumber": null, "roof:shape": null, "air_conditioning": null, "building:levels": null, "diet:vegan": null, "diet:vegetarian": null, "payment:credit_cards": null, "payment:debit_cards": null, "phone": null, "roof:levels": null, "check_date": null, "email": null, "mobile": null, "shop": null, "denomination": null, "operator": null, "roof:colour": null, "capacity": null, "building:colour": null, "note": null, "source": null, "house": null, "roof:orientation": null, "layer": null, "compressed_air": null, "not:brand:wikidata": null, "religion": null, "contact:phone": null, "contact:website": null, "name:de": null, "name:en": null, "smoking": null, "name:signed": null, "tourism": null, "community_centre:for": null, "toilets:wheelchair": null, "url": null, "alt_name": null, "operator:wikidata": null, "power": null, "ref": null, "substation": null, "type": null }, "geometry": { "type": "Polygon", "coordinates": [ [ [ 10.8916658, 49.5709527 ], [ 10.8917697, 49.570964 ], [ 10.8917918, 49.5708843 ], [ 10.8916847, 49.570871 ], [ 10.8916658, 49.5709527 ] ] ] } },
{ "type": "Feature", "properties": { "element": "way", "id": 379966243, "addr:city": null, "addr:country": null, "addr:housenumber": null, "addr:postcode": null, "addr:street": null, "building": "garages", "amenity": null, "check_date:opening_hours": null, "cuisine": null, "indoor_seating": null, "name": null, "opening_hours": null, "outdoor_seating": null, "website": null, "wheelchair": null, "description": null, "leisure": null, "sport": null, "nohousenumber": null, "roof:shape": null, "air_conditioning": null, "building:levels": null, "diet:vegan": null, "diet:vegetarian": null, "payment:credit_cards": null, "payment:debit_cards": null, "phone": null, "roof:levels": null, "check_date": null, "email": null, "mobile": null, "shop": null, "denomination": null, "operator": null, "roof:colour": null, "capacity": null, "building:colour": null, "note": null, "source": null, "house": null, "roof:orientation": null, "layer": null, "compressed_air": null, "not:brand:wikidata": null, "religion": null, "contact:phone": null, "contact:website": null, "name:de": null, "name:en": null, "smoking": null, "name:signed": null, "tourism": null, "community_centre:for": null, "toilets:wheelchair": null, "url": null, "alt_name": null, "operator:wikidata": null, "power": null, "ref": null, "substation": null, "type": null }, "geometry": { "type": "Polygon", "coordinates": [ [ [ 10.8877082, 49.5669407 ], [ 10.8877783, 49.5669153 ], [ 10.8879174, 49.5670766 ], [ 10.8878831, 49.5670886 ], [ 10.8878473, 49.5671011 ], [ 10.8877082, 49.5669407 ] ] ] } },
{ "type": "Feature", "properties": { "element": "way", "id": 379966244, "addr:city": null, "addr:country": null, "addr:housenumber": null, "addr:postcode": null, "addr:street": null, "building": "garages", "amenity": null, "check_date:opening_hours": null, "cuisine": null, "indoor_seating": null, "name": null, "opening_hours": null, "outdoor_seating": null, "website": null, "wheelchair": null, "description": null, "leisure": null, "sport": null, "nohousenumber": null, "roof:shape": null, "air_conditioning": null, "building:levels": null, "diet:vegan": null, "diet:vegetarian": null, "payment:credit_cards": null, "payment:debit_cards": null, "phone": null, "roof:levels": null, "check_date": null, "email": null, "mobile": null, "shop": null, "denomination": null, "operator": null, "roof:colour": null, "capacity": null, "building:colour": null, "note": null, "source": null, "house": null, "roof:orientation": null, "layer": null, "compressed_air": null, "not:brand:wikidata": null, "religion": null, "contact:phone": null, "contact:website": null, "name:de": null, "name:en": null, "smoking": null, "name:signed": null, "tourism": null, "community_centre:for": null, "toilets:wheelchair": null, "url": null, "alt_name": null, "operator:wikidata": null, "power": null, "ref": null, "substation": null, "type": null }, "geometry": { "type": "Polygon", "coordinates": [ [ [ 10.8878159, 49.5671119 ], [ 10.8878473, 49.5671011 ], [ 10.8878831, 49.5670886 ], [ 10.8879745, 49.5671972 ], [ 10.8879187, 49.5672393 ], [ 10.8878159, 49.5671119 ] ] ] } },
{ "type": "Feature", "properties": { "element": "way", "id": 380200002, "addr:city": "Herzogenaurach", "addr:country": "DE", "addr:housenumber": "9", "addr:postcode": "91074", "addr:street": "Karl-Bröger-Straße", "building": "residential", "amenity": null, "check_date:opening_hours": null, "cuisine": null, "indoor_seating": null, "name": null, "opening_hours": null, "outdoor_seating": null, "website": null, "wheelchair": null, "description": null, "leisure": null, "sport": null, "nohousenumber": null, "roof:shape": "gabled", "air_conditioning": null, "building:levels": "3", "diet:vegan": null, "diet:vegetarian": null, "payment:credit_cards": null, "payment:debit_cards": null, "phone": null, "roof:levels": null, "check_date": null, "email": null, "mobile": null, "shop": null, "denomination": null, "operator": null, "roof:colour": null, "capacity": null, "building:colour": null, "note": null, "source": null, "house": null, "roof:orientation": null, "layer": null, "compressed_air": null, "not:brand:wikidata": null, "religion": null, "contact:phone": null, "contact:website": null, "name:de": null, "name:en": null, "smoking": null, "name:signed": null, "tourism": null, "community_centre:for": null, "toilets:wheelchair": null, "url": null, "alt_name": null, "operator:wikidata": null, "power": null, "ref": null, "substation": null, "type": null }, "geometry": { "type": "Polygon", "coordinates": [ [ [ 10.8917839, 49.570717 ], [ 10.8917955, 49.5705723 ], [ 10.8915862, 49.5705632 ], [ 10.8915769, 49.570711 ], [ 10.8917839, 49.570717 ] ] ] } },
{ "type": "Feature", "properties": { "element": "way", "id": 380200061, "addr:city": null, "addr:country": null, "addr:housenumber": null, "addr:postcode": null, "addr:street": null, "building": "garages", "amenity": null, "check_date:opening_hours": null, "cuisine": null, "indoor_seating": null, "name": null, "opening_hours": null, "outdoor_seating": null, "website": null, "wheelchair": null, "description": null, "leisure": null, "sport": null, "nohousenumber": null, "roof:shape": null, "air_conditioning": null, "building:levels": null, "diet:vegan": null, "diet:vegetarian": null, "payment:credit_cards": null, "payment:debit_cards": null, "phone": null, "roof:levels": null, "check_date": null, "email": null, "mobile": null, "shop": null, "denomination": null, "operator": null, "roof:colour": null, "capacity": null, "building:colour": null, "note": null, "source": null, "house": null, "roof:orientation": null, "layer": null, "compressed_air": null, "not:brand:wikidata": null, "religion": null, "contact:phone": null, "contact:website": null, "name:de": null, "name:en": null, "smoking": null, "name:signed": null, "tourism": null, "community_centre:for": null, "toilets:wheelchair": null, "url": null, "alt_name": null, "operator:wikidata": null, "power": null, "ref": null, "substation": null, "type": null }, "geometry": { "type": "Polygon", "coordinates": [ [ [ 10.891936, 49.570836 ], [ 10.8920245, 49.5708568 ], [ 10.8920326, 49.570789 ], [ 10.891944, 49.5707742 ], [ 10.891936, 49.570836 ] ] ] } },
{ "type": "Feature", "properties": { "element": "way", "id": 381847299, "addr:city": "Herzogenaurach", "addr:country": "DE", "addr:housenumber": "10", "addr:postcode": "91074", "addr:street": "Erlanger Straße", "building": "residential", "amenity": null, "check_date:opening_hours": null, "cuisine": null, "indoor_seating": null, "name": null, "opening_hours": null, "outdoor_seating": null, "website": null, "wheelchair": null, "description": null, "leisure": null, "sport": null, "nohousenumber": null, "roof:shape": null, "air_conditioning": null, "building:levels": null, "diet:vegan": null, "diet:vegetarian": null, "payment:credit_cards": null, "payment:debit_cards": null, "phone": null, "roof:levels": null, "check_date": null, "email": null, "mobile": null, "shop": null, "denomination": null, "operator": null, "roof:colour": null, "capacity": null, "building:colour": null, "note": null, "source": null, "house": null, "roof:orientation": null, "layer": null, "compressed_air": null, "not:brand:wikidata": null, "religion": null, "contact:phone": null, "contact:website": null, "name:de": null, "name:en": null, "smoking": null, "name:signed": null, "tourism": null, "community_centre:for": null, "toilets:wheelchair": null, "url": null, "alt_name": null, "operator:wikidata": null, "power": null, "ref": null, "substation": null, "type": null }, "geometry": { "type": "Polygon", "coordinates": [ [ [ 10.8857862, 49.567587 ], [ 10.8858855, 49.5675838 ], [ 10.8858845, 49.56757 ], [ 10.8858836, 49.5675559 ], [ 10.8859136, 49.5675508 ], [ 10.8859175, 49.5675717 ], [ 10.8859198, 49.567584 ], [ 10.8860108, 49.5675894 ], [ 10.8860045, 49.5675112 ], [ 10.8859998, 49.5674994 ], [ 10.8859773, 49.5674995 ], [ 10.8859773, 49.5674772 ], [ 10.8858496, 49.5674924 ], [ 10.8857889, 49.5675071 ], [ 10.8857862, 49.567587 ] ] ] } },
{ "type": "Feature", "properties": { "element": "way", "id": 381956612, "addr:city": "Herzogenaurach", "addr:country": "DE", "addr:housenumber": "20", "addr:postcode": "91074", "addr:street": "Eichendorffstraße", "building": "residential", "amenity": null, "check_date:opening_hours": null, "cuisine": null, "indoor_seating": null, "name": null, "opening_hours": null, "outdoor_seating": null, "website": null, "wheelchair": null, "description": null, "leisure": null, "sport": null, "nohousenumber": null, "roof:shape": null, "air_conditioning": null, "building:levels": null, "diet:vegan": null, "diet:vegetarian": null, "payment:credit_cards": null, "payment:debit_cards": null, "phone": null, "roof:levels": null, "check_date": null, "email": null, "mobile": null, "shop": null, "denomination": null, "operator": null, "roof:colour": null, "capacity": null, "building:colour": null, "note": null, "source": null, "house": null, "roof:orientation": null, "layer": null, "compressed_air": null, "not:brand:wikidata": null, "religion": null, "contact:phone": null, "contact:website": null, "name:de": null, "name:en": null, "smoking": null, "name:signed": null, "tourism": null, "community_centre:for": null, "toilets:wheelchair": null, "url": null, "alt_name": null, "operator:wikidata": null, "power": null, "ref": null, "substation": null, "type": null }, "geometry": { "type": "Polygon", "coordinates": [ [ [ 10.8909371, 49.5697951 ], [ 10.8909072, 49.5696744 ], [ 10.8911416, 49.5696463 ], [ 10.8911616, 49.5697326 ], [ 10.8910868, 49.5697455 ], [ 10.8910917, 49.5697779 ], [ 10.8909371, 49.5697951 ] ] ] } },
{ "type": "Feature", "properties": { "element": "way", "id": 381956613, "addr:city": "Herzogenaurach", "addr:country": "DE", "addr:housenumber": "18", "addr:postcode": "91074", "addr:street": "Eichendorffstraße", "building": "residential", "amenity": null, "check_date:opening_hours": null, "cuisine": null, "indoor_seating": null, "name": null, "opening_hours": null, "outdoor_seating": null, "website": null, "wheelchair": null, "description": null, "leisure": null, "sport": null, "nohousenumber": null, "roof:shape": null, "air_conditioning": null, "building:levels": null, "diet:vegan": null, "diet:vegetarian": null, "payment:credit_cards": null, "payment:debit_cards": null, "phone": null, "roof:levels": null, "check_date": null, "email": null, "mobile": null, "shop": null, "denomination": null, "operator": null, "roof:colour": null, "capacity": null, "building:colour": null, "note": null, "source": null, "house": null, "roof:orientation": null, "layer": null, "compressed_air": null, "not:brand:wikidata": null, "religion": null, "contact:phone": null, "contact:website": null, "name:de": null, "name:en": null, "smoking": null, "name:signed": null, "tourism": null, "community_centre:for": null, "toilets:wheelchair": null, "url": null, "alt_name": null, "operator:wikidata": null, "power": null, "ref": null, "substation": null, "type": null }, "geometry": { "type": "Polygon", "coordinates": [ [ [ 10.8908623, 49.5695752 ], [ 10.8908158, 49.5694523 ], [ 10.8910169, 49.5694199 ], [ 10.8910452, 49.5694921 ], [ 10.8910651, 49.5695482 ], [ 10.8908623, 49.5695752 ] ] ] } },
{ "type": "Feature", "properties": { "element": "way", "id": 381956614, "addr:city": "Herzogenaurach", "addr:country": "DE", "addr:housenumber": "16", "addr:postcode": "91074", "addr:street": "Eichendorffstraße", "building": "residential", "amenity": null, "check_date:opening_hours": null, "cuisine": null, "indoor_seating": null, "name": null, "opening_hours": null, "outdoor_seating": null, "website": null, "wheelchair": null, "description": null, "leisure": null, "sport": null, "nohousenumber": null, "roof:shape": null, "air_conditioning": null, "building:levels": null, "diet:vegan": null, "diet:vegetarian": null, "payment:credit_cards": null, "payment:debit_cards": null, "phone": null, "roof:levels": null, "check_date": null, "email": null, "mobile": null, "shop": null, "denomination": null, "operator": null, "roof:colour": null, "capacity": null, "building:colour": null, "note": null, "source": null, "house": null, "roof:orientation": null, "layer": null, "compressed_air": null, "not:brand:wikidata": null, "religion": null, "contact:phone": null, "contact:website": null, "name:de": null, "name:en": null, "smoking": null, "name:signed": null, "tourism": null, "community_centre:for": null, "toilets:wheelchair": null, "url": null, "alt_name": null, "operator:wikidata": null, "power": null, "ref": null, "substation": null, "type": null }, "geometry": { "type": "Polygon", "coordinates": [ [ [ 10.8908074, 49.5694059 ], [ 10.8910036, 49.5693779 ], [ 10.8909754, 49.5692808 ], [ 10.8907709, 49.5693067 ], [ 10.8908074, 49.5694059 ] ] ] } },
{ "type": "Feature", "properties": { "element": "way", "id": 381956615, "addr:city": "Herzogenaurach", "addr:country": "DE", "addr:housenumber": "12b", "addr:postcode": "91074", "addr:street": "Eichendorffstraße", "building": "residential", "amenity": null, "check_date:opening_hours": null, "cuisine": null, "indoor_seating": null, "name": null, "opening_hours": null, "outdoor_seating": null, "website": null, "wheelchair": null, "description": null, "leisure": null, "sport": null, "nohousenumber": null, "roof:shape": null, "air_conditioning": null, "building:levels": null, "diet:vegan": null, "diet:vegetarian": null, "payment:credit_cards": null, "payment:debit_cards": null, "phone": null, "roof:levels": null, "check_date": null, "email": null, "mobile": null, "shop": null, "denomination": null, "operator": null, "roof:colour": null, "capacity": null, "building:colour": null, "note": null, "source": null, "house": null, "roof:orientation": null, "layer": null, "compressed_air": null, "not:brand:wikidata": null, "religion": null, "contact:phone": null, "contact:website": null, "name:de": null, "name:en": null, "smoking": null, "name:signed": null, "tourism": null, "community_centre:for": null, "toilets:wheelchair": null, "url": null, "alt_name": null, "operator:wikidata": null, "power": null, "ref": null, "substation": null, "type": null }, "geometry": { "type": "Polygon", "coordinates": [ [ [ 10.890902, 49.5688636 ], [ 10.8910579, 49.5688428 ], [ 10.8910317, 49.5687605 ], [ 10.8908759, 49.5687813 ], [ 10.890902, 49.5688636 ] ] ] } },
{ "type": "Feature", "properties": { "element": "way", "id": 381956616, "addr:city": "Herzogenaurach", "addr:country": "DE", "addr:housenumber": "12a", "addr:postcode": "91074", "addr:street": "Eichendorffstraße", "building": "residential", "amenity": null, "check_date:opening_hours": null, "cuisine": null, "indoor_seating": null, "name": null, "opening_hours": null, "outdoor_seating": null, "website": null, "wheelchair": null, "description": null, "leisure": null, "sport": null, "nohousenumber": null, "roof:shape": null, "air_conditioning": null, "building:levels": null, "diet:vegan": null, "diet:vegetarian": null, "payment:credit_cards": null, "payment:debit_cards": null, "phone": null, "roof:levels": null, "check_date": null, "email": null, "mobile": null, "shop": null, "denomination": null, "operator": null, "roof:colour": null, "capacity": null, "building:colour": null, "note": null, "source": null, "house": null, "roof:orientation": null, "layer": null, "compressed_air": null, "not:brand:wikidata": null, "religion": null, "contact:phone": null, "contact:website": null, "name:de": null, "name:en": null, "smoking": null, "name:signed": null, "tourism": null, "community_centre:for": null, "toilets:wheelchair": null, "url": null, "alt_name": null, "operator:wikidata": null, "power": null, "ref": null, "substation": null, "type": null }, "geometry": { "type": "Polygon", "coordinates": [ [ [ 10.8909604, 49.569022 ], [ 10.8911067, 49.5689972 ], [ 10.8910784, 49.568925 ], [ 10.8909305, 49.5689466 ], [ 10.8909604, 49.569022 ] ] ] } },
{ "type": "Feature", "properties": { "element": "way", "id": 384485970, "addr:city": "Herzogenaurach", "addr:country": "DE", "addr:housenumber": "1", "addr:postcode": "91074", "addr:street": "Schützengraben", "building": "residential", "amenity": null, "check_date:opening_hours": null, "cuisine": null, "indoor_seating": null, "name": null, "opening_hours": null, "outdoor_seating": null, "website": null, "wheelchair": null, "description": null, "leisure": null, "sport": null, "nohousenumber": null, "roof:shape": null, "air_conditioning": null, "building:levels": null, "diet:vegan": null, "diet:vegetarian": null, "payment:credit_cards": null, "payment:debit_cards": null, "phone": null, "roof:levels": null, "check_date": null, "email": null, "mobile": null, "shop": null, "denomination": null, "operator": null, "roof:colour": null, "capacity": null, "building:colour": null, "note": null, "source": null, "house": null, "roof:orientation": null, "layer": null, "compressed_air": null, "not:brand:wikidata": null, "religion": null, "contact:phone": null, "contact:website": null, "name:de": null, "name:en": null, "smoking": null, "name:signed": null, "tourism": null, "community_centre:for": null, "toilets:wheelchair": null, "url": null, "alt_name": null, "operator:wikidata": null, "power": null, "ref": null, "substation": null, "type": null }, "geometry": { "type": "Polygon", "coordinates": [ [ [ 10.89239, 49.5678624 ], [ 10.892397, 49.5677733 ], [ 10.8923241, 49.5677406 ], [ 10.8922723, 49.5677533 ], [ 10.8922638, 49.5678569 ], [ 10.89239, 49.5678624 ] ] ] } },
{ "type": "Feature", "properties": { "element": "way", "id": 386985117, "addr:city": "Herzogenaurach", "addr:country": "DE", "addr:housenumber": "4b", "addr:postcode": "91074", "addr:street": "Kunigundenstraße", "building": "residential", "amenity": null, "check_date:opening_hours": null, "cuisine": null, "indoor_seating": null, "name": null, "opening_hours": null, "outdoor_seating": null, "website": null, "wheelchair": null, "description": null, "leisure": null, "sport": null, "nohousenumber": null, "roof:shape": null, "air_conditioning": null, "building:levels": null, "diet:vegan": null, "diet:vegetarian": null, "payment:credit_cards": null, "payment:debit_cards": null, "phone": null, "roof:levels": null, "check_date": null, "email": null, "mobile": null, "shop": null, "denomination": null, "operator": null, "roof:colour": null, "capacity": null, "building:colour": null, "note": null, "source": null, "house": null, "roof:orientation": null, "layer": null, "compressed_air": null, "not:brand:wikidata": null, "religion": null, "contact:phone": null, "contact:website": null, "name:de": null, "name:en": null, "smoking": null, "name:signed": null, "tourism": null, "community_centre:for": null, "toilets:wheelchair": null, "url": null, "alt_name": null, "operator:wikidata": null, "power": null, "ref": null, "substation": null, "type": null }, "geometry": { "type": "Polygon", "coordinates": [ [ [ 10.8911628, 49.5695424 ], [ 10.8912837, 49.5695278 ], [ 10.8912544, 49.5694258 ], [ 10.8911336, 49.5694404 ], [ 10.8911628, 49.5695424 ] ] ] } },
{ "type": "Feature", "properties": { "element": "way", "id": 387338929, "addr:city": "Herzogenaurach", "addr:country": "DE", "addr:housenumber": "42", "addr:postcode": "91074", "addr:street": "Zum Flughafen", "building": "residential", "amenity": null, "check_date:opening_hours": null, "cuisine": null, "indoor_seating": null, "name": null, "opening_hours": null, "outdoor_seating": null, "website": null, "wheelchair": null, "description": null, "leisure": null, "sport": null, "nohousenumber": null, "roof:shape": null, "air_conditioning": null, "building:levels": null, "diet:vegan": null, "diet:vegetarian": null, "payment:credit_cards": null, "payment:debit_cards": null, "phone": null, "roof:levels": null, "check_date": null, "email": null, "mobile": null, "shop": null, "denomination": null, "operator": null, "roof:colour": null, "capacity": null, "building:colour": null, "note": null, "source": null, "house": null, "roof:orientation": null, "layer": null, "compressed_air": null, "not:brand:wikidata": null, "religion": null, "contact:phone": null, "contact:website": null, "name:de": null, "name:en": null, "smoking": null, "name:signed": null, "tourism": null, "community_centre:for": null, "toilets:wheelchair": null, "url": null, "alt_name": null, "operator:wikidata": null, "power": null, "ref": null, "substation": null, "type": null }, "geometry": { "type": "Polygon", "coordinates": [ [ [ 10.8916487, 49.5714101 ], [ 10.8917597, 49.5714323 ], [ 10.8918078, 49.5713307 ], [ 10.8916967, 49.5713086 ], [ 10.8916487, 49.5714101 ] ] ] } },
{ "type": "Feature", "properties": { "element": "way", "id": 387338930, "addr:city": "Herzogenaurach", "addr:country": "DE", "addr:housenumber": "42a", "addr:postcode": "91074", "addr:street": "Zum Flughafen", "building": "residential", "amenity": null, "check_date:opening_hours": null, "cuisine": null, "indoor_seating": null, "name": null, "opening_hours": null, "outdoor_seating": null, "website": null, "wheelchair": null, "description": null, "leisure": null, "sport": null, "nohousenumber": null, "roof:shape": null, "air_conditioning": null, "building:levels": null, "diet:vegan": null, "diet:vegetarian": null, "payment:credit_cards": null, "payment:debit_cards": null, "phone": null, "roof:levels": null, "check_date": null, "email": null, "mobile": null, "shop": null, "denomination": null, "operator": null, "roof:colour": null, "capacity": null, "building:colour": null, "note": null, "source": null, "house": null, "roof:orientation": null, "layer": null, "compressed_air": null, "not:brand:wikidata": null, "religion": null, "contact:phone": null, "contact:website": null, "name:de": null, "name:en": null, "smoking": null, "name:signed": null, "tourism": null, "community_centre:for": null, "toilets:wheelchair": null, "url": null, "alt_name": null, "operator:wikidata": null, "power": null, "ref": null, "substation": null, "type": null }, "geometry": { "type": "Polygon", "coordinates": [ [ [ 10.8917082, 49.571273 ], [ 10.8918109, 49.5712877 ], [ 10.8918486, 49.5711768 ], [ 10.8917459, 49.5711621 ], [ 10.8917082, 49.571273 ] ] ] } },
{ "type": "Feature", "properties": { "element": "way", "id": 389655786, "addr:city": null, "addr:country": null, "addr:housenumber": null, "addr:postcode": null, "addr:street": null, "building": "yes", "amenity": null, "check_date:opening_hours": null, "cuisine": null, "indoor_seating": null, "name": null, "opening_hours": null, "outdoor_seating": null, "website": null, "wheelchair": null, "description": null, "leisure": null, "sport": null, "nohousenumber": null, "roof:shape": null, "air_conditioning": null, "building:levels": null, "diet:vegan": null, "diet:vegetarian": null, "payment:credit_cards": null, "payment:debit_cards": null, "phone": null, "roof:levels": null, "check_date": null, "email": null, "mobile": null, "shop": null, "denomination": null, "operator": null, "roof:colour": null, "capacity": null, "building:colour": null, "note": null, "source": null, "house": null, "roof:orientation": null, "layer": null, "compressed_air": null, "not:brand:wikidata": null, "religion": null, "contact:phone": null, "contact:website": null, "name:de": null, "name:en": null, "smoking": null, "name:signed": null, "tourism": null, "community_centre:for": null, "toilets:wheelchair": null, "url": null, "alt_name": null, "operator:wikidata": null, "power": null, "ref": null, "substation": null, "type": null }, "geometry": { "type": "Polygon", "coordinates": [ [ [ 10.8878662, 49.568847 ], [ 10.8879369, 49.5688383 ], [ 10.8880952, 49.5688206 ], [ 10.8880819, 49.5687651 ], [ 10.8878502, 49.568791 ], [ 10.8878662, 49.568847 ] ] ] } },
{ "type": "Feature", "properties": { "element": "way", "id": 389655787, "addr:city": null, "addr:country": null, "addr:housenumber": "14", "addr:postcode": null, "addr:street": "Glockengasse", "building": "commercial", "amenity": null, "check_date:opening_hours": null, "cuisine": null, "indoor_seating": null, "name": null, "opening_hours": null, "outdoor_seating": null, "website": null, "wheelchair": null, "description": null, "leisure": null, "sport": null, "nohousenumber": null, "roof:shape": null, "air_conditioning": null, "building:levels": null, "diet:vegan": null, "diet:vegetarian": null, "payment:credit_cards": null, "payment:debit_cards": null, "phone": null, "roof:levels": null, "check_date": null, "email": null, "mobile": null, "shop": null, "denomination": null, "operator": null, "roof:colour": null, "capacity": null, "building:colour": null, "note": null, "source": null, "house": null, "roof:orientation": null, "layer": null, "compressed_air": null, "not:brand:wikidata": null, "religion": null, "contact:phone": null, "contact:website": null, "name:de": null, "name:en": null, "smoking": null, "name:signed": null, "tourism": null, "community_centre:for": null, "toilets:wheelchair": null, "url": null, "alt_name": null, "operator:wikidata": null, "power": null, "ref": null, "substation": null, "type": null }, "geometry": { "type": "Polygon", "coordinates": [ [ [ 10.8877197, 49.568865 ], [ 10.887665, 49.5688687 ], [ 10.887636, 49.5686879 ], [ 10.8876907, 49.5686842 ], [ 10.8877197, 49.568865 ] ] ] } },
{ "type": "Feature", "properties": { "element": "way", "id": 389655788, "addr:city": "Herzogenaurach", "addr:country": "DE", "addr:housenumber": "3", "addr:postcode": "91074", "addr:street": "Glockengasse", "building": "residential", "amenity": null, "check_date:opening_hours": null, "cuisine": null, "indoor_seating": null, "name": null, "opening_hours": null, "outdoor_seating": null, "website": null, "wheelchair": null, "description": null, "leisure": null, "sport": null, "nohousenumber": null, "roof:shape": null, "air_conditioning": null, "building:levels": null, "diet:vegan": null, "diet:vegetarian": null, "payment:credit_cards": null, "payment:debit_cards": null, "phone": null, "roof:levels": null, "check_date": null, "email": null, "mobile": null, "shop": null, "denomination": null, "operator": null, "roof:colour": null, "capacity": null, "building:colour": null, "note": null, "source": null, "house": null, "roof:orientation": null, "layer": null, "compressed_air": null, "not:brand:wikidata": null, "religion": null, "contact:phone": null, "contact:website": null, "name:de": null, "name:en": null, "smoking": null, "name:signed": null, "tourism": null, "community_centre:for": null, "toilets:wheelchair": null, "url": null, "alt_name": null, "operator:wikidata": null, "power": null, "ref": null, "substation": null, "type": null }, "geometry": { "type": "Polygon", "coordinates": [ [ [ 10.8870351, 49.5681267 ], [ 10.8869319, 49.5681397 ], [ 10.886915, 49.5680677 ], [ 10.8868849, 49.5680712 ], [ 10.8868664, 49.5679908 ], [ 10.8869673, 49.5679788 ], [ 10.8869851, 49.5680622 ], [ 10.8870205, 49.5680592 ], [ 10.8870351, 49.5681267 ] ] ] } },
{ "type": "Feature", "properties": { "element": "way", "id": 390672403, "addr:city": "Herzogenaurach", "addr:country": "DE", "addr:housenumber": "1", "addr:postcode": "91074", "addr:street": "Hans-Sachs-Straße", "building": "residential", "amenity": null, "check_date:opening_hours": null, "cuisine": null, "indoor_seating": null, "name": null, "opening_hours": null, "outdoor_seating": null, "website": null, "wheelchair": null, "description": null, "leisure": null, "sport": null, "nohousenumber": null, "roof:shape": null, "air_conditioning": null, "building:levels": null, "diet:vegan": null, "diet:vegetarian": null, "payment:credit_cards": null, "payment:debit_cards": null, "phone": null, "roof:levels": null, "check_date": null, "email": null, "mobile": null, "shop": null, "denomination": null, "operator": null, "roof:colour": null, "capacity": null, "building:colour": null, "note": null, "source": null, "house": null, "roof:orientation": null, "layer": null, "compressed_air": null, "not:brand:wikidata": null, "religion": null, "contact:phone": null, "contact:website": null, "name:de": null, "name:en": null, "smoking": null, "name:signed": null, "tourism": null, "community_centre:for": null, "toilets:wheelchair": null, "url": null, "alt_name": null, "operator:wikidata": null, "power": null, "ref": null, "substation": null, "type": null }, "geometry": { "type": "Polygon", "coordinates": [ [ [ 10.8880906, 49.5709974 ], [ 10.8883482, 49.5709702 ], [ 10.8883225, 49.5708679 ], [ 10.8880649, 49.5708952 ], [ 10.8880906, 49.5709974 ] ] ] } },
{ "type": "Feature", "properties": { "element": "way", "id": 523790458, "addr:city": null, "addr:country": null, "addr:housenumber": null, "addr:postcode": null, "addr:street": null, "building": "yes", "amenity": null, "check_date:opening_hours": null, "cuisine": null, "indoor_seating": null, "name": null, "opening_hours": null, "outdoor_seating": null, "website": null, "wheelchair": null, "description": null, "leisure": null, "sport": null, "nohousenumber": null, "roof:shape": null, "air_conditioning": null, "building:levels": null, "diet:vegan": null, "diet:vegetarian": null, "payment:credit_cards": null, "payment:debit_cards": null, "phone": null, "roof:levels": null, "check_date": null, "email": null, "mobile": null, "shop": null, "denomination": null, "operator": null, "roof:colour": null, "capacity": null, "building:colour": null, "note": null, "source": null, "house": null, "roof:orientation": null, "layer": null, "compressed_air": null, "not:brand:wikidata": null, "religion": null, "contact:phone": null, "contact:website": null, "name:de": null, "name:en": null, "smoking": null, "name:signed": null, "tourism": null, "community_centre:for": null, "toilets:wheelchair": null, "url": null, "alt_name": null, "operator:wikidata": null, "power": null, "ref": null, "substation": null, "type": null }, "geometry": { "type": "Polygon", "coordinates": [ [ [ 10.8874891, 49.5712725 ], [ 10.88752, 49.571316 ], [ 10.8874714, 49.5713305 ], [ 10.8875332, 49.5714174 ], [ 10.887584, 49.5714023 ], [ 10.8876146, 49.5714454 ], [ 10.8878735, 49.571368 ], [ 10.8877501, 49.5711944 ], [ 10.8874891, 49.5712725 ] ] ] } },
{ "type": "Feature", "properties": { "element": "way", "id": 591529044, "addr:city": "Herzogenaurach", "addr:country": "DE", "addr:housenumber": "28-30", "addr:postcode": "91074", "addr:street": "Erlanger Straße", "building": "commercial", "amenity": null, "check_date:opening_hours": null, "cuisine": null, "indoor_seating": null, "name": null, "opening_hours": null, "outdoor_seating": null, "website": null, "wheelchair": null, "description": null, "leisure": null, "sport": null, "nohousenumber": null, "roof:shape": null, "air_conditioning": null, "building:levels": "3", "diet:vegan": null, "diet:vegetarian": null, "payment:credit_cards": null, "payment:debit_cards": null, "phone": null, "roof:levels": null, "check_date": null, "email": null, "mobile": null, "shop": null, "denomination": null, "operator": null, "roof:colour": null, "capacity": null, "building:colour": null, "note": null, "source": null, "house": null, "roof:orientation": null, "layer": null, "compressed_air": null, "not:brand:wikidata": null, "religion": null, "contact:phone": null, "contact:website": null, "name:de": null, "name:en": null, "smoking": null, "name:signed": null, "tourism": null, "community_centre:for": null, "toilets:wheelchair": null, "url": null, "alt_name": null, "operator:wikidata": null, "power": null, "ref": null, "substation": null, "type": null }, "geometry": { "type": "Polygon", "coordinates": [ [ [ 10.8885058, 49.5670425 ], [ 10.8888937, 49.566991 ], [ 10.8890221, 49.5669739 ], [ 10.8891751, 49.5669536 ], [ 10.8890233, 49.5665514 ], [ 10.8887702, 49.566751 ], [ 10.8887965, 49.5668197 ], [ 10.8886815, 49.5668281 ], [ 10.8884269, 49.566974 ], [ 10.8885058, 49.5670425 ] ] ] } },
{ "type": "Feature", "properties": { "element": "way", "id": 772903537, "addr:city": null, "addr:country": null, "addr:housenumber": null, "addr:postcode": null, "addr:street": null, "building": "yes", "amenity": null, "check_date:opening_hours": null, "cuisine": null, "indoor_seating": null, "name": null, "opening_hours": null, "outdoor_seating": null, "website": null, "wheelchair": null, "description": null, "leisure": null, "sport": null, "nohousenumber": null, "roof:shape": null, "air_conditioning": null, "building:levels": null, "diet:vegan": null, "diet:vegetarian": null, "payment:credit_cards": null, "payment:debit_cards": null, "phone": null, "roof:levels": null, "check_date": null, "email": null, "mobile": null, "shop": null, "denomination": null, "operator": null, "roof:colour": null, "capacity": null, "building:colour": null, "note": null, "source": null, "house": null, "roof:orientation": null, "layer": null, "compressed_air": null, "not:brand:wikidata": null, "religion": null, "contact:phone": null, "contact:website": null, "name:de": null, "name:en": null, "smoking": null, "name:signed": null, "tourism": null, "community_centre:for": null, "toilets:wheelchair": null, "url": null, "alt_name": null, "operator:wikidata": null, "power": null, "ref": null, "substation": null, "type": null }, "geometry": { "type": "Polygon", "coordinates": [ [ [ 10.8911547, 49.5692357 ], [ 10.8911361, 49.5691865 ], [ 10.8910475, 49.5692005 ], [ 10.8910441, 49.5692011 ], [ 10.8910628, 49.5692503 ], [ 10.8911547, 49.5692357 ] ] ] } },
{ "type": "Feature", "properties": { "element": "way", "id": 772903538, "addr:city": null, "addr:country": null, "addr:housenumber": null, "addr:postcode": null, "addr:street": null, "building": "yes", "amenity": null, "check_date:opening_hours": null, "cuisine": null, "indoor_seating": null, "name": null, "opening_hours": null, "outdoor_seating": null, "website": null, "wheelchair": null, "description": null, "leisure": null, "sport": null, "nohousenumber": null, "roof:shape": null, "air_conditioning": null, "building:levels": null, "diet:vegan": null, "diet:vegetarian": null, "payment:credit_cards": null, "payment:debit_cards": null, "phone": null, "roof:levels": null, "check_date": null, "email": null, "mobile": null, "shop": null, "denomination": null, "operator": null, "roof:colour": null, "capacity": null, "building:colour": null, "note": null, "source": null, "house": null, "roof:orientation": null, "layer": null, "compressed_air": null, "not:brand:wikidata": null, "religion": null, "contact:phone": null, "contact:website": null, "name:de": null, "name:en": null, "smoking": null, "name:signed": null, "tourism": null, "community_centre:for": null, "toilets:wheelchair": null, "url": null, "alt_name": null, "operator:wikidata": null, "power": null, "ref": null, "substation": null, "type": null }, "geometry": { "type": "Polygon", "coordinates": [ [ [ 10.8910805, 49.5690877 ], [ 10.8911256, 49.5690805 ], [ 10.8911017, 49.5690172 ], [ 10.8910566, 49.5690244 ], [ 10.8910805, 49.5690877 ] ] ] } },
{ "type": "Feature", "properties": { "element": "way", "id": 803682650, "addr:city": "Herzogenaurach", "addr:country": "DE", "addr:housenumber": "35a", "addr:postcode": "91074", "addr:street": "Erlanger Straße", "building": "yes", "amenity": null, "check_date:opening_hours": null, "cuisine": null, "indoor_seating": null, "name": null, "opening_hours": null, "outdoor_seating": null, "website": null, "wheelchair": null, "description": null, "leisure": null, "sport": null, "nohousenumber": null, "roof:shape": null, "air_conditioning": null, "building:levels": null, "diet:vegan": null, "diet:vegetarian": null, "payment:credit_cards": null, "payment:debit_cards": null, "phone": null, "roof:levels": null, "check_date": null, "email": null, "mobile": null, "shop": null, "denomination": null, "operator": null, "roof:colour": null, "capacity": null, "building:colour": null, "note": null, "source": null, "house": null, "roof:orientation": null, "layer": null, "compressed_air": null, "not:brand:wikidata": null, "religion": null, "contact:phone": null, "contact:website": null, "name:de": null, "name:en": null, "smoking": null, "name:signed": null, "tourism": null, "community_centre:for": null, "toilets:wheelchair": null, "url": null, "alt_name": null, "operator:wikidata": null, "power": null, "ref": null, "substation": null, "type": null }, "geometry": { "type": "Polygon", "coordinates": [ [ [ 10.8887553, 49.5681543 ], [ 10.8887925, 49.5683042 ], [ 10.888323, 49.5683532 ], [ 10.8881889, 49.5678124 ], [ 10.8883797, 49.5677925 ], [ 10.8884765, 49.5681834 ], [ 10.8887553, 49.5681543 ] ] ] } },
{ "type": "Feature", "properties": { "element": "way", "id": 866228721, "addr:city": null, "addr:country": null, "addr:housenumber": null, "addr:postcode": null, "addr:street": null, "building": "school", "amenity": null, "check_date:opening_hours": null, "cuisine": null, "indoor_seating": null, "name": null, "opening_hours": null, "outdoor_seating": null, "website": null, "wheelchair": null, "description": null, "leisure": null, "sport": null, "nohousenumber": "yes", "roof:shape": null, "air_conditioning": null, "building:levels": null, "diet:vegan": null, "diet:vegetarian": null, "payment:credit_cards": null, "payment:debit_cards": null, "phone": null, "roof:levels": null, "check_date": null, "email": null, "mobile": null, "shop": null, "denomination": null, "operator": null, "roof:colour": null, "capacity": null, "building:colour": null, "note": null, "source": null, "house": null, "roof:orientation": null, "layer": null, "compressed_air": null, "not:brand:wikidata": null, "religion": null, "contact:phone": null, "contact:website": null, "name:de": null, "name:en": null, "smoking": null, "name:signed": null, "tourism": null, "community_centre:for": null, "toilets:wheelchair": null, "url": null, "alt_name": null, "operator:wikidata": null, "power": null, "ref": null, "substation": null, "type": null }, "geometry": { "type": "Polygon", "coordinates": [ [ [ 10.8861581, 49.5715022 ], [ 10.8860266, 49.5715317 ], [ 10.8861027, 49.5717796 ], [ 10.8857346, 49.5718381 ], [ 10.8856355, 49.5715444 ], [ 10.8859912, 49.5714709 ], [ 10.8860036, 49.5715008 ], [ 10.8861388, 49.5714727 ], [ 10.8861581, 49.5715022 ] ] ] } },
{ "type": "Feature", "properties": { "element": "way", "id": 948830441, "addr:city": "Herzogenaurach", "addr:country": "DE", "addr:housenumber": "4", "addr:postcode": "91074", "addr:street": "Eichelmühlgasse", "building": "yes", "amenity": null, "check_date:opening_hours": null, "cuisine": null, "indoor_seating": null, "name": null, "opening_hours": null, "outdoor_seating": null, "website": null, "wheelchair": null, "description": null, "leisure": null, "sport": null, "nohousenumber": null, "roof:shape": null, "air_conditioning": null, "building:levels": null, "diet:vegan": null, "diet:vegetarian": null, "payment:credit_cards": null, "payment:debit_cards": null, "phone": null, "roof:levels": null, "check_date": null, "email": null, "mobile": null, "shop": null, "denomination": null, "operator": null, "roof:colour": null, "capacity": null, "building:colour": null, "note": null, "source": null, "house": null, "roof:orientation": null, "layer": null, "compressed_air": null, "not:brand:wikidata": null, "religion": null, "contact:phone": null, "contact:website": null, "name:de": null, "name:en": null, "smoking": null, "name:signed": null, "tourism": null, "community_centre:for": null, "toilets:wheelchair": null, "url": null, "alt_name": null, "operator:wikidata": null, "power": null, "ref": null, "substation": null, "type": null }, "geometry": { "type": "Polygon", "coordinates": [ [ [ 10.8882709, 49.5669594 ], [ 10.8883459, 49.5668988 ], [ 10.8883832, 49.5668687 ], [ 10.8883603, 49.566832 ], [ 10.8882568, 49.566861 ], [ 10.8882497, 49.5668458 ], [ 10.8881909, 49.5668622 ], [ 10.888228, 49.5669354 ], [ 10.8882709, 49.5669594 ] ] ] } },
{ "type": "Feature", "properties": { "element": "way", "id": 948830442, "addr:city": null, "addr:country": null, "addr:housenumber": null, "addr:postcode": null, "addr:street": null, "building": "garage", "amenity": null, "check_date:opening_hours": null, "cuisine": null, "indoor_seating": null, "name": null, "opening_hours": null, "outdoor_seating": null, "website": null, "wheelchair": null, "description": null, "leisure": null, "sport": null, "nohousenumber": null, "roof:shape": null, "air_conditioning": null, "building:levels": null, "diet:vegan": null, "diet:vegetarian": null, "payment:credit_cards": null, "payment:debit_cards": null, "phone": null, "roof:levels": null, "check_date": null, "email": null, "mobile": null, "shop": null, "denomination": null, "operator": null, "roof:colour": null, "capacity": null, "building:colour": null, "note": null, "source": null, "house": null, "roof:orientation": null, "layer": null, "compressed_air": null, "not:brand:wikidata": null, "religion": null, "contact:phone": null, "contact:website": null, "name:de": null, "name:en": null, "smoking": null, "name:signed": null, "tourism": null, "community_centre:for": null, "toilets:wheelchair": null, "url": null, "alt_name": null, "operator:wikidata": null, "power": null, "ref": null, "substation": null, "type": null }, "geometry": { "type": "Polygon", "coordinates": [ [ [ 10.8881909, 49.5668622 ], [ 10.8882497, 49.5668458 ], [ 10.888245, 49.5668401 ], [ 10.8883474, 49.5668111 ], [ 10.8883227, 49.5667584 ], [ 10.8881703, 49.5668073 ], [ 10.8881768, 49.5668427 ], [ 10.8881909, 49.5668622 ] ] ] } },
{ "type": "Feature", "properties": { "element": "way", "id": 948830443, "addr:city": "Herzogenaurach", "addr:country": "DE", "addr:housenumber": "6", "addr:postcode": "91074", "addr:street": "Kellergasse", "building": "apartments", "amenity": null, "check_date:opening_hours": null, "cuisine": null, "indoor_seating": null, "name": null, "opening_hours": null, "outdoor_seating": null, "website": null, "wheelchair": null, "description": null, "leisure": null, "sport": null, "nohousenumber": null, "roof:shape": null, "air_conditioning": null, "building:levels": null, "diet:vegan": null, "diet:vegetarian": null, "payment:credit_cards": null, "payment:debit_cards": null, "phone": null, "roof:levels": null, "check_date": null, "email": null, "mobile": null, "shop": null, "denomination": null, "operator": null, "roof:colour": null, "capacity": null, "building:colour": null, "note": null, "source": null, "house": null, "roof:orientation": null, "layer": null, "compressed_air": null, "not:brand:wikidata": null, "religion": null, "contact:phone": null, "contact:website": null, "name:de": null, "name:en": null, "smoking": null, "name:signed": null, "tourism": null, "community_centre:for": null, "toilets:wheelchair": null, "url": null, "alt_name": null, "operator:wikidata": null, "power": null, "ref": null, "substation": null, "type": null }, "geometry": { "type": "Polygon", "coordinates": [ [ [ 10.8858741, 49.5670725 ], [ 10.8859546, 49.5671537 ], [ 10.8860394, 49.5671184 ], [ 10.8861329, 49.5670794 ], [ 10.8860524, 49.5669982 ], [ 10.8858741, 49.5670725 ] ] ] } },
{ "type": "Feature", "properties": { "element": "way", "id": 948830444, "addr:city": null, "addr:country": null, "addr:housenumber": null, "addr:postcode": null, "addr:street": null, "building": "yes", "amenity": null, "check_date:opening_hours": null, "cuisine": null, "indoor_seating": null, "name": null, "opening_hours": null, "outdoor_seating": null, "website": null, "wheelchair": null, "description": null, "leisure": null, "sport": null, "nohousenumber": null, "roof:shape": null, "air_conditioning": null, "building:levels": null, "diet:vegan": null, "diet:vegetarian": null, "payment:credit_cards": null, "payment:debit_cards": null, "phone": null, "roof:levels": null, "check_date": null, "email": null, "mobile": null, "shop": null, "denomination": null, "operator": null, "roof:colour": null, "capacity": null, "building:colour": null, "note": null, "source": null, "house": null, "roof:orientation": null, "layer": null, "compressed_air": null, "not:brand:wikidata": null, "religion": null, "contact:phone": null, "contact:website": null, "name:de": null, "name:en": null, "smoking": null, "name:signed": null, "tourism": null, "community_centre:for": null, "toilets:wheelchair": null, "url": null, "alt_name": null, "operator:wikidata": null, "power": null, "ref": null, "substation": null, "type": null }, "geometry": { "type": "Polygon", "coordinates": [ [ [ 10.8872317, 49.5668961 ], [ 10.8873311, 49.5668638 ], [ 10.8872792, 49.5667966 ], [ 10.8871799, 49.5668289 ], [ 10.8872317, 49.5668961 ] ] ] } },
{ "type": "Feature", "properties": { "element": "way", "id": 948830445, "addr:city": "Herzogenaurach", "addr:country": "DE", "addr:housenumber": "9c", "addr:postcode": "91074", "addr:street": "Kellergasse", "building": "apartments", "amenity": null, "check_date:opening_hours": null, "cuisine": null, "indoor_seating": null, "name": null, "opening_hours": null, "outdoor_seating": null, "website": null, "wheelchair": null, "description": null, "leisure": null, "sport": null, "nohousenumber": null, "roof:shape": null, "air_conditioning": null, "building:levels": null, "diet:vegan": null, "diet:vegetarian": null, "payment:credit_cards": null, "payment:debit_cards": null, "phone": null, "roof:levels": null, "check_date": null, "email": null, "mobile": null, "shop": null, "denomination": null, "operator": null, "roof:colour": null, "capacity": null, "building:colour": null, "note": null, "source": null, "house": null, "roof:orientation": null, "layer": null, "compressed_air": null, "not:brand:wikidata": null, "religion": null, "contact:phone": null, "contact:website": null, "name:de": null, "name:en": null, "smoking": null, "name:signed": null, "tourism": null, "community_centre:for": null, "toilets:wheelchair": null, "url": null, "alt_name": null, "operator:wikidata": null, "power": null, "ref": null, "substation": null, "type": null }, "geometry": { "type": "Polygon", "coordinates": [ [ [ 10.8865556, 49.5671826 ], [ 10.886601, 49.5671685 ], [ 10.8866483, 49.5671537 ], [ 10.8866433, 49.567147 ], [ 10.8867035, 49.5671282 ], [ 10.8866709, 49.5670844 ], [ 10.8866078, 49.5670115 ], [ 10.8865589, 49.5670292 ], [ 10.8865684, 49.5670421 ], [ 10.886511, 49.5670599 ], [ 10.8865204, 49.5670726 ], [ 10.8864827, 49.5670843 ], [ 10.8865556, 49.5671826 ] ] ] } },
{ "type": "Feature", "properties": { "element": "way", "id": 948830446, "addr:city": "Herzogenaurach", "addr:country": "DE", "addr:housenumber": "1", "addr:postcode": "91074", "addr:street": "Kellergasse", "building": "house", "amenity": null, "check_date:opening_hours": null, "cuisine": null, "indoor_seating": null, "name": null, "opening_hours": null, "outdoor_seating": null, "website": null, "wheelchair": null, "description": null, "leisure": null, "sport": null, "nohousenumber": null, "roof:shape": null, "air_conditioning": null, "building:levels": null, "diet:vegan": null, "diet:vegetarian": null, "payment:credit_cards": null, "payment:debit_cards": null, "phone": null, "roof:levels": null, "check_date": null, "email": null, "mobile": null, "shop": null, "denomination": null, "operator": null, "roof:colour": null, "capacity": null, "building:colour": null, "note": null, "source": null, "house": null, "roof:orientation": null, "layer": null, "compressed_air": null, "not:brand:wikidata": null, "religion": null, "contact:phone": null, "contact:website": null, "name:de": null, "name:en": null, "smoking": null, "name:signed": null, "tourism": null, "community_centre:for": null, "toilets:wheelchair": null, "url": null, "alt_name": null, "operator:wikidata": null, "power": null, "ref": null, "substation": null, "type": null }, "geometry": { "type": "Polygon", "coordinates": [ [ [ 10.8858948, 49.5674059 ], [ 10.8859641, 49.567378 ], [ 10.8860093, 49.5674276 ], [ 10.886081, 49.5674051 ], [ 10.8860181, 49.5673462 ], [ 10.8859522, 49.5672845 ], [ 10.8858242, 49.5673367 ], [ 10.8858648, 49.5673765 ], [ 10.8858948, 49.5674059 ] ] ] } },
{ "type": "Feature", "properties": { "element": "way", "id": 950162716, "addr:city": "Herzogenaurach", "addr:country": "DE", "addr:housenumber": "3a", "addr:postcode": "91074", "addr:street": "Zum Flughafen", "building": "yes", "amenity": null, "check_date:opening_hours": null, "cuisine": null, "indoor_seating": null, "name": null, "opening_hours": null, "outdoor_seating": null, "website": null, "wheelchair": null, "description": null, "leisure": null, "sport": null, "nohousenumber": null, "roof:shape": null, "air_conditioning": null, "building:levels": null, "diet:vegan": null, "diet:vegetarian": null, "payment:credit_cards": null, "payment:debit_cards": null, "phone": null, "roof:levels": null, "check_date": null, "email": null, "mobile": null, "shop": null, "denomination": null, "operator": null, "roof:colour": null, "capacity": null, "building:colour": null, "note": null, "source": null, "house": null, "roof:orientation": null, "layer": null, "compressed_air": null, "not:brand:wikidata": null, "religion": null, "contact:phone": null, "contact:website": null, "name:de": null, "name:en": null, "smoking": null, "name:signed": null, "tourism": null, "community_centre:for": null, "toilets:wheelchair": null, "url": null, "alt_name": null, "operator:wikidata": null, "power": null, "ref": null, "substation": null, "type": null }, "geometry": { "type": "Polygon", "coordinates": [ [ [ 10.8850757, 49.5695207 ], [ 10.8852278, 49.5695746 ], [ 10.8853573, 49.5694206 ], [ 10.8852051, 49.5693668 ], [ 10.8850757, 49.5695207 ] ] ] } },
{ "type": "Feature", "properties": { "element": "way", "id": 950162717, "addr:city": null, "addr:country": null, "addr:housenumber": null, "addr:postcode": null, "addr:street": null, "building": "yes", "amenity": null, "check_date:opening_hours": null, "cuisine": null, "indoor_seating": null, "name": null, "opening_hours": null, "outdoor_seating": null, "website": null, "wheelchair": null, "description": null, "leisure": null, "sport": null, "nohousenumber": null, "roof:shape": null, "air_conditioning": null, "building:levels": null, "diet:vegan": null, "diet:vegetarian": null, "payment:credit_cards": null, "payment:debit_cards": null, "phone": null, "roof:levels": null, "check_date": null, "email": null, "mobile": null, "shop": null, "denomination": null, "operator": "Herzo Werke", "roof:colour": null, "capacity": null, "building:colour": null, "note": null, "source": null, "house": null, "roof:orientation": null, "layer": null, "compressed_air": null, "not:brand:wikidata": null, "religion": null, "contact:phone": null, "contact:website": null, "name:de": null, "name:en": null, "smoking": null, "name:signed": null, "tourism": null, "community_centre:for": null, "toilets:wheelchair": null, "url": null, "alt_name": null, "operator:wikidata": "Q113464934", "power": "substation", "ref": "Trafostation Zum Flughafen I", "substation": "minor_distribution", "type": null }, "geometry": { "type": "Polygon", "coordinates": [ [ [ 10.8859456, 49.5693919 ], [ 10.8860251, 49.5694015 ], [ 10.8860385, 49.569355 ], [ 10.8859591, 49.5693453 ], [ 10.8859456, 49.5693919 ] ] ] } },
{ "type": "Feature", "properties": { "element": "way", "id": 954036722, "addr:city": null, "addr:country": null, "addr:housenumber": null, "addr:postcode": null, "addr:street": null, "building": "house", "amenity": null, "check_date:opening_hours": null, "cuisine": null, "indoor_seating": null, "name": null, "opening_hours": null, "outdoor_seating": null, "website": null, "wheelchair": null, "description": null, "leisure": null, "sport": null, "nohousenumber": null, "roof:shape": null, "air_conditioning": null, "building:levels": null, "diet:vegan": null, "diet:vegetarian": null, "payment:credit_cards": null, "payment:debit_cards": null, "phone": null, "roof:levels": null, "check_date": null, "email": null, "mobile": null, "shop": null, "denomination": null, "operator": null, "roof:colour": null, "capacity": null, "building:colour": null, "note": null, "source": null, "house": null, "roof:orientation": null, "layer": null, "compressed_air": null, "not:brand:wikidata": null, "religion": null, "contact:phone": null, "contact:website": null, "name:de": null, "name:en": null, "smoking": null, "name:signed": null, "tourism": null, "community_centre:for": null, "toilets:wheelchair": null, "url": null, "alt_name": null, "operator:wikidata": null, "power": null, "ref": null, "substation": null, "type": null }, "geometry": { "type": "Polygon", "coordinates": [ [ [ 10.8855111, 49.5679901 ], [ 10.8855671, 49.5679765 ], [ 10.885631, 49.5679611 ], [ 10.8855889, 49.5678878 ], [ 10.885469, 49.5679168 ], [ 10.8855111, 49.5679901 ] ] ] } },
{ "type": "Feature", "properties": { "element": "way", "id": 954036723, "addr:city": null, "addr:country": null, "addr:housenumber": null, "addr:postcode": null, "addr:street": null, "building": "house", "amenity": null, "check_date:opening_hours": null, "cuisine": null, "indoor_seating": null, "name": null, "opening_hours": null, "outdoor_seating": null, "website": null, "wheelchair": null, "description": null, "leisure": null, "sport": null, "nohousenumber": null, "roof:shape": null, "air_conditioning": null, "building:levels": null, "diet:vegan": null, "diet:vegetarian": null, "payment:credit_cards": null, "payment:debit_cards": null, "phone": null, "roof:levels": null, "check_date": null, "email": null, "mobile": null, "shop": null, "denomination": null, "operator": null, "roof:colour": null, "capacity": null, "building:colour": null, "note": null, "source": null, "house": null, "roof:orientation": null, "layer": null, "compressed_air": null, "not:brand:wikidata": null, "religion": null, "contact:phone": null, "contact:website": null, "name:de": null, "name:en": null, "smoking": null, "name:signed": null, "tourism": null, "community_centre:for": null, "toilets:wheelchair": null, "url": null, "alt_name": null, "operator:wikidata": null, "power": null, "ref": null, "substation": null, "type": null }, "geometry": { "type": "Polygon", "coordinates": [ [ [ 10.8870415, 49.5687793 ], [ 10.8871035, 49.568769 ], [ 10.8871725, 49.5687576 ], [ 10.8871426, 49.5686816 ], [ 10.8870115, 49.5687033 ], [ 10.8870415, 49.5687793 ] ] ] } },
{ "type": "Feature", "properties": { "element": "way", "id": 955087185, "addr:city": null, "addr:country": null, "addr:housenumber": null, "addr:postcode": null, "addr:street": null, "building": "house", "amenity": null, "check_date:opening_hours": null, "cuisine": null, "indoor_seating": null, "name": null, "opening_hours": null, "outdoor_seating": null, "website": null, "wheelchair": null, "description": null, "leisure": null, "sport": null, "nohousenumber": null, "roof:shape": null, "air_conditioning": null, "building:levels": null, "diet:vegan": null, "diet:vegetarian": null, "payment:credit_cards": null, "payment:debit_cards": null, "phone": null, "roof:levels": null, "check_date": null, "email": null, "mobile": null, "shop": null, "denomination": null, "operator": null, "roof:colour": null, "capacity": null, "building:colour": null, "note": null, "source": null, "house": null, "roof:orientation": null, "layer": null, "compressed_air": null, "not:brand:wikidata": null, "religion": null, "contact:phone": null, "contact:website": null, "name:de": null, "name:en": null, "smoking": null, "name:signed": null, "tourism": null, "community_centre:for": null, "toilets:wheelchair": null, "url": null, "alt_name": null, "operator:wikidata": null, "power": null, "ref": null, "substation": null, "type": null }, "geometry": { "type": "Polygon", "coordinates": [ [ [ 10.8851144, 49.5711951 ], [ 10.8851816, 49.5712648 ], [ 10.8853306, 49.5712043 ], [ 10.8852634, 49.5711346 ], [ 10.8852185, 49.5711529 ], [ 10.8851144, 49.5711951 ] ] ] } },
{ "type": "Feature", "properties": { "element": "way", "id": 958867855, "addr:city": "Herzogenaurach", "addr:country": null, "addr:housenumber": "1", "addr:postcode": "91074", "addr:street": "Zum Flughafen", "building": "house", "amenity": null, "check_date:opening_hours": null, "cuisine": null, "indoor_seating": null, "name": null, "opening_hours": null, "outdoor_seating": null, "website": null, "wheelchair": null, "description": null, "leisure": null, "sport": null, "nohousenumber": null, "roof:shape": null, "air_conditioning": null, "building:levels": null, "diet:vegan": null, "diet:vegetarian": null, "payment:credit_cards": null, "payment:debit_cards": null, "phone": null, "roof:levels": null, "check_date": null, "email": null, "mobile": null, "shop": null, "denomination": null, "operator": null, "roof:colour": null, "capacity": null, "building:colour": null, "note": null, "source": null, "house": null, "roof:orientation": null, "layer": null, "compressed_air": null, "not:brand:wikidata": null, "religion": null, "contact:phone": null, "contact:website": null, "name:de": null, "name:en": null, "smoking": null, "name:signed": null, "tourism": null, "community_centre:for": null, "toilets:wheelchair": null, "url": null, "alt_name": null, "operator:wikidata": null, "power": null, "ref": null, "substation": null, "type": null }, "geometry": { "type": "Polygon", "coordinates": [ [ [ 10.8847885, 49.5688343 ], [ 10.884684, 49.5688465 ], [ 10.8847124, 49.5689521 ], [ 10.8848206, 49.5689399 ], [ 10.8847885, 49.5688343 ] ] ] } },
{ "type": "Feature", "properties": { "element": "way", "id": 1104107160, "addr:city": null, "addr:country": null, "addr:housenumber": null, "addr:postcode": null, "addr:street": null, "building": "yes", "amenity": null, "check_date:opening_hours": null, "cuisine": null, "indoor_seating": null, "name": null, "opening_hours": null, "outdoor_seating": null, "website": null, "wheelchair": null, "description": null, "leisure": null, "sport": null, "nohousenumber": null, "roof:shape": null, "air_conditioning": null, "building:levels": null, "diet:vegan": null, "diet:vegetarian": null, "payment:credit_cards": null, "payment:debit_cards": null, "phone": null, "roof:levels": null, "check_date": null, "email": null, "mobile": null, "shop": null, "denomination": null, "operator": null, "roof:colour": null, "capacity": null, "building:colour": null, "note": null, "source": null, "house": null, "roof:orientation": null, "layer": null, "compressed_air": null, "not:brand:wikidata": null, "religion": null, "contact:phone": null, "contact:website": null, "name:de": null, "name:en": null, "smoking": null, "name:signed": null, "tourism": null, "community_centre:for": null, "toilets:wheelchair": null, "url": null, "alt_name": null, "operator:wikidata": null, "power": null, "ref": null, "substation": null, "type": null }, "geometry": { "type": "Polygon", "coordinates": [ [ [ 10.8924971, 49.5701129 ], [ 10.892502, 49.570039 ], [ 10.8925518, 49.5700404 ], [ 10.8925469, 49.5701143 ], [ 10.8924971, 49.5701129 ] ] ] } },
{ "type": "Feature", "properties": { "element": "way", "id": 1126732783, "addr:city": "Herzogenaurach", "addr:country": "DE", "addr:housenumber": "3", "addr:postcode": "91074", "addr:street": "Karl-Bröger-Straße", "building": "apartments", "amenity": null, "check_date:opening_hours": null, "cuisine": null, "indoor_seating": null, "name": null, "opening_hours": null, "outdoor_seating": null, "website": null, "wheelchair": null, "description": null, "leisure": null, "sport": null, "nohousenumber": null, "roof:shape": null, "air_conditioning": null, "building:levels": null, "diet:vegan": null, "diet:vegetarian": null, "payment:credit_cards": null, "payment:debit_cards": null, "phone": null, "roof:levels": null, "check_date": null, "email": null, "mobile": null, "shop": null, "denomination": null, "operator": null, "roof:colour": null, "capacity": null, "building:colour": null, "note": null, "source": null, "house": null, "roof:orientation": null, "layer": null, "compressed_air": null, "not:brand:wikidata": null, "religion": null, "contact:phone": null, "contact:website": null, "name:de": null, "name:en": null, "smoking": null, "name:signed": null, "tourism": null, "community_centre:for": null, "toilets:wheelchair": null, "url": null, "alt_name": null, "operator:wikidata": null, "power": null, "ref": null, "substation": null, "type": null }, "geometry": { "type": "Polygon", "coordinates": [ [ [ 10.8897752, 49.5703659 ], [ 10.8899488, 49.5703689 ], [ 10.8899531, 49.5702628 ], [ 10.8897796, 49.5702598 ], [ 10.8897752, 49.5703659 ] ] ] } },
{ "type": "Feature", "properties": { "element": "way", "id": 1230194544, "addr:city": "Herzogenaurach", "addr:country": "DE", "addr:housenumber": "5", "addr:postcode": "91074", "addr:street": "Kellergasse", "building": "yes", "amenity": null, "check_date:opening_hours": null, "cuisine": null, "indoor_seating": null, "name": null, "opening_hours": null, "outdoor_seating": null, "website": null, "wheelchair": null, "description": null, "leisure": null, "sport": null, "nohousenumber": null, "roof:shape": null, "air_conditioning": null, "building:levels": null, "diet:vegan": null, "diet:vegetarian": null, "payment:credit_cards": null, "payment:debit_cards": null, "phone": null, "roof:levels": null, "check_date": null, "email": null, "mobile": null, "shop": null, "denomination": null, "operator": null, "roof:colour": null, "capacity": null, "building:colour": null, "note": null, "source": null, "house": null, "roof:orientation": null, "layer": null, "compressed_air": null, "not:brand:wikidata": null, "religion": null, "contact:phone": null, "contact:website": null, "name:de": null, "name:en": null, "smoking": null, "name:signed": null, "tourism": null, "community_centre:for": null, "toilets:wheelchair": null, "url": null, "alt_name": null, "operator:wikidata": null, "power": null, "ref": null, "substation": null, "type": null }, "geometry": { "type": "Polygon", "coordinates": [ [ [ 10.8862307, 49.5673321 ], [ 10.886109, 49.567212 ], [ 10.8861472, 49.5671927 ], [ 10.8862175, 49.5671571 ], [ 10.8862862, 49.5672309 ], [ 10.8862386, 49.5672481 ], [ 10.8862915, 49.5673047 ], [ 10.8862307, 49.5673321 ] ] ] } },
{ "type": "Feature", "properties": { "element": "way", "id": 1230194545, "addr:city": "Herzogenaurach", "addr:country": "DE", "addr:housenumber": "9d", "addr:postcode": "91074", "addr:street": "Kellergasse", "building": "apartments", "amenity": null, "check_date:opening_hours": null, "cuisine": null, "indoor_seating": null, "name": null, "opening_hours": null, "outdoor_seating": null, "website": null, "wheelchair": null, "description": null, "leisure": null, "sport": null, "nohousenumber": null, "roof:shape": null, "air_conditioning": null, "building:levels": null, "diet:vegan": null, "diet:vegetarian": null, "payment:credit_cards": null, "payment:debit_cards": null, "phone": null, "roof:levels": null, "check_date": null, "email": null, "mobile": null, "shop": null, "denomination": null, "operator": null, "roof:colour": null, "capacity": null, "building:colour": null, "note": null, "source": null, "house": null, "roof:orientation": null, "layer": null, "compressed_air": null, "not:brand:wikidata": null, "religion": null, "contact:phone": null, "contact:website": null, "name:de": null, "name:en": null, "smoking": null, "name:signed": null, "tourism": null, "community_centre:for": null, "toilets:wheelchair": null, "url": null, "alt_name": null, "operator:wikidata": null, "power": null, "ref": null, "substation": null, "type": null }, "geometry": { "type": "Polygon", "coordinates": [ [ [ 10.8866709, 49.5670844 ], [ 10.8868339, 49.5670248 ], [ 10.8867375, 49.5668997 ], [ 10.8865699, 49.5669652 ], [ 10.8866078, 49.5670115 ], [ 10.8866709, 49.5670844 ] ] ] } },
{ "type": "Feature", "properties": { "element": "way", "id": 1230194546, "addr:city": "Herzogenaurach", "addr:country": "DE", "addr:housenumber": "9b", "addr:postcode": "91074", "addr:street": "Kellergasse", "building": "apartments", "amenity": null, "check_date:opening_hours": null, "cuisine": null, "indoor_seating": null, "name": null, "opening_hours": null, "outdoor_seating": null, "website": null, "wheelchair": null, "description": null, "leisure": null, "sport": null, "nohousenumber": null, "roof:shape": null, "air_conditioning": null, "building:levels": null, "diet:vegan": null, "diet:vegetarian": null, "payment:credit_cards": null, "payment:debit_cards": null, "phone": null, "roof:levels": null, "check_date": null, "email": null, "mobile": null, "shop": null, "denomination": null, "operator": null, "roof:colour": null, "capacity": null, "building:colour": null, "note": null, "source": null, "house": null, "roof:orientation": null, "layer": null, "compressed_air": null, "not:brand:wikidata": null, "religion": null, "contact:phone": null, "contact:website": null, "name:de": null, "name:en": null, "smoking": null, "name:signed": null, "tourism": null, "community_centre:for": null, "toilets:wheelchair": null, "url": null, "alt_name": null, "operator:wikidata": null, "power": null, "ref": null, "substation": null, "type": null }, "geometry": { "type": "Polygon", "coordinates": [ [ [ 10.8868834, 49.5669484 ], [ 10.8869507, 49.5669273 ], [ 10.8870763, 49.5668769 ], [ 10.887034, 49.5668317 ], [ 10.8869661, 49.5667593 ], [ 10.8867869, 49.5668278 ], [ 10.8868834, 49.5669484 ] ] ] } },
{ "type": "Feature", "properties": { "element": "way", "id": 1230194547, "addr:city": "Herzogenaurach", "addr:country": "DE", "addr:housenumber": "14", "addr:postcode": "91074", "addr:street": "Kellergasse", "building": "yes", "amenity": null, "check_date:opening_hours": null, "cuisine": null, "indoor_seating": null, "name": null, "opening_hours": null, "outdoor_seating": null, "website": null, "wheelchair": null, "description": null, "leisure": null, "sport": null, "nohousenumber": null, "roof:shape": null, "air_conditioning": null, "building:levels": null, "diet:vegan": null, "diet:vegetarian": null, "payment:credit_cards": null, "payment:debit_cards": null, "phone": null, "roof:levels": null, "check_date": null, "email": null, "mobile": null, "shop": null, "denomination": null, "operator": null, "roof:colour": null, "capacity": null, "building:colour": null, "note": null, "source": null, "house": null, "roof:orientation": null, "layer": null, "compressed_air": null, "not:brand:wikidata": null, "religion": null, "contact:phone": null, "contact:website": null, "name:de": null, "name:en": null, "smoking": null, "name:signed": null, "tourism": null, "community_centre:for": null, "toilets:wheelchair": null, "url": null, "alt_name": null, "operator:wikidata": null, "power": null, "ref": null, "substation": null, "type": null }, "geometry": { "type": "Polygon", "coordinates": [ [ [ 10.8873479, 49.5663758 ], [ 10.8872818, 49.5664138 ], [ 10.8872715, 49.5664197 ], [ 10.8871934, 49.5663586 ], [ 10.8872582, 49.5663125 ], [ 10.8873479, 49.5663758 ] ] ] } },
{ "type": "Feature", "properties": { "element": "way", "id": 1230194551, "addr:city": "Herzogenaurach", "addr:country": "DE", "addr:housenumber": "6", "addr:postcode": "91074", "addr:street": "Eichelmühlgasse", "building": "yes", "amenity": null, "check_date:opening_hours": null, "cuisine": null, "indoor_seating": null, "name": null, "opening_hours": null, "outdoor_seating": null, "website": null, "wheelchair": null, "description": null, "leisure": null, "sport": null, "nohousenumber": null, "roof:shape": null, "air_conditioning": null, "building:levels": null, "diet:vegan": null, "diet:vegetarian": null, "payment:credit_cards": null, "payment:debit_cards": null, "phone": null, "roof:levels": null, "check_date": null, "email": null, "mobile": null, "shop": null, "denomination": null, "operator": null, "roof:colour": null, "capacity": null, "building:colour": null, "note": null, "source": null, "house": null, "roof:orientation": null, "layer": null, "compressed_air": null, "not:brand:wikidata": null, "religion": null, "contact:phone": null, "contact:website": null, "name:de": null, "name:en": null, "smoking": null, "name:signed": null, "tourism": null, "community_centre:for": null, "toilets:wheelchair": null, "url": null, "alt_name": null, "operator:wikidata": null, "power": null, "ref": null, "substation": null, "type": null }, "geometry": { "type": "Polygon", "coordinates": [ [ [ 10.8888283, 49.5665234 ], [ 10.8887442, 49.5665813 ], [ 10.8886944, 49.566559 ], [ 10.8886409, 49.5665351 ], [ 10.8887368, 49.5664684 ], [ 10.8888283, 49.5665234 ] ] ] } },
{ "type": "Feature", "properties": { "element": "way", "id": 1230194552, "addr:city": "Herzogenaurach", "addr:country": "DE", "addr:housenumber": "10", "addr:postcode": "91074", "addr:street": "Eichelmühlgasse", "building": "yes", "amenity": null, "check_date:opening_hours": null, "cuisine": null, "indoor_seating": null, "name": null, "opening_hours": null, "outdoor_seating": null, "website": null, "wheelchair": null, "description": null, "leisure": null, "sport": null, "nohousenumber": null, "roof:shape": null, "air_conditioning": null, "building:levels": null, "diet:vegan": null, "diet:vegetarian": null, "payment:credit_cards": null, "payment:debit_cards": null, "phone": null, "roof:levels": null, "check_date": null, "email": null, "mobile": null, "shop": null, "denomination": null, "operator": null, "roof:colour": null, "capacity": null, "building:colour": null, "note": null, "source": null, "house": null, "roof:orientation": null, "layer": null, "compressed_air": null, "not:brand:wikidata": null, "religion": null, "contact:phone": null, "contact:website": null, "name:de": null, "name:en": null, "smoking": null, "name:signed": null, "tourism": null, "community_centre:for": null, "toilets:wheelchair": null, "url": null, "alt_name": null, "operator:wikidata": null, "power": null, "ref": null, "substation": null, "type": null }, "geometry": { "type": "Polygon", "coordinates": [ [ [ 10.8889401, 49.5664426 ], [ 10.8890221, 49.5663876 ], [ 10.888944, 49.5663325 ], [ 10.8888889, 49.56637 ], [ 10.8888533, 49.5663942 ], [ 10.8889401, 49.5664426 ] ] ] } },
{ "type": "Feature", "properties": { "element": "way", "id": 1231207503, "addr:city": "Herzogenaurach", "addr:country": "DE", "addr:housenumber": "6a", "addr:postcode": "91074", "addr:street": "Plonergasse", "building": "house", "amenity": null, "check_date:opening_hours": null, "cuisine": null, "indoor_seating": null, "name": null, "opening_hours": null, "outdoor_seating": null, "website": null, "wheelchair": null, "description": null, "leisure": null, "sport": null, "nohousenumber": null, "roof:shape": null, "air_conditioning": null, "building:levels": null, "diet:vegan": null, "diet:vegetarian": null, "payment:credit_cards": null, "payment:debit_cards": null, "phone": null, "roof:levels": null, "check_date": null, "email": null, "mobile": null, "shop": null, "denomination": null, "operator": null, "roof:colour": null, "capacity": null, "building:colour": null, "note": null, "source": null, "house": null, "roof:orientation": null, "layer": null, "compressed_air": null, "not:brand:wikidata": null, "religion": null, "contact:phone": null, "contact:website": null, "name:de": null, "name:en": null, "smoking": null, "name:signed": null, "tourism": null, "community_centre:for": null, "toilets:wheelchair": null, "url": null, "alt_name": null, "operator:wikidata": null, "power": null, "ref": null, "substation": null, "type": null }, "geometry": { "type": "Polygon", "coordinates": [ [ [ 10.8862905, 49.5701951 ], [ 10.886459, 49.570171 ], [ 10.8864172, 49.5700484 ], [ 10.8862488, 49.5700725 ], [ 10.8862905, 49.5701951 ] ] ] } },
{ "type": "Feature", "properties": { "element": "way", "id": 1231898067, "addr:city": null, "addr:country": null, "addr:housenumber": null, "addr:postcode": null, "addr:street": null, "building": "yes", "amenity": null, "check_date:opening_hours": null, "cuisine": null, "indoor_seating": null, "name": null, "opening_hours": null, "outdoor_seating": null, "website": null, "wheelchair": null, "description": null, "leisure": null, "sport": null, "nohousenumber": null, "roof:shape": null, "air_conditioning": null, "building:levels": null, "diet:vegan": null, "diet:vegetarian": null, "payment:credit_cards": null, "payment:debit_cards": null, "phone": null, "roof:levels": null, "check_date": null, "email": null, "mobile": null, "shop": null, "denomination": null, "operator": null, "roof:colour": null, "capacity": null, "building:colour": null, "note": null, "source": null, "house": null, "roof:orientation": null, "layer": null, "compressed_air": null, "not:brand:wikidata": null, "religion": null, "contact:phone": null, "contact:website": null, "name:de": null, "name:en": null, "smoking": null, "name:signed": null, "tourism": null, "community_centre:for": null, "toilets:wheelchair": null, "url": null, "alt_name": null, "operator:wikidata": null, "power": null, "ref": null, "substation": null, "type": null }, "geometry": { "type": "Polygon", "coordinates": [ [ [ 10.8855826, 49.5700092 ], [ 10.8858017, 49.5699429 ], [ 10.8857346, 49.5698497 ], [ 10.8856505, 49.5698752 ], [ 10.8856523, 49.569923 ], [ 10.8855437, 49.5699565 ], [ 10.8855826, 49.5700092 ] ] ] } },
{ "type": "Feature", "properties": { "element": "way", "id": 1231898068, "addr:city": null, "addr:country": null, "addr:housenumber": null, "addr:postcode": null, "addr:street": null, "building": "yes", "amenity": null, "check_date:opening_hours": null, "cuisine": null, "indoor_seating": null, "name": null, "opening_hours": null, "outdoor_seating": null, "website": null, "wheelchair": null, "description": null, "leisure": null, "sport": null, "nohousenumber": null, "roof:shape": null, "air_conditioning": null, "building:levels": null, "diet:vegan": null, "diet:vegetarian": null, "payment:credit_cards": null, "payment:debit_cards": null, "phone": null, "roof:levels": null, "check_date": null, "email": null, "mobile": null, "shop": null, "denomination": null, "operator": null, "roof:colour": null, "capacity": null, "building:colour": null, "note": null, "source": null, "house": null, "roof:orientation": null, "layer": null, "compressed_air": null, "not:brand:wikidata": null, "religion": null, "contact:phone": null, "contact:website": null, "name:de": null, "name:en": null, "smoking": null, "name:signed": null, "tourism": null, "community_centre:for": null, "toilets:wheelchair": null, "url": null, "alt_name": null, "operator:wikidata": null, "power": null, "ref": null, "substation": null, "type": null }, "geometry": { "type": "Polygon", "coordinates": [ [ [ 10.8855826, 49.5700092 ], [ 10.8855952, 49.5700263 ], [ 10.8855498, 49.5700404 ], [ 10.8854724, 49.5700645 ], [ 10.8854611, 49.5700492 ], [ 10.8854209, 49.5699947 ], [ 10.8854455, 49.5699871 ], [ 10.8855437, 49.5699565 ], [ 10.8855826, 49.5700092 ] ] ] } },
{ "type": "Feature", "properties": { "element": "way", "id": 1231898069, "addr:city": null, "addr:country": null, "addr:housenumber": null, "addr:postcode": null, "addr:street": null, "building": "yes", "amenity": null, "check_date:opening_hours": null, "cuisine": null, "indoor_seating": null, "name": null, "opening_hours": null, "outdoor_seating": null, "website": null, "wheelchair": null, "description": null, "leisure": null, "sport": null, "nohousenumber": null, "roof:shape": null, "air_conditioning": null, "building:levels": null, "diet:vegan": null, "diet:vegetarian": null, "payment:credit_cards": null, "payment:debit_cards": null, "phone": null, "roof:levels": null, "check_date": null, "email": null, "mobile": null, "shop": null, "denomination": null, "operator": null, "roof:colour": null, "capacity": null, "building:colour": null, "note": null, "source": null, "house": null, "roof:orientation": null, "layer": null, "compressed_air": null, "not:brand:wikidata": null, "religion": null, "contact:phone": null, "contact:website": null, "name:de": null, "name:en": null, "smoking": null, "name:signed": null, "tourism": null, "community_centre:for": null, "toilets:wheelchair": null, "url": null, "alt_name": null, "operator:wikidata": null, "power": null, "ref": null, "substation": null, "type": null }, "geometry": { "type": "Polygon", "coordinates": [ [ [ 10.8854611, 49.5700492 ], [ 10.8853013, 49.5701051 ], [ 10.8852258, 49.5700311 ], [ 10.8854171, 49.5699594 ], [ 10.8854455, 49.5699871 ], [ 10.8854209, 49.5699947 ], [ 10.8854611, 49.5700492 ] ] ] } },
{ "type": "Feature", "properties": { "element": "way", "id": 1231902781, "addr:city": "Herzogenaurach", "addr:country": "DE", "addr:housenumber": "14", "addr:postcode": "91074", "addr:street": "Cyprianstraße", "building": "yes", "amenity": null, "check_date:opening_hours": null, "cuisine": null, "indoor_seating": null, "name": null, "opening_hours": null, "outdoor_seating": null, "website": null, "wheelchair": null, "description": null, "leisure": null, "sport": null, "nohousenumber": null, "roof:shape": null, "air_conditioning": null, "building:levels": null, "diet:vegan": null, "diet:vegetarian": null, "payment:credit_cards": null, "payment:debit_cards": null, "phone": null, "roof:levels": null, "check_date": null, "email": null, "mobile": null, "shop": null, "denomination": null, "operator": null, "roof:colour": null, "capacity": null, "building:colour": null, "note": null, "source": null, "house": null, "roof:orientation": null, "layer": null, "compressed_air": null, "not:brand:wikidata": null, "religion": null, "contact:phone": null, "contact:website": null, "name:de": null, "name:en": null, "smoking": null, "name:signed": null, "tourism": null, "community_centre:for": null, "toilets:wheelchair": null, "url": null, "alt_name": null, "operator:wikidata": null, "power": null, "ref": null, "substation": null, "type": null }, "geometry": { "type": "Polygon", "coordinates": [ [ [ 10.8872288, 49.5682511 ], [ 10.8870647, 49.568277 ], [ 10.8870357, 49.5681999 ], [ 10.8871998, 49.568174 ], [ 10.8872288, 49.5682511 ] ] ] } },
{ "type": "Feature", "properties": { "element": "way", "id": 1231902782, "addr:city": "Herzogenaurach", "addr:country": "DE", "addr:housenumber": "8", "addr:postcode": "91074", "addr:street": "Flurstraße", "building": "yes", "amenity": null, "check_date:opening_hours": null, "cuisine": null, "indoor_seating": null, "name": null, "opening_hours": null, "outdoor_seating": null, "website": null, "wheelchair": null, "description": null, "leisure": null, "sport": null, "nohousenumber": null, "roof:shape": null, "air_conditioning": null, "building:levels": null, "diet:vegan": null, "diet:vegetarian": null, "payment:credit_cards": null, "payment:debit_cards": null, "phone": null, "roof:levels": null, "check_date": null, "email": null, "mobile": null, "shop": null, "denomination": null, "operator": null, "roof:colour": null, "capacity": null, "building:colour": null, "note": null, "source": null, "house": null, "roof:orientation": null, "layer": null, "compressed_air": null, "not:brand:wikidata": null, "religion": null, "contact:phone": null, "contact:website": null, "name:de": null, "name:en": null, "smoking": null, "name:signed": null, "tourism": null, "community_centre:for": null, "toilets:wheelchair": null, "url": null, "alt_name": null, "operator:wikidata": null, "power": null, "ref": null, "substation": null, "type": null }, "geometry": { "type": "Polygon", "coordinates": [ [ [ 10.8871373, 49.5691605 ], [ 10.8873569, 49.5691116 ], [ 10.8873036, 49.5690109 ], [ 10.887084, 49.5690597 ], [ 10.8871373, 49.5691605 ] ] ] } },
{ "type": "Feature", "properties": { "element": "way", "id": 1231902784, "addr:city": "Herzogenaurach", "addr:country": "DE", "addr:housenumber": "5", "addr:postcode": "91074", "addr:street": "Cyprianstraße", "building": "yes", "amenity": null, "check_date:opening_hours": null, "cuisine": null, "indoor_seating": null, "name": null, "opening_hours": null, "outdoor_seating": null, "website": null, "wheelchair": null, "description": null, "leisure": null, "sport": null, "nohousenumber": null, "roof:shape": null, "air_conditioning": null, "building:levels": null, "diet:vegan": null, "diet:vegetarian": null, "payment:credit_cards": null, "payment:debit_cards": null, "phone": null, "roof:levels": null, "check_date": null, "email": null, "mobile": null, "shop": null, "denomination": null, "operator": null, "roof:colour": null, "capacity": null, "building:colour": null, "note": null, "source": null, "house": null, "roof:orientation": null, "layer": null, "compressed_air": null, "not:brand:wikidata": null, "religion": null, "contact:phone": null, "contact:website": null, "name:de": null, "name:en": null, "smoking": null, "name:signed": null, "tourism": null, "community_centre:for": null, "toilets:wheelchair": null, "url": null, "alt_name": null, "operator:wikidata": null, "power": null, "ref": null, "substation": null, "type": null }, "geometry": { "type": "Polygon", "coordinates": [ [ [ 10.8855047, 49.5686773 ], [ 10.8856109, 49.5686583 ], [ 10.885572, 49.5685668 ], [ 10.8854657, 49.5685858 ], [ 10.8855047, 49.5686773 ] ] ] } },
{ "type": "Feature", "properties": { "element": "way", "id": 1231902785, "addr:city": "Herzogenaurach", "addr:country": "DE", "addr:housenumber": "4", "addr:postcode": "91074", "addr:street": "Zum Flughafen", "building": "yes", "amenity": null, "check_date:opening_hours": null, "cuisine": null, "indoor_seating": null, "name": null, "opening_hours": null, "outdoor_seating": null, "website": null, "wheelchair": null, "description": null, "leisure": null, "sport": null, "nohousenumber": null, "roof:shape": null, "air_conditioning": null, "building:levels": null, "diet:vegan": null, "diet:vegetarian": null, "payment:credit_cards": null, "payment:debit_cards": null, "phone": null, "roof:levels": null, "check_date": null, "email": null, "mobile": null, "shop": null, "denomination": null, "operator": null, "roof:colour": null, "capacity": null, "building:colour": null, "note": null, "source": null, "house": null, "roof:orientation": null, "layer": null, "compressed_air": null, "not:brand:wikidata": null, "religion": null, "contact:phone": null, "contact:website": null, "name:de": null, "name:en": null, "smoking": null, "name:signed": null, "tourism": null, "community_centre:for": null, "toilets:wheelchair": null, "url": null, "alt_name": null, "operator:wikidata": null, "power": null, "ref": null, "substation": null, "type": null }, "geometry": { "type": "Polygon", "coordinates": [ [ [ 10.8848487, 49.5683787 ], [ 10.8849788, 49.568352 ], [ 10.8849425, 49.5682776 ], [ 10.8848124, 49.5683044 ], [ 10.8848487, 49.5683787 ] ] ] } },
{ "type": "Feature", "properties": { "element": "way", "id": 1232402071, "addr:city": "Herzogenaurach", "addr:country": "DE", "addr:housenumber": "2a", "addr:postcode": "91074", "addr:street": "Cyprianstraße", "building": "yes", "amenity": null, "check_date:opening_hours": null, "cuisine": null, "indoor_seating": null, "name": null, "opening_hours": null, "outdoor_seating": null, "website": null, "wheelchair": null, "description": null, "leisure": null, "sport": null, "nohousenumber": null, "roof:shape": null, "air_conditioning": null, "building:levels": null, "diet:vegan": null, "diet:vegetarian": null, "payment:credit_cards": null, "payment:debit_cards": null, "phone": null, "roof:levels": null, "check_date": null, "email": null, "mobile": null, "shop": null, "denomination": null, "operator": null, "roof:colour": null, "capacity": null, "building:colour": null, "note": null, "source": null, "house": null, "roof:orientation": null, "layer": null, "compressed_air": null, "not:brand:wikidata": null, "religion": null, "contact:phone": null, "contact:website": null, "name:de": null, "name:en": null, "smoking": null, "name:signed": null, "tourism": null, "community_centre:for": null, "toilets:wheelchair": null, "url": null, "alt_name": null, "operator:wikidata": null, "power": null, "ref": null, "substation": null, "type": null }, "geometry": { "type": "Polygon", "coordinates": [ [ [ 10.8850269, 49.5684933 ], [ 10.8850383, 49.5685502 ], [ 10.8853536, 49.5685236 ], [ 10.8853331, 49.5684212 ], [ 10.8853097, 49.5684231 ], [ 10.885293, 49.5683401 ], [ 10.8851743, 49.5683501 ], [ 10.8852001, 49.5684787 ], [ 10.8850269, 49.5684933 ] ] ] } }
]
}
