{
"type": "FeatureCollection",
"name": "roads",
"crs": { "type": "name", "properties": { "name": "urn:ogc:def:crs:OGC:1.3:CRS84" } },
"features": [
{ "type": "Feature", "properties": { "u": 28099593, "v": 7257519056, "key": 0, "osmid": "30604958", "highway": "tertiary", "lanes": "2", "maxspeed": "50", "name": "Zum Flughafen", "ref": "ERH 3", "oneway": false, "reversed": "True", "length": 49.291934660132988, "junction": null, "width": null, "service": null, "access": null, "bridge": null }, "geometry": { "type": "LineString", "coordinates": [ [ 10.892351, 49.5717692 ], [ 10.8920463, 49.5716476 ], [ 10.8917522, 49.5715567 ] ] } },
{ "type": "Feature", "properties": { "u": 28099609, "v": 332262767, "key": 0, "osmid": "4743476", "highway": "tertiary", "lanes": "2", "maxspeed": null, "name": "Erlanger Straße", "ref": "ERH 14", "oneway": false, "reversed": "False", "length": 8.1992361709627524, "junction": null, "width": null, "service": null, "access": null, "bridge": null }, "geometry": { "type": "LineString", "coordinates": [ [ 10.8849332, 49.5675792 ], [ 10.884897, 49.5676491 ] ] } },
{ "type": "Feature", "properties": { "u": 28099609, "v": 561530343, "key": 0, "osmid": "27861535", "highway": "tertiary", "lanes": "1", "maxspeed": null, "name": null, "ref": "ERH 3", "oneway": true, "reversed": "False", "length": 17.923771264487769, "junction": "roundabout", "width": "6", "service": null, "access": null, "bridge": null }, "geometry": { "type": "LineString", "coordinates": [ [ 10.8849332, 49.5675792 ], [ 10.884881, 49.56757 ], [ 10.8848419, 49.5675513 ], [ 10.8848147, 49.5675251 ], [ 10.8848026, 49.5674946 ], [ 10.8848069, 49.5674632 ] ] } },
{ "type": "Feature", "properties": { "u": 28099683, "v": 258070981, "key": 0, "osmid": [ 4743474, 314737932 ], "highway": "tertiary", "lanes": "2", "maxspeed": "50", "name": "Zum Flughafen", "ref": "ERH 3", "oneway": false, "reversed": "False", "length": 74.640333677286094, "junction": null, "width": null, "service": null, "access": null, "bridge": null }, "geometry": { "type": "LineString", "coordinates": [ [ 10.8845922, 49.5679741 ], [ 10.8845919, 49.5680298 ], [ 10.8846166, 49.5680893 ], [ 10.8846548, 49.568148 ], [ 10.884725, 49.5682361 ], [ 10.8847758, 49.5683782 ], [ 10.8848411, 49.5686197 ] ] } },
{ "type": "Feature", "properties": { "u": 28099683, "v": 332262767, "key": 0, "osmid": [ 314737931, 4743476 ], "highway": "tertiary", "lanes": "2", "maxspeed": "50", "name": "Erlanger Straße", "ref": "ERH 14", "oneway": false, "reversed": "True", "length": 42.431708816988888, "junction": null, "width": null, "service": null, "access": null, "bridge": null }, "geometry": { "type": "LineString", "coordinates": [ [ 10.8845922, 49.5679741 ], [ 10.8846337, 49.5679104 ], [ 10.8847832, 49.5677744 ], [ 10.884897, 49.5676491 ] ] } },
{ "type": "Feature", "properties": { "u": 28099684, "v": 3835514257, "key": 0, "osmid": "380209349", "highway": "footway", "lanes": null, "maxspeed": null, "name": null, "ref": null, "oneway": false, "reversed": "False", "length": 4.5626504554453415, "junction": null, "width": null, "service": null, "access": null, "bridge": null }, "geometry": { "type": "LineString", "coordinates": [ [ 10.8882178, 49.5701353 ], [ 10.8881883, 49.5701716 ] ] } },
{ "type": "Feature", "properties": { "u": 28099684, "v": 3835514250, "key": 0, "osmid": "380209349", "highway": "footway", "lanes": null, "maxspeed": null, "name": null, "ref": null, "oneway": false, "reversed": "True", "length": 4.8098293203360303, "junction": null, "width": null, "service": null, "access": null, "bridge": null }, "geometry": { "type": "LineString", "coordinates": [ [ 10.8882178, 49.5701353 ], [ 10.8882488, 49.570097 ] ] } },
{ "type": "Feature", "properties": { "u": 28099684, "v": 250748547, "key": 0, "osmid": "545009095", "highway": "tertiary", "lanes": "2", "maxspeed": "50", "name": "Zum Flughafen", "ref": "ERH 3", "oneway": false, "reversed": "False", "length": 22.506618691994092, "junction": null, "width": null, "service": null, "access": null, "bridge": null }, "geometry": { "type": "LineString", "coordinates": [ [ 10.8882178, 49.5701353 ], [ 10.88824, 49.5701429 ], [ 10.8882639, 49.5701511 ], [ 10.8883598, 49.57019 ], [ 10.8884758, 49.5702484 ] ] } },
{ "type": "Feature", "properties": { "u": 28099684, "v": 8796180645, "key": 0, "osmid": [ 545009096, 545009095 ], "highway": "tertiary", "lanes": "2", "maxspeed": "50", "name": "Zum Flughafen", "ref": "ERH 3", "oneway": false, "reversed": "True", "length": 173.00911567275941, "junction": null, "width": null, "service": null, "access": null, "bridge": null }, "geometry": { "type": "LineString", "coordinates": [ [ 10.8882178, 49.5701353 ], [ 10.8881831, 49.5701234 ], [ 10.8878465, 49.5700262 ], [ 10.8874437, 49.5699101 ], [ 10.8860249, 49.5695043 ] ] } },
{ "type": "Feature", "properties": { "u": 28099738, "v": 332262766, "key": 0, "osmid": "329597825", "highway": "residential", "lanes": null, "maxspeed": "30", "name": "Erlanger Straße", "ref": null, "oneway": false, "reversed": "True", "length": 5.2489235022983234, "junction": null, "width": "7", "service": null, "access": null, "bridge": null }, "geometry": { "type": "LineString", "coordinates": [ [ 10.8850665, 49.5675365 ], [ 10.8851289, 49.5675608 ] ] } },
{ "type": "Feature", "properties": { "u": 28099738, "v": 28099609, "key": 0, "osmid": "27861535", "highway": "tertiary", "lanes": "1", "maxspeed": null, "name": null, "ref": "ERH 3", "oneway": true, "reversed": "False", "length": 11.230390546609401, "junction": "roundabout", "width": "6", "service": null, "access": null, "bridge": null }, "geometry": { "type": "LineString", "coordinates": [ [ 10.8850665, 49.5675365 ], [ 10.8850298, 49.567562 ], [ 10.8849812, 49.567577 ], [ 10.8849332, 49.5675792 ] ] } },
{ "type": "Feature", "properties": { "u": 249089600, "v": 249089722, "key": 0, "osmid": "23077161", "highway": "service", "lanes": null, "maxspeed": "30", "name": null, "ref": null, "oneway": false, "reversed": "False", "length": 7.7723677635176021, "junction": null, "width": null, "service": null, "access": null, "bridge": null }, "geometry": { "type": "LineString", "coordinates": [ [ 10.8852105, 49.5667396 ], [ 10.8851028, 49.5667422 ] ] } },
{ "type": "Feature", "properties": { "u": 249089600, "v": 332262769, "key": 0, "osmid": "314737909", "highway": "tertiary", "lanes": "2", "maxspeed": null, "name": "Bahnhofstraße", "ref": "ERH 3", "oneway": false, "reversed": "False", "length": 66.622935292468199, "junction": null, "width": null, "service": null, "access": null, "bridge": null }, "geometry": { "type": "LineString", "coordinates": [ [ 10.8852105, 49.5667396 ], [ 10.8851845, 49.567062 ], [ 10.8851491, 49.567179 ], [ 10.885106, 49.5672604 ], [ 10.8850612, 49.5673252 ] ] } },
{ "type": "Feature", "properties": { "u": 249089722, "v": 249089600, "key": 0, "osmid": "23077161", "highway": "service", "lanes": null, "maxspeed": "30", "name": null, "ref": null, "oneway": false, "reversed": "True", "length": 7.7723677635176021, "junction": null, "width": null, "service": null, "access": null, "bridge": null }, "geometry": { "type": "LineString", "coordinates": [ [ 10.8851028, 49.5667422 ], [ 10.8852105, 49.5667396 ] ] } },
{ "type": "Feature", "properties": { "u": 249089722, "v": 2752741427, "key": 0, "osmid": "381856964", "highway": "footway", "lanes": null, "maxspeed": null, "name": null, "ref": null, "oneway": false, "reversed": "True", "length": 7.6292114478724438, "junction": null, "width": null, "service": null, "access": null, "bridge": null }, "geometry": { "type": "LineString", "coordinates": [ [ 10.8851028, 49.5667422 ], [ 10.8850559, 49.5668037 ] ] } },
{ "type": "Feature", "properties": { "u": 249089722, "v": 2752741419, "key": 0, "osmid": "863032638", "highway": "cycleway", "lanes": null, "maxspeed": null, "name": null, "ref": null, "oneway": false, "reversed": "False", "length": 64.336716877512259, "junction": null, "width": "1", "service": null, "access": null, "bridge": null }, "geometry": { "type": "LineString", "coordinates": [ [ 10.8851028, 49.5667422 ], [ 10.8850971, 49.5668039 ], [ 10.8850865, 49.5668385 ], [ 10.8850822, 49.5668876 ], [ 10.8850833, 49.5669471 ], [ 10.8850833, 49.5670218 ], [ 10.8850705, 49.5670869 ], [ 10.8850587, 49.5671346 ], [ 10.885032, 49.5672004 ], [ 10.8850075, 49.5672516 ], [ 10.8849851, 49.567282 ], [ 10.8849482, 49.5672981 ] ] } },
{ "type": "Feature", "properties": { "u": 250748547, "v": 331317091, "key": 0, "osmid": "24869095", "highway": "residential", "lanes": null, "maxspeed": "30", "name": "Glockengasse", "ref": null, "oneway": false, "reversed": "False", "length": 7.6613548429610834, "junction": null, "width": "5.5", "service": null, "access": null, "bridge": null }, "geometry": { "type": "LineString", "coordinates": [ [ 10.8884758, 49.5702484 ], [ 10.888476, 49.5701795 ] ] } },
{ "type": "Feature", "properties": { "u": 250748547, "v": 331317070, "key": 0, "osmid": "24869099", "highway": "residential", "lanes": null, "maxspeed": "30", "name": "Hans-Sachs-Straße", "ref": null, "oneway": false, "reversed": "True", "length": 8.0527092894484191, "junction": null, "width": "6", "service": null, "access": null, "bridge": null }, "geometry": { "type": "LineString", "coordinates": [ [ 10.8884758, 49.5702484 ], [ 10.8884466, 49.5703183 ] ] } },
{ "type": "Feature", "properties": { "u": 250748547, "v": 338748714, "key": 0, "osmid": "30604958", "highway": "tertiary", "lanes": "2", "maxspeed": "50", "name": "Zum Flughafen", "ref": "ERH 3", "oneway": false, "reversed": "False", "length": 101.15004898290033, "junction": null, "width": null, "service": null, "access": null, "bridge": null }, "geometry": { "type": "LineString", "coordinates": [ [ 10.8884758, 49.5702484 ], [ 10.8888019, 49.5704734 ], [ 10.8890861, 49.5706819 ], [ 10.8893292, 49.5708236 ], [ 10.8894635, 49.5708918 ] ] } },
{ "type": "Feature", "properties": { "u": 250748547, "v": 28099684, "key": 0, "osmid": "545009095", "highway": "tertiary", "lanes": "2", "maxspeed": "50", "name": "Zum Flughafen", "ref": "ERH 3", "oneway": false, "reversed": "True", "length": 22.506618691994092, "junction": null, "width": null, "service": null, "access": null, "bridge": null }, "geometry": { "type": "LineString", "coordinates": [ [ 10.8884758, 49.5702484 ], [ 10.8883598, 49.57019 ], [ 10.8882639, 49.5701511 ], [ 10.88824, 49.5701429 ], [ 10.8882178, 49.5701353 ] ] } },
{ "type": "Feature", "properties": { "u": 250748548, "v": 331317091, "key": 0, "osmid": "24869095", "highway": "residential", "lanes": null, "maxspeed": "30", "name": "Glockengasse", "ref": null, "oneway": false, "reversed": "True", "length": 8.6312645992766033, "junction": null, "width": "5.5", "service": null, "access": null, "bridge": null }, "geometry": { "type": "LineString", "coordinates": [ [ 10.8884482, 49.570104 ], [ 10.888476, 49.5701795 ] ] } },
{ "type": "Feature", "properties": { "u": 250748548, "v": 3835525719, "key": 0, "osmid": "24869225", "highway": "path", "lanes": null, "maxspeed": null, "name": null, "ref": null, "oneway": false, "reversed": "False", "length": 2.1097211222674193, "junction": null, "width": null, "service": null, "access": null, "bridge": null }, "geometry": { "type": "LineString", "coordinates": [ [ 10.8884482, 49.570104 ], [ 10.8884762, 49.5700985 ] ] } },
{ "type": "Feature", "properties": { "u": 250748548, "v": 3835514254, "key": 0, "osmid": "380210485", "highway": "footway", "lanes": null, "maxspeed": null, "name": null, "ref": null, "oneway": false, "reversed": "True", "length": 2.7064780431213187, "junction": null, "width": null, "service": null, "access": null, "bridge": null }, "geometry": { "type": "LineString", "coordinates": [ [ 10.8884482, 49.570104 ], [ 10.8884109, 49.5701067 ] ] } },
{ "type": "Feature", "properties": { "u": 250748548, "v": 250748553, "key": 0, "osmid": "24869095", "highway": "residential", "lanes": null, "maxspeed": "30", "name": "Glockengasse", "ref": null, "oneway": false, "reversed": "False", "length": 222.35539618613598, "junction": null, "width": "5.5", "service": null, "access": null, "bridge": null }, "geometry": { "type": "LineString", "coordinates": [ [ 10.8884482, 49.570104 ], [ 10.8880179, 49.5696462 ], [ 10.8877634, 49.5693176 ], [ 10.8876941, 49.5691884 ], [ 10.8876612, 49.5690739 ], [ 10.8876098, 49.5688568 ], [ 10.8875881, 49.568697 ], [ 10.8875761, 49.5685336 ], [ 10.8875643, 49.5684454 ], [ 10.8874985, 49.5682394 ] ] } },
{ "type": "Feature", "properties": { "u": 250748553, "v": 3867609172, "key": 0, "osmid": "23815064", "highway": "residential", "lanes": null, "maxspeed": "30", "name": "Cyprianstraße", "ref": null, "oneway": false, "reversed": "False", "length": 8.0903356490369127, "junction": null, "width": "5", "service": null, "access": null, "bridge": null }, "geometry": { "type": "LineString", "coordinates": [ [ 10.8874985, 49.5682394 ], [ 10.8873892, 49.5682558 ] ] } },
{ "type": "Feature", "properties": { "u": 250748553, "v": 3867609169, "key": 0, "osmid": "24869095", "highway": "residential", "lanes": null, "maxspeed": "30", "name": "Glockengasse", "ref": null, "oneway": false, "reversed": "False", "length": 75.078615643505486, "junction": null, "width": "5.5", "service": null, "access": null, "bridge": null }, "geometry": { "type": "LineString", "coordinates": [ [ 10.8874985, 49.5682394 ], [ 10.8873334, 49.5677532 ], [ 10.8872384, 49.5675869 ] ] } },
{ "type": "Feature", "properties": { "u": 250748553, "v": 250748548, "key": 0, "osmid": "24869095", "highway": "residential", "lanes": null, "maxspeed": "30", "name": "Glockengasse", "ref": null, "oneway": false, "reversed": "True", "length": 222.35539618613598, "junction": null, "width": "5.5", "service": null, "access": null, "bridge": null }, "geometry": { "type": "LineString", "coordinates": [ [ 10.8874985, 49.5682394 ], [ 10.8875643, 49.5684454 ], [ 10.8875761, 49.5685336 ], [ 10.8875881, 49.568697 ], [ 10.8876098, 49.5688568 ], [ 10.8876612, 49.5690739 ], [ 10.8876941, 49.5691884 ], [ 10.8877634, 49.5693176 ], [ 10.8880179, 49.5696462 ], [ 10.8884482, 49.570104 ] ] } },
{ "type": "Feature", "properties": { "u": 250748560, "v": 332262766, "key": 0, "osmid": "329597825", "highway": "residential", "lanes": null, "maxspeed": "30", "name": "Erlanger Straße", "ref": null, "oneway": false, "reversed": "False", "length": 6.786663335384282, "junction": null, "width": "7", "service": null, "access": null, "bridge": null }, "geometry": { "type": "LineString", "coordinates": [ [ 10.8852126, 49.5675887 ], [ 10.8851289, 49.5675608 ] ] } },
{ "type": "Feature", "properties": { "u": 250748560, "v": 727734905, "key": 0, "osmid": "329597825", "highway": "residential", "lanes": null, "maxspeed": "30", "name": "Erlanger Straße", "ref": null, "oneway": false, "reversed": "True", "length": 4.5304094137563213, "junction": null, "width": "7", "service": null, "access": null, "bridge": null }, "geometry": { "type": "LineString", "coordinates": [ [ 10.8852126, 49.5675887 ], [ 10.8852668, 49.5676093 ] ] } },
{ "type": "Feature", "properties": { "u": 250748560, "v": 3867610367, "key": 0, "osmid": "146456516", "highway": "residential", "lanes": null, "maxspeed": "30", "name": "Kellergasse", "ref": null, "oneway": true, "reversed": "False", "length": 11.325690052902459, "junction": null, "width": "5", "service": null, "access": null, "bridge": null }, "geometry": { "type": "LineString", "coordinates": [ [ 10.8852126, 49.5675887 ], [ 10.8852769, 49.5675171 ], [ 10.8853011, 49.5675064 ] ] } },
{ "type": "Feature", "properties": { "u": 258070978, "v": 729847560, "key": 0, "osmid": "23815064", "highway": "residential", "lanes": null, "maxspeed": "30", "name": "Cyprianstraße", "ref": null, "oneway": false, "reversed": "True", "length": 72.431438485376489, "junction": null, "width": "5", "service": null, "access": null, "bridge": null }, "geometry": { "type": "LineString", "coordinates": [ [ 10.8857425, 49.568504 ], [ 10.8867207, 49.5683562 ] ] } },
{ "type": "Feature", "properties": { "u": 258070978, "v": 11425621685, "key": 0, "osmid": [ 1231902783, 23815063 ], "highway": [ "service", "residential" ], "lanes": null, "maxspeed": "30", "name": "Störcher Straße", "ref": null, "oneway": false, "reversed": "False", "length": 73.390300385281833, "junction": null, "width": "6", "service": "driveway", "access": null, "bridge": null }, "geometry": { "type": "LineString", "coordinates": [ [ 10.8857425, 49.568504 ], [ 10.8858832, 49.5687354 ], [ 10.8859585, 49.5687631 ], [ 10.8860686, 49.5687778 ], [ 10.886183, 49.5687824 ], [ 10.8862715, 49.5687737 ], [ 10.8863332, 49.5689181 ] ] } },
{ "type": "Feature", "properties": { "u": 258070978, "v": 3867609967, "key": 0, "osmid": "23815063", "highway": "residential", "lanes": null, "maxspeed": "30", "name": "Störcher Straße", "ref": null, "oneway": false, "reversed": "True", "length": 100.16819720585478, "junction": null, "width": "6", "service": null, "access": null, "bridge": null }, "geometry": { "type": "LineString", "coordinates": [ [ 10.8857425, 49.568504 ], [ 10.8856664, 49.5683598 ], [ 10.8852496, 49.5676619 ] ] } },
{ "type": "Feature", "properties": { "u": 258070978, "v": 3867609970, "key": 0, "osmid": "23815064", "highway": "residential", "lanes": null, "maxspeed": "30", "name": "Cyprianstraße", "ref": null, "oneway": false, "reversed": "False", "length": 62.652524921172855, "junction": null, "width": "5", "service": null, "access": null, "bridge": null }, "geometry": { "type": "LineString", "coordinates": [ [ 10.8857425, 49.568504 ], [ 10.8852766, 49.5685699 ], [ 10.8848906, 49.568614 ] ] } },
{ "type": "Feature", "properties": { "u": 258070981, "v": 3867609970, "key": 0, "osmid": "23815064", "highway": "residential", "lanes": null, "maxspeed": "30", "name": "Cyprianstraße", "ref": null, "oneway": false, "reversed": "True", "length": 3.6254807247383707, "junction": null, "width": "5", "service": null, "access": null, "bridge": null }, "geometry": { "type": "LineString", "coordinates": [ [ 10.8848411, 49.5686197 ], [ 10.8848906, 49.568614 ] ] } },
{ "type": "Feature", "properties": { "u": 258070981, "v": 28099683, "key": 0, "osmid": [ 4743474, 314737932 ], "highway": "tertiary", "lanes": "2", "maxspeed": "50", "name": "Zum Flughafen", "ref": "ERH 3", "oneway": false, "reversed": "True", "length": 74.640333677286094, "junction": null, "width": null, "service": null, "access": null, "bridge": null }, "geometry": { "type": "LineString", "coordinates": [ [ 10.8848411, 49.5686197 ], [ 10.8847758, 49.5683782 ], [ 10.884725, 49.5682361 ], [ 10.8846548, 49.568148 ], [ 10.8846166, 49.5680893 ], [ 10.8845919, 49.5680298 ], [ 10.8845922, 49.5679741 ] ] } },
{ "type": "Feature", "properties": { "u": 258070981, "v": 258070982, "key": 0, "osmid": "545009096", "highway": "tertiary", "lanes": "2", "maxspeed": "50", "name": "Zum Flughafen", "ref": "ERH 3", "oneway": false, "reversed": "False", "length": 47.67714330971458, "junction": null, "width": null, "service": null, "access": null, "bridge": null }, "geometry": { "type": "LineString", "coordinates": [ [ 10.8848411, 49.5686197 ], [ 10.8848893, 49.5688563 ], [ 10.8849349, 49.5690441 ] ] } },
{ "type": "Feature", "properties": { "u": 258070982, "v": 3867610370, "key": 0, "osmid": "23815065", "highway": "residential", "lanes": null, "maxspeed": "30", "name": "Am Hallertürlein", "ref": null, "oneway": false, "reversed": "False", "length": 3.7823331047124396, "junction": null, "width": "6.5", "service": null, "access": null, "bridge": null }, "geometry": { "type": "LineString", "coordinates": [ [ 10.8849349, 49.5690441 ], [ 10.8849026, 49.5690709 ] ] } },
{ "type": "Feature", "properties": { "u": 258070982, "v": 338728896, "key": 0, "osmid": "545009096", "highway": "tertiary", "lanes": "2", "maxspeed": "50", "name": "Zum Flughafen", "ref": "ERH 3", "oneway": false, "reversed": "False", "length": 37.922816368453503, "junction": null, "width": null, "service": null, "access": null, "bridge": null }, "geometry": { "type": "LineString", "coordinates": [ [ 10.8849349, 49.5690441 ], [ 10.8850342, 49.5691363 ], [ 10.8851609, 49.569222 ], [ 10.8852899, 49.5692932 ] ] } },
{ "type": "Feature", "properties": { "u": 258070982, "v": 258070981, "key": 0, "osmid": "545009096", "highway": "tertiary", "lanes": "2", "maxspeed": "50", "name": "Zum Flughafen", "ref": "ERH 3", "oneway": false, "reversed": "True", "length": 47.67714330971458, "junction": null, "width": null, "service": null, "access": null, "bridge": null }, "geometry": { "type": "LineString", "coordinates": [ [ 10.8849349, 49.5690441 ], [ 10.8848893, 49.5688563 ], [ 10.8848411, 49.5686197 ] ] } },
{ "type": "Feature", "properties": { "u": 258070999, "v": 338743762, "key": 0, "osmid": "30626566", "highway": "path", "lanes": null, "maxspeed": null, "name": null, "ref": null, "oneway": false, "reversed": "True", "length": 35.36648327454246, "junction": null, "width": null, "service": null, "access": null, "bridge": null }, "geometry": { "type": "LineString", "coordinates": [ [ 10.8851847, 49.5714612 ], [ 10.8855499, 49.5712489 ] ] } },
{ "type": "Feature", "properties": { "u": 267751053, "v": 3458823405, "key": 0, "osmid": "30094380", "highway": "residential", "lanes": "2", "maxspeed": "50", "name": "Erlanger Straße", "ref": null, "oneway": false, "reversed": "False", "length": 15.172787811285785, "junction": null, "width": null, "service": null, "access": null, "bridge": null }, "geometry": { "type": "LineString", "coordinates": [ [ 10.888276, 49.567166 ], [ 10.8880916, 49.5672317 ] ] } },
{ "type": "Feature", "properties": { "u": 267751053, "v": 3867608761, "key": 0, "osmid": "146456501", "highway": "residential", "lanes": null, "maxspeed": null, "name": "Eichelmühlgasse", "ref": null, "oneway": false, "reversed": "False", "length": 4.4552006605732126, "junction": null, "width": "5", "service": null, "access": null, "bridge": null }, "geometry": { "type": "LineString", "coordinates": [ [ 10.888276, 49.567166 ], [ 10.8882666, 49.5671264 ] ] } },
{ "type": "Feature", "properties": { "u": 267751053, "v": 3867608762, "key": 0, "osmid": "30094380", "highway": "residential", "lanes": "2", "maxspeed": "50", "name": "Erlanger Straße", "ref": null, "oneway": false, "reversed": "True", "length": 132.47914923367944, "junction": null, "width": null, "service": null, "access": null, "bridge": null }, "geometry": { "type": "LineString", "coordinates": [ [ 10.888276, 49.567166 ], [ 10.8883643, 49.5671474 ], [ 10.8886224, 49.567093 ], [ 10.8888718, 49.5670539 ], [ 10.8890966, 49.5670425 ], [ 10.8893113, 49.5670461 ], [ 10.8895317, 49.5670638 ], [ 10.8897808, 49.5670943 ], [ 10.8899793, 49.5671297 ], [ 10.8900675, 49.5671517 ] ] } },
{ "type": "Feature", "properties": { "u": 270247370, "v": 3867679857, "key": 0, "osmid": "4838944", "highway": "residential", "lanes": null, "maxspeed": "30", "name": "Schützengraben", "ref": null, "oneway": false, "reversed": "False", "length": 4.993595826435091, "junction": null, "width": "6", "service": null, "access": null, "bridge": null }, "geometry": { "type": "LineString", "coordinates": [ [ 10.8913215, 49.567346 ], [ 10.8913575, 49.5673683 ], [ 10.8913716, 49.567377 ] ] } },
{ "type": "Feature", "properties": { "u": 270247370, "v": 270247371, "key": 0, "osmid": "30094380", "highway": "residential", "lanes": "2", "maxspeed": "50", "name": "Erlanger Straße", "ref": null, "oneway": false, "reversed": "False", "length": 67.001596554402326, "junction": null, "width": null, "service": null, "access": null, "bridge": null }, "geometry": { "type": "LineString", "coordinates": [ [ 10.8913215, 49.567346 ], [ 10.8911301, 49.5673594 ], [ 10.8909863, 49.5673529 ], [ 10.8908612, 49.5673408 ], [ 10.8906555, 49.5673103 ], [ 10.8904162, 49.5672533 ] ] } },
{ "type": "Feature", "properties": { "u": 270247370, "v": 315863782, "key": 0, "osmid": "30094380", "highway": "residential", "lanes": "2", "maxspeed": "50", "name": "Erlanger Straße", "ref": null, "oneway": false, "reversed": "True", "length": 77.64083724610235, "junction": null, "width": null, "service": null, "access": null, "bridge": null }, "geometry": { "type": "LineString", "coordinates": [ [ 10.8913215, 49.567346 ], [ 10.8915449, 49.5672886 ], [ 10.8918361, 49.5671899 ], [ 10.8922738, 49.567023 ] ] } },
{ "type": "Feature", "properties": { "u": 270247371, "v": 3867610366, "key": 0, "osmid": "30016260", "highway": "residential", "lanes": null, "maxspeed": "30", "name": "Eichendorffstraße", "ref": null, "oneway": false, "reversed": "True", "length": 19.872446305952309, "junction": null, "width": "7", "service": null, "access": null, "bridge": null }, "geometry": { "type": "LineString", "coordinates": [ [ 10.8904162, 49.5672533 ], [ 10.8904003, 49.5672925 ], [ 10.8903712, 49.5673644 ], [ 10.890375, 49.5674282 ] ] } },
{ "type": "Feature", "properties": { "u": 270247371, "v": 3867608762, "key": 0, "osmid": "30094380", "highway": "residential", "lanes": "2", "maxspeed": "50", "name": "Erlanger Straße", "ref": null, "oneway": false, "reversed": "False", "length": 27.581123748892608, "junction": null, "width": null, "service": null, "access": null, "bridge": null }, "geometry": { "type": "LineString", "coordinates": [ [ 10.8904162, 49.5672533 ], [ 10.8901532, 49.5671731 ], [ 10.8900675, 49.5671517 ] ] } },
{ "type": "Feature", "properties": { "u": 270247371, "v": 270247370, "key": 0, "osmid": "30094380", "highway": "residential", "lanes": "2", "maxspeed": "50", "name": "Erlanger Straße", "ref": null, "oneway": false, "reversed": "True", "length": 67.001596554402326, "junction": null, "width": null, "service": null, "access": null, "bridge": null }, "geometry": { "type": "LineString", "coordinates": [ [ 10.8904162, 49.5672533 ], [ 10.8906555, 49.5673103 ], [ 10.8908612, 49.5673408 ], [ 10.8909863, 49.5673529 ], [ 10.8911301, 49.5673594 ], [ 10.8913215, 49.567346 ] ] } },
{ "type": "Feature", "properties": { "u": 270247665, "v": 11926769116, "key": 0, "osmid": "4838930", "highway": "service", "lanes": null, "maxspeed": null, "name": null, "ref": null, "oneway": true, "reversed": "False", "length": 22.89617840022148, "junction": null, "width": null, "service": "driveway", "access": null, "bridge": null }, "geometry": { "type": "LineString", "coordinates": [ [ 10.8892857, 49.5700637 ], [ 10.8896, 49.5700929 ] ] } },
{ "type": "Feature", "properties": { "u": 270247665, "v": 3835525719, "key": 0, "osmid": "24869225", "highway": "path", "lanes": null, "maxspeed": null, "name": null, "ref": null, "oneway": false, "reversed": "True", "length": 58.58568390905134, "junction": null, "width": null, "service": null, "access": null, "bridge": null }, "geometry": { "type": "LineString", "coordinates": [ [ 10.8892857, 49.5700637 ], [ 10.8885163, 49.5700906 ], [ 10.8884762, 49.5700985 ] ] } },
{ "type": "Feature", "properties": { "u": 270247665, "v": 2576374538, "key": 0, "osmid": [ 1277861152, 1235182122, 30625518 ], "highway": [ "residential", "living_street" ], "lanes": null, "maxspeed": "7", "name": "Brentanostraße", "ref": null, "oneway": false, "reversed": "True", "length": 93.587791106315322, "junction": null, "width": [ "5.5", "3", "4" ], "service": null, "access": null, "bridge": null }, "geometry": { "type": "LineString", "coordinates": [ [ 10.8892857, 49.5700637 ], [ 10.8892978, 49.5698441 ], [ 10.8893165, 49.5695066 ], [ 10.8897541, 49.5694915 ] ] } },
{ "type": "Feature", "properties": { "u": 270247666, "v": 3457457603, "key": 0, "osmid": "30016260", "highway": "residential", "lanes": null, "maxspeed": "30", "name": "Eichendorffstraße", "ref": null, "oneway": false, "reversed": "True", "length": 9.8276634421267755, "junction": null, "width": "7", "service": null, "access": null, "bridge": null }, "geometry": { "type": "LineString", "coordinates": [ [ 10.8909515, 49.570321 ], [ 10.8909684, 49.5704087 ] ] } },
{ "type": "Feature", "properties": { "u": 270247666, "v": 3867608873, "key": 0, "osmid": "30625515", "highway": "residential", "lanes": null, "maxspeed": "30", "name": "Karl-Bröger-Straße", "ref": null, "oneway": false, "reversed": "True", "length": 7.7200313024001028, "junction": null, "width": "5", "service": null, "access": null, "bridge": null }, "geometry": { "type": "LineString", "coordinates": [ [ 10.8909515, 49.570321 ], [ 10.8908479, 49.5703035 ] ] } },
{ "type": "Feature", "properties": { "u": 270247666, "v": 3867609158, "key": 0, "osmid": "1285641356", "highway": "residential", "lanes": null, "maxspeed": "30", "name": "Karl-Bröger-Straße", "ref": null, "oneway": false, "reversed": "False", "length": 7.0305570043227359, "junction": null, "width": "5", "service": null, "access": null, "bridge": null }, "geometry": { "type": "LineString", "coordinates": [ [ 10.8909515, 49.570321 ], [ 10.8910457, 49.5703373 ] ] } },
{ "type": "Feature", "properties": { "u": 270247666, "v": 330429821, "key": 0, "osmid": "30016260", "highway": "residential", "lanes": null, "maxspeed": "30", "name": "Eichendorffstraße", "ref": null, "oneway": false, "reversed": "False", "length": 134.59514111066648, "junction": null, "width": "7", "service": null, "access": null, "bridge": null }, "geometry": { "type": "LineString", "coordinates": [ [ 10.8909515, 49.570321 ], [ 10.8907948, 49.5696484 ], [ 10.8905707, 49.5691385 ] ] } },
{ "type": "Feature", "properties": { "u": 270247667, "v": 3842968016, "key": 0, "osmid": "48801699", "highway": "residential", "lanes": null, "maxspeed": "30", "name": "Karl-Bröger-Straße", "ref": null, "oneway": false, "reversed": "False", "length": 8.5333530476297597, "junction": null, "width": "5", "service": null, "access": null, "bridge": null }, "geometry": { "type": "LineString", "coordinates": [ [ 10.8924801, 49.5706314 ], [ 10.8924729, 49.570708 ] ] } },
{ "type": "Feature", "properties": { "u": 270247667, "v": 3835401103, "key": 0, "osmid": "1285641405", "highway": "residential", "lanes": null, "maxspeed": "30", "name": "Karl-Bröger-Straße", "ref": null, "oneway": false, "reversed": "True", "length": 31.593216425728951, "junction": null, "width": "6", "service": null, "access": null, "bridge": null }, "geometry": { "type": "LineString", "coordinates": [ [ 10.8924801, 49.5706314 ], [ 10.8920666, 49.5705375 ] ] } },
{ "type": "Feature", "properties": { "u": 270248404, "v": 11423582373, "key": 0, "osmid": "146456501", "highway": "residential", "lanes": null, "maxspeed": null, "name": "Eichelmühlgasse", "ref": null, "oneway": false, "reversed": "False", "length": 19.027541790038839, "junction": null, "width": "5", "service": null, "access": null, "bridge": null }, "geometry": { "type": "LineString", "coordinates": [ [ 10.8884081, 49.566889 ], [ 10.8885851, 49.5667621 ] ] } },
{ "type": "Feature", "properties": { "u": 270248404, "v": 11845362958, "key": 0, "osmid": "146456501", "highway": "residential", "lanes": null, "maxspeed": null, "name": "Eichelmühlgasse", "ref": null, "oneway": false, "reversed": "True", "length": 11.089855528460069, "junction": null, "width": "5", "service": null, "access": null, "bridge": null }, "geometry": { "type": "LineString", "coordinates": [ [ 10.8884081, 49.566889 ], [ 10.8883252, 49.566973 ] ] } },
{ "type": "Feature", "properties": { "u": 270248404, "v": 3867608759, "key": 0, "osmid": "216608159", "highway": "residential", "lanes": null, "maxspeed": null, "name": "Klummgasse", "ref": null, "oneway": false, "reversed": "False", "length": 2.7306204906318405, "junction": null, "width": null, "service": null, "access": "private", "bridge": null }, "geometry": { "type": "LineString", "coordinates": [ [ 10.8884081, 49.566889 ], [ 10.8883994, 49.5668651 ] ] } },
{ "type": "Feature", "properties": { "u": 315863782, "v": 3830184598, "key": 0, "osmid": "30094380", "highway": "residential", "lanes": "2", "maxspeed": "50", "name": "Erlanger Straße", "ref": null, "oneway": false, "reversed": "True", "length": 4.6396963628769594, "junction": null, "width": null, "service": null, "access": null, "bridge": null }, "geometry": { "type": "LineString", "coordinates": [ [ 10.8922738, 49.567023 ], [ 10.892331, 49.5670039 ] ] } },
{ "type": "Feature", "properties": { "u": 315863782, "v": 270247370, "key": 0, "osmid": "30094380", "highway": "residential", "lanes": "2", "maxspeed": "50", "name": "Erlanger Straße", "ref": null, "oneway": false, "reversed": "False", "length": 77.64083724610235, "junction": null, "width": null, "service": null, "access": null, "bridge": null }, "geometry": { "type": "LineString", "coordinates": [ [ 10.8922738, 49.567023 ], [ 10.8918361, 49.5671899 ], [ 10.8915449, 49.5672886 ], [ 10.8913215, 49.567346 ] ] } },
{ "type": "Feature", "properties": { "u": 315863782, "v": 3867609166, "key": 0, "osmid": "217432145", "highway": "service", "lanes": null, "maxspeed": null, "name": null, "ref": null, "oneway": false, "reversed": "True", "length": 7.3078169549342942, "junction": null, "width": null, "service": "parking_aisle", "access": "private", "bridge": null }, "geometry": { "type": "LineString", "coordinates": [ [ 10.8922738, 49.567023 ], [ 10.8922289, 49.5669815 ], [ 10.8922156, 49.5669692 ] ] } },
{ "type": "Feature", "properties": { "u": 330429821, "v": 7216306807, "key": 0, "osmid": "30016260", "highway": "residential", "lanes": null, "maxspeed": "30", "name": "Eichendorffstraße", "ref": null, "oneway": false, "reversed": "False", "length": 14.540858562284443, "junction": null, "width": "7", "service": null, "access": null, "bridge": null }, "geometry": { "type": "LineString", "coordinates": [ [ 10.8905707, 49.5691385 ], [ 10.8905196, 49.569012 ] ] } },
{ "type": "Feature", "properties": { "u": 330429821, "v": 3867609971, "key": 0, "osmid": "30625517", "highway": "living_street", "lanes": null, "maxspeed": "7", "name": "Brentanostraße", "ref": null, "oneway": false, "reversed": "False", "length": 3.0545535221327942, "junction": null, "width": "5.5", "service": null, "access": null, "bridge": null }, "geometry": { "type": "LineString", "coordinates": [ [ 10.8905707, 49.5691385 ], [ 10.8905292, 49.569144 ] ] } },
{ "type": "Feature", "properties": { "u": 330429821, "v": 270247666, "key": 0, "osmid": "30016260", "highway": "residential", "lanes": null, "maxspeed": "30", "name": "Eichendorffstraße", "ref": null, "oneway": false, "reversed": "True", "length": 134.59514111066648, "junction": null, "width": "7", "service": null, "access": null, "bridge": null }, "geometry": { "type": "LineString", "coordinates": [ [ 10.8905707, 49.5691385 ], [ 10.8907948, 49.5696484 ], [ 10.8909515, 49.570321 ] ] } },
{ "type": "Feature", "properties": { "u": 330429824, "v": 2783016303, "key": 0, "osmid": "30016260", "highway": "residential", "lanes": null, "maxspeed": "30", "name": "Eichendorffstraße", "ref": null, "oneway": false, "reversed": "False", "length": 35.875746413033312, "junction": null, "width": "7", "service": null, "access": null, "bridge": null }, "geometry": { "type": "LineString", "coordinates": [ [ 10.8904133, 49.568076 ], [ 10.8903942, 49.5677536 ] ] } },
{ "type": "Feature", "properties": { "u": 330429824, "v": 11862555293, "key": 0, "osmid": "30016260", "highway": "residential", "lanes": null, "maxspeed": "30", "name": "Eichendorffstraße", "ref": null, "oneway": false, "reversed": "True", "length": 46.577894877854206, "junction": null, "width": "7", "service": null, "access": null, "bridge": null }, "geometry": { "type": "LineString", "coordinates": [ [ 10.8904133, 49.568076 ], [ 10.8904371, 49.5684946 ] ] } },
{ "type": "Feature", "properties": { "u": 330429824, "v": 3867680058, "key": 0, "osmid": "273452261", "highway": "service", "lanes": null, "maxspeed": null, "name": null, "ref": null, "oneway": false, "reversed": "True", "length": 4.5524071485041047, "junction": null, "width": null, "service": "driveway", "access": null, "bridge": null }, "geometry": { "type": "LineString", "coordinates": [ [ 10.8904133, 49.568076 ], [ 10.8903502, 49.5680772 ] ] } },
{ "type": "Feature", "properties": { "u": 330429925, "v": 331317081, "key": 0, "osmid": "30016260", "highway": "residential", "lanes": null, "maxspeed": "30", "name": "Eichendorffstraße", "ref": null, "oneway": false, "reversed": "False", "length": 5.929936898447739, "junction": null, "width": "7", "service": null, "access": null, "bridge": null }, "geometry": { "type": "LineString", "coordinates": [ [ 10.8909928, 49.5713492 ], [ 10.8910214, 49.5712992 ] ] } },
{ "type": "Feature", "properties": { "u": 330429925, "v": 7257519056, "key": 0, "osmid": "30604958", "highway": "tertiary", "lanes": "2", "maxspeed": "50", "name": "Zum Flughafen", "ref": "ERH 3", "oneway": false, "reversed": "False", "length": 59.438967089894476, "junction": null, "width": null, "service": null, "access": null, "bridge": null }, "geometry": { "type": "LineString", "coordinates": [ [ 10.8909928, 49.5713492 ], [ 10.8915964, 49.5715086 ], [ 10.8917522, 49.5715567 ] ] } },
{ "type": "Feature", "properties": { "u": 330429925, "v": 3458817474, "key": 0, "osmid": "30604958", "highway": "tertiary", "lanes": "2", "maxspeed": "50", "name": "Zum Flughafen", "ref": "ERH 3", "oneway": false, "reversed": "True", "length": 102.2353625275033, "junction": null, "width": null, "service": null, "access": null, "bridge": null }, "geometry": { "type": "LineString", "coordinates": [ [ 10.8909928, 49.5713492 ], [ 10.890207, 49.5711661 ], [ 10.8899271, 49.5710823 ], [ 10.8896866, 49.5709965 ] ] } },
{ "type": "Feature", "properties": { "u": 330431019, "v": 3842968013, "key": 0, "osmid": "379944129", "highway": "service", "lanes": null, "maxspeed": "30", "name": null, "ref": null, "oneway": false, "reversed": "False", "length": 5.0066767630450766, "junction": null, "width": null, "service": null, "access": null, "bridge": null }, "geometry": { "type": "LineString", "coordinates": [ [ 10.8917013, 49.5699528 ], [ 10.8916544, 49.5699196 ] ] } },
{ "type": "Feature", "properties": { "u": 330431019, "v": 3842968012, "key": 0, "osmid": "30016330", "highway": "residential", "lanes": null, "maxspeed": "30", "name": "Kunigundenstraße", "ref": null, "oneway": false, "reversed": "False", "length": 9.607665758890743, "junction": null, "width": "6", "service": null, "access": null, "bridge": null }, "geometry": { "type": "LineString", "coordinates": [ [ 10.8917013, 49.5699528 ], [ 10.8917966, 49.569942 ], [ 10.8918329, 49.5699444 ] ] } },
{ "type": "Feature", "properties": { "u": 330431019, "v": 3842968014, "key": 0, "osmid": "30016330", "highway": "residential", "lanes": null, "maxspeed": "30", "name": "Kunigundenstraße", "ref": null, "oneway": false, "reversed": "True", "length": 8.4166550011535683, "junction": null, "width": "6", "service": null, "access": null, "bridge": null }, "geometry": { "type": "LineString", "coordinates": [ [ 10.8917013, 49.5699528 ], [ 10.8916987, 49.5699934 ], [ 10.8917018, 49.5700284 ] ] } },
{ "type": "Feature", "properties": { "u": 330431043, "v": 3842968015, "key": 0, "osmid": "30016330", "highway": "residential", "lanes": null, "maxspeed": "30", "name": "Kunigundenstraße", "ref": null, "oneway": false, "reversed": "False", "length": 9.622122167117972, "junction": null, "width": "6", "service": null, "access": null, "bridge": null }, "geometry": { "type": "LineString", "coordinates": [ [ 10.8917195, 49.5704537 ], [ 10.8917293, 49.5703674 ] ] } },
{ "type": "Feature", "properties": { "u": 330431043, "v": 3842968006, "key": 0, "osmid": "1285641356", "highway": "residential", "lanes": null, "maxspeed": "30", "name": "Karl-Bröger-Straße", "ref": null, "oneway": false, "reversed": "True", "length": 12.969315621283412, "junction": null, "width": "5", "service": null, "access": null, "bridge": null }, "geometry": { "type": "LineString", "coordinates": [ [ 10.8917195, 49.5704537 ], [ 10.8915457, 49.5704237 ] ] } },
{ "type": "Feature", "properties": { "u": 330431043, "v": 3832223496, "key": 0, "osmid": "1285641405", "highway": "residential", "lanes": null, "maxspeed": "30", "name": "Karl-Bröger-Straße", "ref": null, "oneway": false, "reversed": "False", "length": 8.2961554352128104, "junction": null, "width": "6", "service": null, "access": null, "bridge": null }, "geometry": { "type": "LineString", "coordinates": [ [ 10.8917195, 49.5704537 ], [ 10.8918255, 49.5704827 ] ] } },
{ "type": "Feature", "properties": { "u": 331317069, "v": 331317070, "key": 0, "osmid": "30079773", "highway": "footway", "lanes": null, "maxspeed": null, "name": null, "ref": null, "oneway": false, "reversed": "False", "length": 6.9551467096832083, "junction": null, "width": null, "service": null, "access": null, "bridge": null }, "geometry": { "type": "LineString", "coordinates": [ [ 10.8883618, 49.5702885 ], [ 10.8884466, 49.5703183 ] ] } },
{ "type": "Feature", "properties": { "u": 331317069, "v": 3867609972, "key": 0, "osmid": [ 30079773, 380209351 ], "highway": "footway", "lanes": null, "maxspeed": null, "name": null, "ref": null, "oneway": false, "reversed": "True", "length": 220.30483133991717, "junction": null, "width": null, "service": null, "access": null, "bridge": null }, "geometry": { "type": "LineString", "coordinates": [ [ 10.8883618, 49.5702885 ], [ 10.8878178, 49.5701692 ], [ 10.8876894, 49.5701311 ], [ 10.8875852, 49.5700786 ], [ 10.8874588, 49.5699902 ], [ 10.8873305, 49.5699411 ], [ 10.8863725, 49.5696886 ], [ 10.8856409, 49.5694568 ], [ 10.8856165, 49.5694567 ] ] } },
{ "type": "Feature", "properties": { "u": 331317069, "v": 3835514257, "key": 0, "osmid": "380209349", "highway": "footway", "lanes": null, "maxspeed": null, "name": null, "ref": null, "oneway": false, "reversed": "True", "length": 19.366709504614164, "junction": null, "width": null, "service": null, "access": null, "bridge": null }, "geometry": { "type": "LineString", "coordinates": [ [ 10.8883618, 49.5702885 ], [ 10.8883577, 49.5702499 ], [ 10.8882674, 49.5702006 ], [ 10.8881883, 49.5701716 ] ] } },
{ "type": "Feature", "properties": { "u": 331317070, "v": 250748547, "key": 0, "osmid": "24869099", "highway": "residential", "lanes": null, "maxspeed": "30", "name": "Hans-Sachs-Straße", "ref": null, "oneway": false, "reversed": "False", "length": 8.0527092894484191, "junction": null, "width": "6", "service": null, "access": null, "bridge": null }, "geometry": { "type": "LineString", "coordinates": [ [ 10.8884466, 49.5703183 ], [ 10.8884758, 49.5702484 ] ] } },
{ "type": "Feature", "properties": { "u": 331317070, "v": 331317069, "key": 0, "osmid": "30079773", "highway": "footway", "lanes": null, "maxspeed": null, "name": null, "ref": null, "oneway": false, "reversed": "True", "length": 6.9551467096832083, "junction": null, "width": null, "service": null, "access": null, "bridge": null }, "geometry": { "type": "LineString", "coordinates": [ [ 10.8884466, 49.5703183 ], [ 10.8883618, 49.5702885 ] ] } },
{ "type": "Feature", "properties": { "u": 331317070, "v": 338743765, "key": 0, "osmid": "24869099", "highway": "residential", "lanes": null, "maxspeed": "30", "name": "Hans-Sachs-Straße", "ref": null, "oneway": false, "reversed": "True", "length": 116.67745641039363, "junction": null, "width": "6", "service": null, "access": null, "bridge": null }, "geometry": { "type": "LineString", "coordinates": [ [ 10.8884466, 49.5703183 ], [ 10.8884114, 49.5703775 ], [ 10.8883977, 49.5704334 ], [ 10.8884475, 49.5706784 ], [ 10.8886299, 49.5713502 ] ] } },
{ "type": "Feature", "properties": { "u": 331317081, "v": 330429925, "key": 0, "osmid": "30016260", "highway": "residential", "lanes": null, "maxspeed": "30", "name": "Eichendorffstraße", "ref": null, "oneway": false, "reversed": "True", "length": 5.929936898447739, "junction": null, "width": "7", "service": null, "access": null, "bridge": null }, "geometry": { "type": "LineString", "coordinates": [ [ 10.8910214, 49.5712992 ], [ 10.8909928, 49.5713492 ] ] } },
{ "type": "Feature", "properties": { "u": 331317081, "v": 3835525750, "key": 0, "osmid": "30079774", "highway": "path", "lanes": null, "maxspeed": null, "name": null, "ref": null, "oneway": false, "reversed": "False", "length": 8.4533203324862125, "junction": null, "width": null, "service": null, "access": null, "bridge": null }, "geometry": { "type": "LineString", "coordinates": [ [ 10.8910214, 49.5712992 ], [ 10.8909108, 49.571274 ] ] } },
{ "type": "Feature", "properties": { "u": 331317081, "v": 3835525749, "key": 0, "osmid": "30079774", "highway": "path", "lanes": null, "maxspeed": null, "name": null, "ref": null, "oneway": false, "reversed": "True", "length": 6.7757080579134197, "junction": null, "width": null, "service": null, "access": null, "bridge": null }, "geometry": { "type": "LineString", "coordinates": [ [ 10.8910214, 49.5712992 ], [ 10.8911086, 49.5713219 ] ] } },
{ "type": "Feature", "properties": { "u": 331317081, "v": 3457457603, "key": 0, "osmid": "30016260", "highway": "residential", "lanes": null, "maxspeed": "30", "name": "Eichendorffstraße", "ref": null, "oneway": false, "reversed": "False", "length": 99.12558804548037, "junction": null, "width": "7", "service": null, "access": null, "bridge": null }, "geometry": { "type": "LineString", "coordinates": [ [ 10.8910214, 49.5712992 ], [ 10.8910267, 49.5712132 ], [ 10.8909684, 49.5704087 ] ] } },
{ "type": "Feature", "properties": { "u": 331317091, "v": 250748548, "key": 0, "osmid": "24869095", "highway": "residential", "lanes": null, "maxspeed": "30", "name": "Glockengasse", "ref": null, "oneway": false, "reversed": "False", "length": 8.6312645992766033, "junction": null, "width": "5.5", "service": null, "access": null, "bridge": null }, "geometry": { "type": "LineString", "coordinates": [ [ 10.888476, 49.5701795 ], [ 10.8884482, 49.570104 ] ] } },
{ "type": "Feature", "properties": { "u": 331317091, "v": 250748547, "key": 0, "osmid": "24869095", "highway": "residential", "lanes": null, "maxspeed": "30", "name": "Glockengasse", "ref": null, "oneway": false, "reversed": "True", "length": 7.6613548429610834, "junction": null, "width": "5.5", "service": null, "access": null, "bridge": null }, "geometry": { "type": "LineString", "coordinates": [ [ 10.888476, 49.5701795 ], [ 10.8884758, 49.5702484 ] ] } },
{ "type": "Feature", "properties": { "u": 331317091, "v": 3835514252, "key": 0, "osmid": "380210484", "highway": "path", "lanes": null, "maxspeed": null, "name": null, "ref": null, "oneway": false, "reversed": "True", "length": 8.2802384478163411, "junction": null, "width": null, "service": null, "access": null, "bridge": null }, "geometry": { "type": "LineString", "coordinates": [ [ 10.888476, 49.5701795 ], [ 10.8883754, 49.5701436 ] ] } },
{ "type": "Feature", "properties": { "u": 331317091, "v": 8553233267, "key": 0, "osmid": "30079774", "highway": "path", "lanes": null, "maxspeed": null, "name": null, "ref": null, "oneway": false, "reversed": "True", "length": 121.88859375460842, "junction": null, "width": null, "service": null, "access": null, "bridge": null }, "geometry": { "type": "LineString", "coordinates": [ [ 10.888476, 49.5701795 ], [ 10.8885553, 49.5702079 ], [ 10.8891673, 49.570647 ], [ 10.8895858, 49.5708935 ], [ 10.8896872, 49.5709371 ] ] } },
{ "type": "Feature", "properties": { "u": 331459942, "v": 9959047013, "key": 0, "osmid": "1086932998", "highway": "footway", "lanes": null, "maxspeed": null, "name": null, "ref": null, "oneway": false, "reversed": "False", "length": 1.2761727432644063, "junction": null, "width": null, "service": null, "access": null, "bridge": null }, "geometry": { "type": "LineString", "coordinates": [ [ 10.8898516, 49.5671836 ], [ 10.889858, 49.5671729 ] ] } },
{ "type": "Feature", "properties": { "u": 331499544, "v": 9961150345, "key": 0, "osmid": "1087167404", "highway": "footway", "lanes": null, "maxspeed": null, "name": null, "ref": null, "oneway": false, "reversed": "False", "length": 1.325431267120144, "junction": null, "width": null, "service": null, "access": null, "bridge": null }, "geometry": { "type": "LineString", "coordinates": [ [ 10.8866627, 49.5676508 ], [ 10.8866601, 49.567639 ] ] } },
{ "type": "Feature", "properties": { "u": 332262766, "v": 28099738, "key": 0, "osmid": "329597825", "highway": "residential", "lanes": null, "maxspeed": "30", "name": "Erlanger Straße", "ref": null, "oneway": false, "reversed": "False", "length": 5.2489235022983234, "junction": null, "width": "7", "service": null, "access": null, "bridge": null }, "geometry": { "type": "LineString", "coordinates": [ [ 10.8851289, 49.5675608 ], [ 10.8850665, 49.5675365 ] ] } },
{ "type": "Feature", "properties": { "u": 332262766, "v": 250748560, "key": 0, "osmid": "329597825", "highway": "residential", "lanes": null, "maxspeed": "30", "name": "Erlanger Straße", "ref": null, "oneway": false, "reversed": "True", "length": 6.786663335384282, "junction": null, "width": "7", "service": null, "access": null, "bridge": null }, "geometry": { "type": "LineString", "coordinates": [ [ 10.8851289, 49.5675608 ], [ 10.8852126, 49.5675887 ] ] } },
{ "type": "Feature", "properties": { "u": 332262766, "v": 3835514184, "key": 0, "osmid": "380209342", "highway": "footway", "lanes": null, "maxspeed": null, "name": null, "ref": null, "oneway": false, "reversed": "False", "length": 6.0786755803138091, "junction": null, "width": null, "service": null, "access": null, "bridge": null }, "geometry": { "type": "LineString", "coordinates": [ [ 10.8851289, 49.5675608 ], [ 10.8851698, 49.567513 ] ] } },
{ "type": "Feature", "properties": { "u": 332262766, "v": 3835514179, "key": 0, "osmid": "380209342", "highway": "footway", "lanes": null, "maxspeed": null, "name": null, "ref": null, "oneway": false, "reversed": "True", "length": 5.8741208139002508, "junction": null, "width": null, "service": null, "access": null, "bridge": null }, "geometry": { "type": "LineString", "coordinates": [ [ 10.8851289, 49.5675608 ], [ 10.8850894, 49.567607 ] ] } },
{ "type": "Feature", "properties": { "u": 332262767, "v": 28099609, "key": 0, "osmid": "4743476", "highway": "tertiary", "lanes": "2", "maxspeed": null, "name": "Erlanger Straße", "ref": "ERH 14", "oneway": false, "reversed": "True", "length": 8.1992361709627524, "junction": null, "width": null, "service": null, "access": null, "bridge": null }, "geometry": { "type": "LineString", "coordinates": [ [ 10.884897, 49.5676491 ], [ 10.8849332, 49.5675792 ] ] } },
{ "type": "Feature", "properties": { "u": 332262767, "v": 3835514199, "key": 0, "osmid": "380209345", "highway": "footway", "lanes": null, "maxspeed": null, "name": null, "ref": null, "oneway": false, "reversed": "False", "length": 4.9329729837973462, "junction": null, "width": null, "service": null, "access": null, "bridge": null }, "geometry": { "type": "LineString", "coordinates": [ [ 10.884897, 49.5676491 ], [ 10.8848332, 49.5676331 ] ] } },
{ "type": "Feature", "properties": { "u": 332262767, "v": 3835514198, "key": 0, "osmid": "380209345", "highway": "footway", "lanes": null, "maxspeed": null, "name": null, "ref": null, "oneway": false, "reversed": "True", "length": 5.5208892612444584, "junction": null, "width": null, "service": null, "access": null, "bridge": null }, "geometry": { "type": "LineString", "coordinates": [ [ 10.884897, 49.5676491 ], [ 10.8849654, 49.5676714 ] ] } },
{ "type": "Feature", "properties": { "u": 332262767, "v": 28099683, "key": 0, "osmid": [ 314737931, 4743476 ], "highway": "tertiary", "lanes": "2", "maxspeed": "50", "name": "Erlanger Straße", "ref": "ERH 14", "oneway": false, "reversed": "False", "length": 42.431708816988888, "junction": null, "width": null, "service": null, "access": null, "bridge": null }, "geometry": { "type": "LineString", "coordinates": [ [ 10.884897, 49.5676491 ], [ 10.8847832, 49.5677744 ], [ 10.8846337, 49.5679104 ], [ 10.8845922, 49.5679741 ] ] } },
{ "type": "Feature", "properties": { "u": 332262768, "v": 3835514204, "key": 0, "osmid": "380209345", "highway": "footway", "lanes": null, "maxspeed": null, "name": null, "ref": null, "oneway": false, "reversed": "True", "length": 3.4219670260115813, "junction": null, "width": null, "service": null, "access": null, "bridge": null }, "geometry": { "type": "LineString", "coordinates": [ [ 10.8846978, 49.5674713 ], [ 10.8846895, 49.5675016 ] ] } },
{ "type": "Feature", "properties": { "u": 332262768, "v": 561530343, "key": 0, "osmid": "1274608163", "highway": "residential", "lanes": null, "maxspeed": "30", "name": "An der Schütt", "ref": null, "oneway": false, "reversed": "False", "length": 7.9192209902472062, "junction": null, "width": "6", "service": null, "access": null, "bridge": null }, "geometry": { "type": "LineString", "coordinates": [ [ 10.8846978, 49.5674713 ], [ 10.8848069, 49.5674632 ] ] } },
{ "type": "Feature", "properties": { "u": 332262768, "v": 561530339, "key": 0, "osmid": "1274608163", "highway": "residential", "lanes": null, "maxspeed": "30", "name": "An der Schütt", "ref": null, "oneway": false, "reversed": "True", "length": 5.3096303036972952, "junction": null, "width": "6", "service": null, "access": null, "bridge": null }, "geometry": { "type": "LineString", "coordinates": [ [ 10.8846978, 49.5674713 ], [ 10.8846247, 49.567477 ] ] } },
{ "type": "Feature", "properties": { "u": 332262768, "v": 3835514207, "key": 0, "osmid": "270228330", "highway": "footway", "lanes": null, "maxspeed": null, "name": null, "ref": null, "oneway": false, "reversed": "True", "length": 10.270663143740512, "junction": null, "width": null, "service": null, "access": null, "bridge": null }, "geometry": { "type": "LineString", "coordinates": [ [ 10.8846978, 49.5674713 ], [ 10.8847152, 49.5674055 ], [ 10.8847459, 49.5673894 ] ] } },
{ "type": "Feature", "properties": { "u": 332262769, "v": 561530341, "key": 0, "osmid": "314737909", "highway": "tertiary", "lanes": "2", "maxspeed": null, "name": "Bahnhofstraße", "ref": "ERH 3", "oneway": false, "reversed": "False", "length": 9.5491925602771044, "junction": null, "width": null, "service": null, "access": null, "bridge": null }, "geometry": { "type": "LineString", "coordinates": [ [ 10.8850612, 49.5673252 ], [ 10.8849981, 49.5674007 ] ] } },
{ "type": "Feature", "properties": { "u": 332262769, "v": 2752741419, "key": 0, "osmid": "380209344", "highway": "footway", "lanes": null, "maxspeed": null, "name": null, "ref": null, "oneway": false, "reversed": "False", "length": 8.6884144668099115, "junction": null, "width": null, "service": null, "access": null, "bridge": null }, "geometry": { "type": "LineString", "coordinates": [ [ 10.8850612, 49.5673252 ], [ 10.8849482, 49.5672981 ] ] } },
{ "type": "Feature", "properties": { "u": 332262769, "v": 3835514197, "key": 0, "osmid": "380209344", "highway": "footway", "lanes": null, "maxspeed": null, "name": null, "ref": null, "oneway": false, "reversed": "True", "length": 5.5424080096380299, "junction": null, "width": null, "service": null, "access": null, "bridge": null }, "geometry": { "type": "LineString", "coordinates": [ [ 10.8850612, 49.5673252 ], [ 10.8851297, 49.5673478 ] ] } },
{ "type": "Feature", "properties": { "u": 332262769, "v": 249089600, "key": 0, "osmid": "314737909", "highway": "tertiary", "lanes": "2", "maxspeed": null, "name": "Bahnhofstraße", "ref": "ERH 3", "oneway": false, "reversed": "True", "length": 66.622935292468199, "junction": null, "width": null, "service": null, "access": null, "bridge": null }, "geometry": { "type": "LineString", "coordinates": [ [ 10.8850612, 49.5673252 ], [ 10.885106, 49.5672604 ], [ 10.8851491, 49.567179 ], [ 10.8851845, 49.567062 ], [ 10.8852105, 49.5667396 ] ] } },
{ "type": "Feature", "properties": { "u": 332262770, "v": 7183684266, "key": 0, "osmid": "323785884", "highway": "residential", "lanes": null, "maxspeed": "30", "name": "Erlanger Straße", "ref": null, "oneway": false, "reversed": "False", "length": 9.2925941869190503, "junction": null, "width": "8", "service": null, "access": null, "bridge": null }, "geometry": { "type": "LineString", "coordinates": [ [ 10.8869361, 49.56757 ], [ 10.8868102, 49.5675878 ] ] } },
{ "type": "Feature", "properties": { "u": 332262770, "v": 3835513841, "key": 0, "osmid": "1276073630", "highway": "footway", "lanes": null, "maxspeed": null, "name": null, "ref": null, "oneway": false, "reversed": "False", "length": 4.0876355446664761, "junction": null, "width": null, "service": null, "access": null, "bridge": null }, "geometry": { "type": "LineString", "coordinates": [ [ 10.8869361, 49.56757 ], [ 10.8869468, 49.5676061 ] ] } },
{ "type": "Feature", "properties": { "u": 332262770, "v": 3835513842, "key": 0, "osmid": "1276073630", "highway": "footway", "lanes": null, "maxspeed": null, "name": null, "ref": null, "oneway": false, "reversed": "True", "length": 4.0279249337766103, "junction": null, "width": null, "service": null, "access": null, "bridge": null }, "geometry": { "type": "LineString", "coordinates": [ [ 10.8869361, 49.56757 ], [ 10.8869186, 49.5675356 ] ] } },
{ "type": "Feature", "properties": { "u": 332262770, "v": 332581085, "key": 0, "osmid": "323785884", "highway": "residential", "lanes": null, "maxspeed": "30", "name": "Erlanger Straße", "ref": null, "oneway": false, "reversed": "True", "length": 19.442542791100209, "junction": null, "width": "8", "service": null, "access": null, "bridge": null }, "geometry": { "type": "LineString", "coordinates": [ [ 10.8869361, 49.56757 ], [ 10.8870569, 49.5675506 ], [ 10.8871914, 49.5675152 ] ] } },
{ "type": "Feature", "properties": { "u": 332581085, "v": 3867609169, "key": 0, "osmid": "24869095", "highway": "residential", "lanes": null, "maxspeed": "30", "name": "Glockengasse", "ref": null, "oneway": false, "reversed": "True", "length": 8.6632576376762405, "junction": null, "width": "5.5", "service": null, "access": null, "bridge": null }, "geometry": { "type": "LineString", "coordinates": [ [ 10.8871914, 49.5675152 ], [ 10.8872384, 49.5675869 ] ] } },
{ "type": "Feature", "properties": { "u": 332581085, "v": 2783016379, "key": 0, "osmid": "30094380", "highway": "residential", "lanes": "2", "maxspeed": "50", "name": "Erlanger Straße", "ref": null, "oneway": false, "reversed": "True", "length": 45.345089606709273, "junction": null, "width": null, "service": null, "access": null, "bridge": null }, "geometry": { "type": "LineString", "coordinates": [ [ 10.8871914, 49.5675152 ], [ 10.8877649, 49.567348 ] ] } },
{ "type": "Feature", "properties": { "u": 332581085, "v": 332262770, "key": 0, "osmid": "323785884", "highway": "residential", "lanes": null, "maxspeed": "30", "name": "Erlanger Straße", "ref": null, "oneway": false, "reversed": "False", "length": 19.442542791100209, "junction": null, "width": "8", "service": null, "access": null, "bridge": null }, "geometry": { "type": "LineString", "coordinates": [ [ 10.8871914, 49.5675152 ], [ 10.8870569, 49.5675506 ], [ 10.8869361, 49.56757 ] ] } },
{ "type": "Feature", "properties": { "u": 338369431, "v": 3835514257, "key": 0, "osmid": "1087175252", "highway": "footway", "lanes": null, "maxspeed": null, "name": null, "ref": null, "oneway": false, "reversed": "False", "length": 2.4918147843562455, "junction": null, "width": null, "service": null, "access": null, "bridge": null }, "geometry": { "type": "LineString", "coordinates": [ [ 10.8881573, 49.5701617 ], [ 10.8881883, 49.5701716 ] ] } },
{ "type": "Feature", "properties": { "u": 338370393, "v": 9961172162, "key": 0, "osmid": "1087175251", "highway": "footway", "lanes": null, "maxspeed": null, "name": null, "ref": null, "oneway": false, "reversed": "False", "length": 0.86087664204438497, "junction": null, "width": null, "service": null, "access": null, "bridge": null }, "geometry": { "type": "LineString", "coordinates": [ [ 10.8881623, 49.5700559 ], [ 10.8881572, 49.5700629 ] ] } },
{ "type": "Feature", "properties": { "u": 338371279, "v": 9959067327, "key": 0, "osmid": "1086936564", "highway": "footway", "lanes": null, "maxspeed": null, "name": null, "ref": null, "oneway": false, "reversed": "False", "length": 1.1479972802447913, "junction": null, "width": null, "service": null, "access": null, "bridge": null }, "geometry": { "type": "LineString", "coordinates": [ [ 10.885288, 49.569351 ], [ 10.8852958, 49.569342 ] ] } },
{ "type": "Feature", "properties": { "u": 338728885, "v": 3867609972, "key": 0, "osmid": "30625583", "highway": "residential", "lanes": null, "maxspeed": "30", "name": "Plonergasse", "ref": null, "oneway": false, "reversed": "False", "length": 7.3418258719319605, "junction": null, "width": "5", "service": null, "access": null, "bridge": null }, "geometry": { "type": "LineString", "coordinates": [ [ 10.8856228, 49.5693908 ], [ 10.8856165, 49.5694567 ] ] } },
{ "type": "Feature", "properties": { "u": 338728885, "v": 8796180645, "key": 0, "osmid": "545009096", "highway": "tertiary", "lanes": "2", "maxspeed": "50", "name": "Zum Flughafen", "ref": "ERH 3", "oneway": false, "reversed": "False", "length": 31.624089469444812, "junction": null, "width": null, "service": null, "access": null, "bridge": null }, "geometry": { "type": "LineString", "coordinates": [ [ 10.8856228, 49.5693908 ], [ 10.8860249, 49.5695043 ] ] } },
{ "type": "Feature", "properties": { "u": 338728885, "v": 7229337183, "key": 0, "osmid": "545009096", "highway": "tertiary", "lanes": "2", "maxspeed": "50", "name": "Zum Flughafen", "ref": "ERH 3", "oneway": false, "reversed": "True", "length": 11.627220672449432, "junction": null, "width": null, "service": null, "access": null, "bridge": null }, "geometry": { "type": "LineString", "coordinates": [ [ 10.8856228, 49.5693908 ], [ 10.8854696, 49.5693582 ] ] } },
{ "type": "Feature", "properties": { "u": 338728888, "v": 8839963633, "key": 0, "osmid": "30625583", "highway": "residential", "lanes": null, "maxspeed": "30", "name": "Plonergasse", "ref": null, "oneway": false, "reversed": "True", "length": 40.147154959299172, "junction": null, "width": "5", "service": null, "access": null, "bridge": null }, "geometry": { "type": "LineString", "coordinates": [ [ 10.8860122, 49.5703046 ], [ 10.8858622, 49.5699569 ] ] } },
{ "type": "Feature", "properties": { "u": 338728888, "v": 8839963629, "key": 0, "osmid": "955087186", "highway": "service", "lanes": null, "maxspeed": null, "name": null, "ref": null, "oneway": false, "reversed": "False", "length": 3.8667207827658663, "junction": null, "width": null, "service": "driveway", "access": null, "bridge": null }, "geometry": { "type": "LineString", "coordinates": [ [ 10.8860122, 49.5703046 ], [ 10.8859642, 49.5703201 ] ] } },
{ "type": "Feature", "properties": { "u": 338728888, "v": 338728893, "key": 0, "osmid": "30625583", "highway": "residential", "lanes": null, "maxspeed": "30", "name": "Plonergasse", "ref": null, "oneway": false, "reversed": "False", "length": 51.946853531012657, "junction": null, "width": "5", "service": null, "access": null, "bridge": null }, "geometry": { "type": "LineString", "coordinates": [ [ 10.8860122, 49.5703046 ], [ 10.886143, 49.5706685 ], [ 10.8861406, 49.570762 ] ] } },
{ "type": "Feature", "properties": { "u": 338728888, "v": 729848340, "key": 0, "osmid": [ 1231898066, 30626107 ], "highway": [ "service", "residential" ], "lanes": null, "maxspeed": "30", "name": "Plonergasse", "ref": null, "oneway": false, "reversed": "False", "length": 109.09369329887572, "junction": null, "width": "5.5", "service": "driveway", "access": null, "bridge": null }, "geometry": { "type": "LineString", "coordinates": [ [ 10.8860122, 49.5703046 ], [ 10.8866448, 49.5702339 ], [ 10.8869774, 49.57018 ], [ 10.8870686, 49.5704287 ], [ 10.887141, 49.5704496 ], [ 10.8871947, 49.570443 ] ] } },
{ "type": "Feature", "properties": { "u": 338728893, "v": 338738372, "key": 0, "osmid": "1272542284", "highway": "residential", "lanes": null, "maxspeed": "30", "name": "Edergasse", "ref": null, "oneway": false, "reversed": "False", "length": 24.098277699063924, "junction": null, "width": "6", "service": null, "access": null, "bridge": null }, "geometry": { "type": "LineString", "coordinates": [ [ 10.8861406, 49.570762 ], [ 10.8864742, 49.5707748 ] ] } },
{ "type": "Feature", "properties": { "u": 338728893, "v": 338728888, "key": 0, "osmid": "30625583", "highway": "residential", "lanes": null, "maxspeed": "30", "name": "Plonergasse", "ref": null, "oneway": false, "reversed": "True", "length": 51.946853531012657, "junction": null, "width": "5", "service": null, "access": null, "bridge": null }, "geometry": { "type": "LineString", "coordinates": [ [ 10.8861406, 49.570762 ], [ 10.886143, 49.5706685 ], [ 10.8860122, 49.5703046 ] ] } },
{ "type": "Feature", "properties": { "u": 338728893, "v": 338738376, "key": 0, "osmid": "30626111", "highway": "residential", "lanes": null, "maxspeed": "30", "name": "Edergasse", "ref": null, "oneway": false, "reversed": "True", "length": 56.968314858052786, "junction": null, "width": "6", "service": null, "access": null, "bridge": null }, "geometry": { "type": "LineString", "coordinates": [ [ 10.8861406, 49.570762 ], [ 10.8859087, 49.5708542 ], [ 10.8855226, 49.5709656 ], [ 10.8854272, 49.5709665 ] ] } },
{ "type": "Feature", "properties": { "u": 338728896, "v": 3835514259, "key": 0, "osmid": "380209350", "highway": "footway", "lanes": null, "maxspeed": null, "name": null, "ref": null, "oneway": false, "reversed": "False", "length": 4.4827200236903373, "junction": null, "width": null, "service": null, "access": null, "bridge": null }, "geometry": { "type": "LineString", "coordinates": [ [ 10.8852899, 49.5692932 ], [ 10.8852513, 49.5693248 ] ] } },
{ "type": "Feature", "properties": { "u": 338728896, "v": 3835514236, "key": 0, "osmid": "380209350", "highway": "footway", "lanes": null, "maxspeed": null, "name": null, "ref": null, "oneway": false, "reversed": "True", "length": 4.3946036495132468, "junction": null, "width": null, "service": null, "access": null, "bridge": null }, "geometry": { "type": "LineString", "coordinates": [ [ 10.8852899, 49.5692932 ], [ 10.8853277, 49.5692622 ] ] } },
{ "type": "Feature", "properties": { "u": 338728896, "v": 7229337183, "key": 0, "osmid": "545009096", "highway": "tertiary", "lanes": "2", "maxspeed": "50", "name": "Zum Flughafen", "ref": "ERH 3", "oneway": false, "reversed": "False", "length": 14.915758673090231, "junction": null, "width": null, "service": null, "access": null, "bridge": null }, "geometry": { "type": "LineString", "coordinates": [ [ 10.8852899, 49.5692932 ], [ 10.8853214, 49.5693078 ], [ 10.8853919, 49.5693377 ], [ 10.8854696, 49.5693582 ] ] } },
{ "type": "Feature", "properties": { "u": 338728896, "v": 258070982, "key": 0, "osmid": "545009096", "highway": "tertiary", "lanes": "2", "maxspeed": "50", "name": "Zum Flughafen", "ref": "ERH 3", "oneway": false, "reversed": "True", "length": 37.922816368453503, "junction": null, "width": null, "service": null, "access": null, "bridge": null }, "geometry": { "type": "LineString", "coordinates": [ [ 10.8852899, 49.5692932 ], [ 10.8851609, 49.569222 ], [ 10.8850342, 49.5691363 ], [ 10.8849349, 49.5690441 ] ] } },
{ "type": "Feature", "properties": { "u": 338738347, "v": 338738372, "key": 0, "osmid": "30626108", "highway": "footway", "lanes": null, "maxspeed": null, "name": null, "ref": null, "oneway": false, "reversed": "False", "length": 103.71171167491025, "junction": null, "width": null, "service": null, "access": null, "bridge": null }, "geometry": { "type": "LineString", "coordinates": [ [ 10.8868352, 49.5709776 ], [ 10.8871793, 49.5708699 ], [ 10.8869653, 49.5705935 ], [ 10.8867427, 49.5706571 ], [ 10.8865198, 49.5707244 ], [ 10.8864742, 49.5707748 ] ] } },
{ "type": "Feature", "properties": { "u": 338738370, "v": 338738372, "key": 0, "osmid": "1272542284", "highway": "residential", "lanes": null, "maxspeed": "30", "name": "Edergasse", "ref": null, "oneway": false, "reversed": "True", "length": 11.979977883417291, "junction": null, "width": "6", "service": null, "access": null, "bridge": null }, "geometry": { "type": "LineString", "coordinates": [ [ 10.8866394, 49.5707862 ], [ 10.8864742, 49.5707748 ] ] } },
{ "type": "Feature", "properties": { "u": 338738370, "v": 338738370, "key": 0, "osmid": "30626112", "highway": "service", "lanes": null, "maxspeed": null, "name": null, "ref": null, "oneway": false, "reversed": "False", "length": 70.490595500902998, "junction": null, "width": null, "service": "parking_aisle", "access": null, "bridge": null }, "geometry": { "type": "LineString", "coordinates": [ [ 10.8866394, 49.5707862 ], [ 10.8867325, 49.5708896 ], [ 10.8870123, 49.570814 ], [ 10.886975, 49.5707413 ], [ 10.8869574, 49.5707241 ], [ 10.886932, 49.5707164 ], [ 10.8866394, 49.5707862 ] ] } },
{ "type": "Feature", "properties": { "u": 338738370, "v": 338738370, "key": 1, "osmid": "30626112", "highway": "service", "lanes": null, "maxspeed": null, "name": null, "ref": null, "oneway": false, "reversed": "True", "length": 70.490595500902984, "junction": null, "width": null, "service": "parking_aisle", "access": null, "bridge": null }, "geometry": { "type": "LineString", "coordinates": [ [ 10.8866394, 49.5707862 ], [ 10.886932, 49.5707164 ], [ 10.8869574, 49.5707241 ], [ 10.886975, 49.5707413 ], [ 10.8870123, 49.570814 ], [ 10.8867325, 49.5708896 ], [ 10.8866394, 49.5707862 ] ] } },
{ "type": "Feature", "properties": { "u": 338738372, "v": 338738370, "key": 0, "osmid": "1272542284", "highway": "residential", "lanes": null, "maxspeed": "30", "name": "Edergasse", "ref": null, "oneway": false, "reversed": "False", "length": 11.979977883417291, "junction": null, "width": "6", "service": null, "access": null, "bridge": null }, "geometry": { "type": "LineString", "coordinates": [ [ 10.8864742, 49.5707748 ], [ 10.8866394, 49.5707862 ] ] } },
{ "type": "Feature", "properties": { "u": 338738372, "v": 338728893, "key": 0, "osmid": "1272542284", "highway": "residential", "lanes": null, "maxspeed": "30", "name": "Edergasse", "ref": null, "oneway": false, "reversed": "True", "length": 24.098277699063924, "junction": null, "width": "6", "service": null, "access": null, "bridge": null }, "geometry": { "type": "LineString", "coordinates": [ [ 10.8864742, 49.5707748 ], [ 10.8861406, 49.570762 ] ] } },
{ "type": "Feature", "properties": { "u": 338738372, "v": 338738347, "key": 0, "osmid": "30626108", "highway": "footway", "lanes": null, "maxspeed": null, "name": null, "ref": null, "oneway": false, "reversed": "True", "length": 103.71171167491026, "junction": null, "width": null, "service": null, "access": null, "bridge": null }, "geometry": { "type": "LineString", "coordinates": [ [ 10.8864742, 49.5707748 ], [ 10.8865198, 49.5707244 ], [ 10.8867427, 49.5706571 ], [ 10.8869653, 49.5705935 ], [ 10.8871793, 49.5708699 ], [ 10.8868352, 49.5709776 ] ] } },
{ "type": "Feature", "properties": { "u": 338738376, "v": 338743757, "key": 0, "osmid": "30626110", "highway": "service", "lanes": null, "maxspeed": null, "name": "Edergasse", "ref": null, "oneway": false, "reversed": "True", "length": 6.5165125257465082, "junction": null, "width": null, "service": "driveway", "access": null, "bridge": null }, "geometry": { "type": "LineString", "coordinates": [ [ 10.8854272, 49.5709665 ], [ 10.8854482, 49.5710235 ] ] } },
{ "type": "Feature", "properties": { "u": 338738376, "v": 338728893, "key": 0, "osmid": "30626111", "highway": "residential", "lanes": null, "maxspeed": "30", "name": "Edergasse", "ref": null, "oneway": false, "reversed": "False", "length": 56.968314858052793, "junction": null, "width": "6", "service": null, "access": null, "bridge": null }, "geometry": { "type": "LineString", "coordinates": [ [ 10.8854272, 49.5709665 ], [ 10.8855226, 49.5709656 ], [ 10.8859087, 49.5708542 ], [ 10.8861406, 49.570762 ] ] } },
{ "type": "Feature", "properties": { "u": 338738376, "v": 8839934712, "key": 0, "osmid": "30626565", "highway": "residential", "lanes": null, "maxspeed": "30", "name": "Edergasse", "ref": null, "oneway": false, "reversed": "False", "length": 98.9487841547503, "junction": null, "width": "3", "service": null, "access": null, "bridge": null }, "geometry": { "type": "LineString", "coordinates": [ [ 10.8854272, 49.5709665 ], [ 10.8852829, 49.5709005 ], [ 10.8850301, 49.5706318 ], [ 10.8848518, 49.5704247 ], [ 10.8847426, 49.5703338 ], [ 10.8846068, 49.570271 ] ] } },
{ "type": "Feature", "properties": { "u": 338743757, "v": 338738376, "key": 0, "osmid": "30626110", "highway": "service", "lanes": null, "maxspeed": null, "name": "Edergasse", "ref": null, "oneway": false, "reversed": "False", "length": 6.5165125257465082, "junction": null, "width": null, "service": "driveway", "access": null, "bridge": null }, "geometry": { "type": "LineString", "coordinates": [ [ 10.8854482, 49.5710235 ], [ 10.8854272, 49.5709665 ] ] } },
{ "type": "Feature", "properties": { "u": 338743757, "v": 338743762, "key": 0, "osmid": [ 30626110, 30626567 ], "highway": [ "path", "service" ], "lanes": null, "maxspeed": null, "name": "Edergasse", "ref": null, "oneway": false, "reversed": "True", "length": 43.387881563189893, "junction": null, "width": null, "service": "driveway", "access": null, "bridge": null }, "geometry": { "type": "LineString", "coordinates": [ [ 10.8854482, 49.5710235 ], [ 10.8855834, 49.5710854 ], [ 10.8857373, 49.5711198 ], [ 10.8855499, 49.5712489 ] ] } },
{ "type": "Feature", "properties": { "u": 338743757, "v": 338743762, "key": 1, "osmid": "30626566", "highway": "path", "lanes": null, "maxspeed": null, "name": null, "ref": null, "oneway": false, "reversed": "False", "length": 26.978737215716677, "junction": null, "width": null, "service": null, "access": null, "bridge": null }, "geometry": { "type": "LineString", "coordinates": [ [ 10.8854482, 49.5710235 ], [ 10.8854392, 49.571106 ], [ 10.8855499, 49.5712489 ] ] } },
{ "type": "Feature", "properties": { "u": 338743762, "v": 258070999, "key": 0, "osmid": "30626566", "highway": "path", "lanes": null, "maxspeed": null, "name": null, "ref": null, "oneway": false, "reversed": "False", "length": 35.36648327454246, "junction": null, "width": null, "service": null, "access": null, "bridge": null }, "geometry": { "type": "LineString", "coordinates": [ [ 10.8855499, 49.5712489 ], [ 10.8851847, 49.5714612 ] ] } },
{ "type": "Feature", "properties": { "u": 338743762, "v": 338743757, "key": 0, "osmid": "30626566", "highway": "path", "lanes": null, "maxspeed": null, "name": null, "ref": null, "oneway": false, "reversed": "True", "length": 26.978737215716677, "junction": null, "width": null, "service": null, "access": null, "bridge": null }, "geometry": { "type": "LineString", "coordinates": [ [ 10.8855499, 49.5712489 ], [ 10.8854392, 49.571106 ], [ 10.8854482, 49.5710235 ] ] } },
{ "type": "Feature", "properties": { "u": 338743762, "v": 338743757, "key": 1, "osmid": [ 30626110, 30626567 ], "highway": [ "path", "service" ], "lanes": null, "maxspeed": null, "name": "Edergasse", "ref": null, "oneway": false, "reversed": "False", "length": 43.387881563189893, "junction": null, "width": null, "service": "driveway", "access": null, "bridge": null }, "geometry": { "type": "LineString", "coordinates": [ [ 10.8855499, 49.5712489 ], [ 10.8857373, 49.5711198 ], [ 10.8855834, 49.5710854 ], [ 10.8854482, 49.5710235 ] ] } },
{ "type": "Feature", "properties": { "u": 338743765, "v": 338748683, "key": 0, "osmid": "30626568", "highway": "residential", "lanes": null, "maxspeed": "30", "name": "Von-Schönborn-Straße", "ref": null, "oneway": false, "reversed": "True", "length": 43.810363424636208, "junction": null, "width": "4.5", "service": null, "access": null, "bridge": null }, "geometry": { "type": "LineString", "coordinates": [ [ 10.8886299, 49.5713502 ], [ 10.8880917, 49.571533 ] ] } },
{ "type": "Feature", "properties": { "u": 338743765, "v": 331317070, "key": 0, "osmid": "24869099", "highway": "residential", "lanes": null, "maxspeed": "30", "name": "Hans-Sachs-Straße", "ref": null, "oneway": false, "reversed": "False", "length": 116.67745641039363, "junction": null, "width": "6", "service": null, "access": null, "bridge": null }, "geometry": { "type": "LineString", "coordinates": [ [ 10.8886299, 49.5713502 ], [ 10.8884475, 49.5706784 ], [ 10.8883977, 49.5704334 ], [ 10.8884114, 49.5703775 ], [ 10.8884466, 49.5703183 ] ] } },
{ "type": "Feature", "properties": { "u": 338748683, "v": 338743765, "key": 0, "osmid": "30626568", "highway": "residential", "lanes": null, "maxspeed": "30", "name": "Von-Schönborn-Straße", "ref": null, "oneway": false, "reversed": "False", "length": 43.810363424636208, "junction": null, "width": "4.5", "service": null, "access": null, "bridge": null }, "geometry": { "type": "LineString", "coordinates": [ [ 10.8880917, 49.571533 ], [ 10.8886299, 49.5713502 ] ] } },
{ "type": "Feature", "properties": { "u": 338748683, "v": 338748684, "key": 0, "osmid": "30626568", "highway": "residential", "lanes": null, "maxspeed": "30", "name": "Von-Schönborn-Straße", "ref": null, "oneway": false, "reversed": "True", "length": 54.282422899818712, "junction": null, "width": "4.5", "service": null, "access": null, "bridge": null }, "geometry": { "type": "LineString", "coordinates": [ [ 10.8880917, 49.571533 ], [ 10.8874197, 49.571753 ] ] } },
{ "type": "Feature", "properties": { "u": 338748684, "v": 338748683, "key": 0, "osmid": "30626568", "highway": "residential", "lanes": null, "maxspeed": "30", "name": "Von-Schönborn-Straße", "ref": null, "oneway": false, "reversed": "False", "length": 54.282422899818712, "junction": null, "width": "4.5", "service": null, "access": null, "bridge": null }, "geometry": { "type": "LineString", "coordinates": [ [ 10.8874197, 49.571753 ], [ 10.8880917, 49.571533 ] ] } },
{ "type": "Feature", "properties": { "u": 338748711, "v": 338750730, "key": 0, "osmid": "30627170", "highway": "residential", "lanes": null, "maxspeed": "30", "name": "Pirckheimerstraße", "ref": null, "oneway": false, "reversed": "False", "length": 45.225130258689312, "junction": null, "width": "5.5", "service": null, "access": null, "bridge": null }, "geometry": { "type": "LineString", "coordinates": [ [ 10.8894957, 49.5713814 ], [ 10.8894075, 49.5710512 ], [ 10.8894068, 49.5709796 ] ] } },
{ "type": "Feature", "properties": { "u": 338748711, "v": 338748720, "key": 0, "osmid": "30627171", "highway": "residential", "lanes": null, "maxspeed": "30", "name": "Pirckheimerstraße", "ref": null, "oneway": false, "reversed": "True", "length": 156.15205591482425, "junction": null, "width": "5", "service": null, "access": null, "bridge": null }, "geometry": { "type": "LineString", "coordinates": [ [ 10.8894957, 49.5713814 ], [ 10.8906074, 49.5715511 ], [ 10.8915574, 49.5717979 ] ] } },
{ "type": "Feature", "properties": { "u": 338748714, "v": 3458817474, "key": 0, "osmid": "30604958", "highway": "tertiary", "lanes": "2", "maxspeed": "50", "name": "Zum Flughafen", "ref": "ERH 3", "oneway": false, "reversed": "False", "length": 19.858483638338367, "junction": null, "width": null, "service": null, "access": null, "bridge": null }, "geometry": { "type": "LineString", "coordinates": [ [ 10.8894635, 49.5708918 ], [ 10.8896866, 49.5709965 ] ] } },
{ "type": "Feature", "properties": { "u": 338748714, "v": 338750730, "key": 0, "osmid": "30627170", "highway": "residential", "lanes": null, "maxspeed": "30", "name": "Pirckheimerstraße", "ref": null, "oneway": false, "reversed": "True", "length": 10.58451905332892, "junction": null, "width": "5.5", "service": null, "access": null, "bridge": null }, "geometry": { "type": "LineString", "coordinates": [ [ 10.8894635, 49.5708918 ], [ 10.8894068, 49.5709796 ] ] } },
{ "type": "Feature", "properties": { "u": 338748714, "v": 250748547, "key": 0, "osmid": "30604958", "highway": "tertiary", "lanes": "2", "maxspeed": "50", "name": "Zum Flughafen", "ref": "ERH 3", "oneway": false, "reversed": "True", "length": 101.15004898290033, "junction": null, "width": null, "service": null, "access": null, "bridge": null }, "geometry": { "type": "LineString", "coordinates": [ [ 10.8894635, 49.5708918 ], [ 10.8893292, 49.5708236 ], [ 10.8890861, 49.5706819 ], [ 10.8888019, 49.5704734 ], [ 10.8884758, 49.5702484 ] ] } },
{ "type": "Feature", "properties": { "u": 338748720, "v": 338748711, "key": 0, "osmid": "30627171", "highway": "residential", "lanes": null, "maxspeed": "30", "name": "Pirckheimerstraße", "ref": null, "oneway": false, "reversed": "False", "length": 156.15205591482425, "junction": null, "width": "5", "service": null, "access": null, "bridge": null }, "geometry": { "type": "LineString", "coordinates": [ [ 10.8915574, 49.5717979 ], [ 10.8906074, 49.5715511 ], [ 10.8894957, 49.5713814 ] ] } },
{ "type": "Feature", "properties": { "u": 338750730, "v": 338748714, "key": 0, "osmid": "30627170", "highway": "residential", "lanes": null, "maxspeed": "30", "name": "Pirckheimerstraße", "ref": null, "oneway": false, "reversed": "False", "length": 10.58451905332892, "junction": null, "width": "5.5", "service": null, "access": null, "bridge": null }, "geometry": { "type": "LineString", "coordinates": [ [ 10.8894068, 49.5709796 ], [ 10.8894635, 49.5708918 ] ] } },
{ "type": "Feature", "properties": { "u": 338750730, "v": 338748711, "key": 0, "osmid": "30627170", "highway": "residential", "lanes": null, "maxspeed": "30", "name": "Pirckheimerstraße", "ref": null, "oneway": false, "reversed": "True", "length": 45.225130258689312, "junction": null, "width": "5.5", "service": null, "access": null, "bridge": null }, "geometry": { "type": "LineString", "coordinates": [ [ 10.8894068, 49.5709796 ], [ 10.8894075, 49.5710512 ], [ 10.8894957, 49.5713814 ] ] } },
{ "type": "Feature", "properties": { "u": 561530339, "v": 332262768, "key": 0, "osmid": "1274608163", "highway": "residential", "lanes": null, "maxspeed": "30", "name": "An der Schütt", "ref": null, "oneway": false, "reversed": "False", "length": 5.3096303036972952, "junction": null, "width": "6", "service": null, "access": null, "bridge": null }, "geometry": { "type": "LineString", "coordinates": [ [ 10.8846247, 49.567477 ], [ 10.8846978, 49.5674713 ] ] } },
{ "type": "Feature", "properties": { "u": 561530341, "v": 332262769, "key": 0, "osmid": "314737909", "highway": "tertiary", "lanes": "2", "maxspeed": null, "name": "Bahnhofstraße", "ref": "ERH 3", "oneway": false, "reversed": "True", "length": 9.5491925602771044, "junction": null, "width": null, "service": null, "access": null, "bridge": null }, "geometry": { "type": "LineString", "coordinates": [ [ 10.8849981, 49.5674007 ], [ 10.8850612, 49.5673252 ] ] } },
{ "type": "Feature", "properties": { "u": 561530341, "v": 28099738, "key": 0, "osmid": "27861535", "highway": "tertiary", "lanes": "1", "maxspeed": null, "name": null, "ref": "ERH 3", "oneway": true, "reversed": "False", "length": 18.032525631715284, "junction": "roundabout", "width": "6", "service": null, "access": null, "bridge": null }, "geometry": { "type": "LineString", "coordinates": [ [ 10.8849981, 49.5674007 ], [ 10.8850407, 49.5674177 ], [ 10.8850716, 49.5674432 ], [ 10.8850871, 49.5674741 ], [ 10.8850853, 49.5675065 ], [ 10.8850665, 49.5675365 ] ] } },
{ "type": "Feature", "properties": { "u": 561530343, "v": 332262768, "key": 0, "osmid": "1274608163", "highway": "residential", "lanes": null, "maxspeed": "30", "name": "An der Schütt", "ref": null, "oneway": false, "reversed": "True", "length": 7.9192209902472062, "junction": null, "width": "6", "service": null, "access": null, "bridge": null }, "geometry": { "type": "LineString", "coordinates": [ [ 10.8848069, 49.5674632 ], [ 10.8846978, 49.5674713 ] ] } },
{ "type": "Feature", "properties": { "u": 561530343, "v": 561530341, "key": 0, "osmid": "27861535", "highway": "tertiary", "lanes": "1", "maxspeed": null, "name": null, "ref": "ERH 3", "oneway": true, "reversed": "False", "length": 17.309320671858245, "junction": "roundabout", "width": "6", "service": null, "access": null, "bridge": null }, "geometry": { "type": "LineString", "coordinates": [ [ 10.8848069, 49.5674632 ], [ 10.8848341, 49.5674285 ], [ 10.8848809, 49.5674041 ], [ 10.8849389, 49.5673943 ], [ 10.8849981, 49.5674007 ] ] } },
{ "type": "Feature", "properties": { "u": 727734905, "v": 3867609967, "key": 0, "osmid": "23815063", "highway": "residential", "lanes": null, "maxspeed": "30", "name": "Störcher Straße", "ref": null, "oneway": false, "reversed": "False", "length": 5.9789415047087529, "junction": null, "width": "6", "service": null, "access": null, "bridge": null }, "geometry": { "type": "LineString", "coordinates": [ [ 10.8852668, 49.5676093 ], [ 10.8852496, 49.5676619 ] ] } },
{ "type": "Feature", "properties": { "u": 727734905, "v": 250748560, "key": 0, "osmid": "329597825", "highway": "residential", "lanes": null, "maxspeed": "30", "name": "Erlanger Straße", "ref": null, "oneway": false, "reversed": "False", "length": 4.5304094137563213, "junction": null, "width": "7", "service": null, "access": null, "bridge": null }, "geometry": { "type": "LineString", "coordinates": [ [ 10.8852668, 49.5676093 ], [ 10.8852126, 49.5675887 ] ] } },
{ "type": "Feature", "properties": { "u": 727734905, "v": 7183684266, "key": 0, "osmid": [ 330493360, 329597825, 323785884 ], "highway": "residential", "lanes": null, "maxspeed": "30", "name": "Erlanger Straße", "ref": null, "oneway": false, "reversed": "True", "length": 111.84710555722872, "junction": null, "width": [ "6", "8", "7" ], "service": null, "access": null, "bridge": null }, "geometry": { "type": "LineString", "coordinates": [ [ 10.8852668, 49.5676093 ], [ 10.8853939, 49.5676279 ], [ 10.8863477, 49.5676252 ], [ 10.8865834, 49.5676147 ], [ 10.8867759, 49.5675926 ], [ 10.8868102, 49.5675878 ] ] } },
{ "type": "Feature", "properties": { "u": 729846991, "v": 729847560, "key": 0, "osmid": "58904347", "highway": "residential", "lanes": null, "maxspeed": "30", "name": "Flurstraße", "ref": null, "oneway": false, "reversed": "True", "length": 118.45955565477044, "junction": null, "width": "5", "service": null, "access": null, "bridge": null }, "geometry": { "type": "LineString", "coordinates": [ [ 10.8871493, 49.5693844 ], [ 10.8870045, 49.5690753 ], [ 10.8867207, 49.5683562 ] ] } },
{ "type": "Feature", "properties": { "u": 729847560, "v": 258070978, "key": 0, "osmid": "23815064", "highway": "residential", "lanes": null, "maxspeed": "30", "name": "Cyprianstraße", "ref": null, "oneway": false, "reversed": "False", "length": 72.431438485376489, "junction": null, "width": "5", "service": null, "access": null, "bridge": null }, "geometry": { "type": "LineString", "coordinates": [ [ 10.8867207, 49.5683562 ], [ 10.8857425, 49.568504 ] ] } },
{ "type": "Feature", "properties": { "u": 729847560, "v": 3867609172, "key": 0, "osmid": "23815064", "highway": "residential", "lanes": null, "maxspeed": "30", "name": "Cyprianstraße", "ref": null, "oneway": false, "reversed": "True", "length": 49.484373423080001, "junction": null, "width": "5", "service": null, "access": null, "bridge": null }, "geometry": { "type": "LineString", "coordinates": [ [ 10.8867207, 49.5683562 ], [ 10.8873892, 49.5682558 ] ] } },
{ "type": "Feature", "properties": { "u": 729847560, "v": 729846991, "key": 0, "osmid": "58904347", "highway": "residential", "lanes": null, "maxspeed": "30", "name": "Flurstraße", "ref": null, "oneway": false, "reversed": "False", "length": 118.45955565477044, "junction": null, "width": "5", "service": null, "access": null, "bridge": null }, "geometry": { "type": "LineString", "coordinates": [ [ 10.8867207, 49.5683562 ], [ 10.8870045, 49.5690753 ], [ 10.8871493, 49.5693844 ] ] } },
{ "type": "Feature", "properties": { "u": 729848340, "v": 338728888, "key": 0, "osmid": [ 1231898066, 30626107 ], "highway": [ "service", "residential" ], "lanes": null, "maxspeed": "30", "name": "Plonergasse", "ref": null, "oneway": false, "reversed": "True", "length": 109.09369329887572, "junction": null, "width": "5.5", "service": "driveway", "access": null, "bridge": null }, "geometry": { "type": "LineString", "coordinates": [ [ 10.8871947, 49.570443 ], [ 10.887141, 49.5704496 ], [ 10.8870686, 49.5704287 ], [ 10.8869774, 49.57018 ], [ 10.8866448, 49.5702339 ], [ 10.8860122, 49.5703046 ] ] } },
{ "type": "Feature", "properties": { "u": 1794392613, "v": 3842968016, "key": 0, "osmid": "48801699", "highway": "residential", "lanes": null, "maxspeed": "30", "name": "Karl-Bröger-Straße", "ref": null, "oneway": false, "reversed": "True", "length": 64.107210246676715, "junction": null, "width": "5", "service": null, "access": null, "bridge": null }, "geometry": { "type": "LineString", "coordinates": [ [ 10.8927235, 49.5711108 ], [ 10.8924361, 49.5710969 ], [ 10.8924729, 49.570708 ] ] } },
{ "type": "Feature", "properties": { "u": 2242394108, "v": 2242399754, "key": 0, "osmid": "214766137", "highway": "service", "lanes": null, "maxspeed": null, "name": null, "ref": null, "oneway": false, "reversed": "True", "length": 97.84375278306446, "junction": null, "width": null, "service": "parking_aisle", "access": "private", "bridge": null }, "geometry": { "type": "LineString", "coordinates": [ [ 10.8906598, 49.5664216 ], [ 10.8893229, 49.5665715 ] ] } },
{ "type": "Feature", "properties": { "u": 2242394108, "v": 2242394111, "key": 0, "osmid": "217432144", "highway": "service", "lanes": null, "maxspeed": null, "name": null, "ref": null, "oneway": false, "reversed": "True", "length": 15.856523899460157, "junction": null, "width": null, "service": "parking_aisle", "access": "private", "bridge": null }, "geometry": { "type": "LineString", "coordinates": [ [ 10.8906598, 49.5664216 ], [ 10.890659, 49.5665642 ] ] } },
{ "type": "Feature", "properties": { "u": 2242394111, "v": 2242399750, "key": 0, "osmid": "214766132", "highway": "service", "lanes": null, "maxspeed": null, "name": null, "ref": null, "oneway": false, "reversed": "True", "length": 95.106684893387325, "junction": null, "width": null, "service": "parking_aisle", "access": "private", "bridge": null }, "geometry": { "type": "LineString", "coordinates": [ [ 10.890659, 49.5665642 ], [ 10.8893578, 49.5667034 ] ] } },
{ "type": "Feature", "properties": { "u": 2242394111, "v": 2242394129, "key": 0, "osmid": "214776217", "highway": "service", "lanes": null, "maxspeed": null, "name": null, "ref": null, "oneway": false, "reversed": "False", "length": 60.354603931094942, "junction": null, "width": null, "service": "parking_aisle", "access": "private", "bridge": null }, "geometry": { "type": "LineString", "coordinates": [ [ 10.890659, 49.5665642 ], [ 10.891482, 49.5664657 ] ] } },
{ "type": "Feature", "properties": { "u": 2242394111, "v": 2242394108, "key": 0, "osmid": "217432144", "highway": "service", "lanes": null, "maxspeed": null, "name": null, "ref": null, "oneway": false, "reversed": "False", "length": 15.856523899460157, "junction": null, "width": null, "service": "parking_aisle", "access": "private", "bridge": null }, "geometry": { "type": "LineString", "coordinates": [ [ 10.890659, 49.5665642 ], [ 10.8906598, 49.5664216 ] ] } },
{ "type": "Feature", "properties": { "u": 2242394111, "v": 2242394137, "key": 0, "osmid": "217432144", "highway": "service", "lanes": null, "maxspeed": null, "name": null, "ref": null, "oneway": false, "reversed": "True", "length": 15.478437976226429, "junction": null, "width": null, "service": "parking_aisle", "access": "private", "bridge": null }, "geometry": { "type": "LineString", "coordinates": [ [ 10.890659, 49.5665642 ], [ 10.8906583, 49.5667034 ] ] } },
{ "type": "Feature", "properties": { "u": 2242394112, "v": 2242394136, "key": 0, "osmid": "214776215", "highway": "service", "lanes": null, "maxspeed": null, "name": null, "ref": null, "oneway": false, "reversed": "True", "length": 60.025003233316689, "junction": null, "width": null, "service": "parking_aisle", "access": "private", "bridge": null }, "geometry": { "type": "LineString", "coordinates": [ [ 10.8914776, 49.5667504 ], [ 10.8906575, 49.5668426 ] ] } },
{ "type": "Feature", "properties": { "u": 2242394112, "v": 2266985715, "key": 0, "osmid": "217432144", "highway": "service", "lanes": null, "maxspeed": null, "name": null, "ref": null, "oneway": false, "reversed": "False", "length": 15.81373176190627, "junction": null, "width": null, "service": "parking_aisle", "access": "private", "bridge": null }, "geometry": { "type": "LineString", "coordinates": [ [ 10.8914776, 49.5667504 ], [ 10.8914743, 49.5668926 ] ] } },
{ "type": "Feature", "properties": { "u": 2242394112, "v": 2242394114, "key": 0, "osmid": "217432144", "highway": "service", "lanes": null, "maxspeed": null, "name": null, "ref": null, "oneway": false, "reversed": "True", "length": 7.7059036671780854, "junction": null, "width": null, "service": "parking_aisle", "access": "private", "bridge": null }, "geometry": { "type": "LineString", "coordinates": [ [ 10.8914776, 49.5667504 ], [ 10.8914771, 49.5666811 ] ] } },
{ "type": "Feature", "properties": { "u": 2242394114, "v": 2242394112, "key": 0, "osmid": "217432144", "highway": "service", "lanes": null, "maxspeed": null, "name": null, "ref": null, "oneway": false, "reversed": "False", "length": 7.7059036671780854, "junction": null, "width": null, "service": "parking_aisle", "access": "private", "bridge": null }, "geometry": { "type": "LineString", "coordinates": [ [ 10.8914771, 49.5666811 ], [ 10.8914776, 49.5667504 ] ] } },
{ "type": "Feature", "properties": { "u": 2242394114, "v": 2242394120, "key": 0, "osmid": "217432144", "highway": "service", "lanes": null, "maxspeed": null, "name": null, "ref": null, "oneway": false, "reversed": "True", "length": 7.3735073076298621, "junction": null, "width": null, "service": "parking_aisle", "access": "private", "bridge": null }, "geometry": { "type": "LineString", "coordinates": [ [ 10.8914771, 49.5666811 ], [ 10.891479, 49.5666148 ] ] } },
{ "type": "Feature", "properties": { "u": 2242394114, "v": 2242394135, "key": 0, "osmid": "214766140", "highway": "service", "lanes": null, "maxspeed": null, "name": null, "ref": null, "oneway": false, "reversed": "True", "length": 72.249197133191274, "junction": null, "width": null, "service": "parking_aisle", "access": "private", "bridge": null }, "geometry": { "type": "LineString", "coordinates": [ [ 10.8914771, 49.5666811 ], [ 10.8922377, 49.5667543 ], [ 10.8922791, 49.5667486 ], [ 10.8923042, 49.5667256 ], [ 10.8923007, 49.5666302 ] ] } },
{ "type": "Feature", "properties": { "u": 2242394120, "v": 2242394137, "key": 0, "osmid": "214776216", "highway": "service", "lanes": null, "maxspeed": null, "name": null, "ref": null, "oneway": false, "reversed": "True", "length": 60.000776179291492, "junction": null, "width": null, "service": "parking_aisle", "access": "private", "bridge": null }, "geometry": { "type": "LineString", "coordinates": [ [ 10.891479, 49.5666148 ], [ 10.8906583, 49.5667034 ] ] } },
{ "type": "Feature", "properties": { "u": 2242394120, "v": 2242394114, "key": 0, "osmid": "217432144", "highway": "service", "lanes": null, "maxspeed": null, "name": null, "ref": null, "oneway": false, "reversed": "False", "length": 7.3735073076298621, "junction": null, "width": null, "service": "parking_aisle", "access": "private", "bridge": null }, "geometry": { "type": "LineString", "coordinates": [ [ 10.891479, 49.5666148 ], [ 10.8914771, 49.5666811 ] ] } },
{ "type": "Feature", "properties": { "u": 2242394120, "v": 2242394134, "key": 0, "osmid": "217432144", "highway": "service", "lanes": null, "maxspeed": null, "name": null, "ref": null, "oneway": false, "reversed": "True", "length": 8.2733668549871506, "junction": null, "width": null, "service": "parking_aisle", "access": "private", "bridge": null }, "geometry": { "type": "LineString", "coordinates": [ [ 10.891479, 49.5666148 ], [ 10.8914802, 49.5665404 ] ] } },
{ "type": "Feature", "properties": { "u": 2242394123, "v": 2242395211, "key": 0, "osmid": "214766133", "highway": "service", "lanes": null, "maxspeed": null, "name": null, "ref": null, "oneway": false, "reversed": "True", "length": 23.279555532830102, "junction": null, "width": null, "service": "parking_aisle", "access": "private", "bridge": null }, "geometry": { "type": "LineString", "coordinates": [ [ 10.8917986, 49.5669713 ], [ 10.8914794, 49.5670025 ] ] } },
{ "type": "Feature", "properties": { "u": 2242394126, "v": 2242394135, "key": 0, "osmid": "214766140", "highway": "service", "lanes": null, "maxspeed": null, "name": null, "ref": null, "oneway": false, "reversed": "False", "length": 15.872141292985422, "junction": null, "width": null, "service": "parking_aisle", "access": "private", "bridge": null }, "geometry": { "type": "LineString", "coordinates": [ [ 10.8922954, 49.5664875 ], [ 10.8923007, 49.5666302 ] ] } },
{ "type": "Feature", "properties": { "u": 2242394127, "v": 2266985715, "key": 0, "osmid": "214776213", "highway": "service", "lanes": null, "maxspeed": null, "name": null, "ref": null, "oneway": false, "reversed": "False", "length": 59.991578714404753, "junction": null, "width": null, "service": "parking_aisle", "access": "private", "bridge": null }, "geometry": { "type": "LineString", "coordinates": [ [ 10.8906567, 49.5669921 ], [ 10.8914743, 49.5668926 ] ] } },
{ "type": "Feature", "properties": { "u": 2242394127, "v": 2242394136, "key": 0, "osmid": "217432144", "highway": "service", "lanes": null, "maxspeed": null, "name": null, "ref": null, "oneway": false, "reversed": "False", "length": 16.623765130233551, "junction": null, "width": null, "service": "parking_aisle", "access": "private", "bridge": null }, "geometry": { "type": "LineString", "coordinates": [ [ 10.8906567, 49.5669921 ], [ 10.8906575, 49.5668426 ] ] } },
{ "type": "Feature", "properties": { "u": 2242394127, "v": 2242399746, "key": 0, "osmid": "31132944", "highway": "service", "lanes": null, "maxspeed": null, "name": null, "ref": null, "oneway": false, "reversed": "True", "length": 27.79754099405098, "junction": null, "width": null, "service": "parking_aisle", "access": "private", "bridge": null }, "geometry": { "type": "LineString", "coordinates": [ [ 10.8906567, 49.5669921 ], [ 10.8904415, 49.567005 ], [ 10.8902733, 49.5670177 ] ] } },
{ "type": "Feature", "properties": { "u": 2242394127, "v": 2242395211, "key": 0, "osmid": "217432144", "highway": "service", "lanes": null, "maxspeed": null, "name": null, "ref": null, "oneway": false, "reversed": "True", "length": 75.725440766719146, "junction": null, "width": null, "service": "parking_aisle", "access": "private", "bridge": null }, "geometry": { "type": "LineString", "coordinates": [ [ 10.8906567, 49.5669921 ], [ 10.8906576, 49.5670866 ], [ 10.8906748, 49.5671065 ], [ 10.8907115, 49.5671183 ], [ 10.8914773, 49.5670362 ], [ 10.8914794, 49.5670025 ] ] } },
{ "type": "Feature", "properties": { "u": 2242394129, "v": 2242394111, "key": 0, "osmid": "214776217", "highway": "service", "lanes": null, "maxspeed": null, "name": null, "ref": null, "oneway": false, "reversed": "True", "length": 60.354603931094942, "junction": null, "width": null, "service": "parking_aisle", "access": "private", "bridge": null }, "geometry": { "type": "LineString", "coordinates": [ [ 10.891482, 49.5664657 ], [ 10.890659, 49.5665642 ] ] } },
{ "type": "Feature", "properties": { "u": 2242394129, "v": 2242394134, "key": 0, "osmid": "217432144", "highway": "service", "lanes": null, "maxspeed": null, "name": null, "ref": null, "oneway": false, "reversed": "False", "length": 8.3072870401290135, "junction": null, "width": null, "service": "parking_aisle", "access": "private", "bridge": null }, "geometry": { "type": "LineString", "coordinates": [ [ 10.891482, 49.5664657 ], [ 10.8914802, 49.5665404 ] ] } },
{ "type": "Feature", "properties": { "u": 2242394134, "v": 2242394135, "key": 0, "osmid": "214766141", "highway": "service", "lanes": null, "maxspeed": null, "name": null, "ref": null, "oneway": false, "reversed": "True", "length": 60.008695668670171, "junction": null, "width": null, "service": "parking_aisle", "access": "private", "bridge": null }, "geometry": { "type": "LineString", "coordinates": [ [ 10.8914802, 49.5665404 ], [ 10.8923007, 49.5666302 ] ] } },
{ "type": "Feature", "properties": { "u": 2242394134, "v": 2242394120, "key": 0, "osmid": "217432144", "highway": "service", "lanes": null, "maxspeed": null, "name": null, "ref": null, "oneway": false, "reversed": "False", "length": 8.2733668549871506, "junction": null, "width": null, "service": "parking_aisle", "access": "private", "bridge": null }, "geometry": { "type": "LineString", "coordinates": [ [ 10.8914802, 49.5665404 ], [ 10.891479, 49.5666148 ] ] } },
{ "type": "Feature", "properties": { "u": 2242394134, "v": 2242394129, "key": 0, "osmid": "217432144", "highway": "service", "lanes": null, "maxspeed": null, "name": null, "ref": null, "oneway": false, "reversed": "True", "length": 8.3072870401290135, "junction": null, "width": null, "service": "parking_aisle", "access": "private", "bridge": null }, "geometry": { "type": "LineString", "coordinates": [ [ 10.8914802, 49.5665404 ], [ 10.891482, 49.5664657 ] ] } },
{ "type": "Feature", "properties": { "u": 2242394135, "v": 2242394126, "key": 0, "osmid": "214766140", "highway": "service", "lanes": null, "maxspeed": null, "name": null, "ref": null, "oneway": false, "reversed": "True", "length": 15.872141292985422, "junction": null, "width": null, "service": "parking_aisle", "access": "private", "bridge": null }, "geometry": { "type": "LineString", "coordinates": [ [ 10.8923007, 49.5666302 ], [ 10.8922954, 49.5664875 ] ] } },
{ "type": "Feature", "properties": { "u": 2242394135, "v": 2242394134, "key": 0, "osmid": "214766141", "highway": "service", "lanes": null, "maxspeed": null, "name": null, "ref": null, "oneway": false, "reversed": "False", "length": 60.008695668670171, "junction": null, "width": null, "service": "parking_aisle", "access": "private", "bridge": null }, "geometry": { "type": "LineString", "coordinates": [ [ 10.8923007, 49.5666302 ], [ 10.8914802, 49.5665404 ] ] } },
{ "type": "Feature", "properties": { "u": 2242394135, "v": 2242394114, "key": 0, "osmid": "214766140", "highway": "service", "lanes": null, "maxspeed": null, "name": null, "ref": null, "oneway": false, "reversed": "False", "length": 72.249197133191274, "junction": null, "width": null, "service": "parking_aisle", "access": "private", "bridge": null }, "geometry": { "type": "LineString", "coordinates": [ [ 10.8923007, 49.5666302 ], [ 10.8923042, 49.5667256 ], [ 10.8922791, 49.5667486 ], [ 10.8922377, 49.5667543 ], [ 10.8914771, 49.5666811 ] ] } },
{ "type": "Feature", "properties": { "u": 2242394136, "v": 2242399756, "key": 0, "osmid": "214766142", "highway": "service", "lanes": null, "maxspeed": null, "name": null, "ref": null, "oneway": false, "reversed": "True", "length": 52.218916936142953, "junction": null, "width": null, "service": "parking_aisle", "access": "private", "bridge": null }, "geometry": { "type": "LineString", "coordinates": [ [ 10.8906575, 49.5668426 ], [ 10.8899419, 49.5669143 ] ] } },
{ "type": "Feature", "properties": { "u": 2242394136, "v": 2242394112, "key": 0, "osmid": "214776215", "highway": "service", "lanes": null, "maxspeed": null, "name": null, "ref": null, "oneway": false, "reversed": "False", "length": 60.025003233316689, "junction": null, "width": null, "service": "parking_aisle", "access": "private", "bridge": null }, "geometry": { "type": "LineString", "coordinates": [ [ 10.8906575, 49.5668426 ], [ 10.8914776, 49.5667504 ] ] } },
{ "type": "Feature", "properties": { "u": 2242394136, "v": 2242394137, "key": 0, "osmid": "217432144", "highway": "service", "lanes": null, "maxspeed": null, "name": null, "ref": null, "oneway": false, "reversed": "False", "length": 15.478463176142354, "junction": null, "width": null, "service": "parking_aisle", "access": "private", "bridge": null }, "geometry": { "type": "LineString", "coordinates": [ [ 10.8906575, 49.5668426 ], [ 10.8906583, 49.5667034 ] ] } },
{ "type": "Feature", "properties": { "u": 2242394136, "v": 2242394127, "key": 0, "osmid": "217432144", "highway": "service", "lanes": null, "maxspeed": null, "name": null, "ref": null, "oneway": false, "reversed": "True", "length": 16.623765130233551, "junction": null, "width": null, "service": "parking_aisle", "access": "private", "bridge": null }, "geometry": { "type": "LineString", "coordinates": [ [ 10.8906575, 49.5668426 ], [ 10.8906567, 49.5669921 ] ] } },
{ "type": "Feature", "properties": { "u": 2242394137, "v": 2242399748, "key": 0, "osmid": "214766139", "highway": "service", "lanes": null, "maxspeed": null, "name": null, "ref": null, "oneway": false, "reversed": "True", "length": 88.064238106862177, "junction": null, "width": null, "service": "parking_aisle", "access": "private", "bridge": null }, "geometry": { "type": "LineString", "coordinates": [ [ 10.8906583, 49.5667034 ], [ 10.8894543, 49.5668356 ] ] } },
{ "type": "Feature", "properties": { "u": 2242394137, "v": 2242394120, "key": 0, "osmid": "214776216", "highway": "service", "lanes": null, "maxspeed": null, "name": null, "ref": null, "oneway": false, "reversed": "False", "length": 60.000776179291492, "junction": null, "width": null, "service": "parking_aisle", "access": "private", "bridge": null }, "geometry": { "type": "LineString", "coordinates": [ [ 10.8906583, 49.5667034 ], [ 10.891479, 49.5666148 ] ] } },
{ "type": "Feature", "properties": { "u": 2242394137, "v": 2242394111, "key": 0, "osmid": "217432144", "highway": "service", "lanes": null, "maxspeed": null, "name": null, "ref": null, "oneway": false, "reversed": "False", "length": 15.478437976226429, "junction": null, "width": null, "service": "parking_aisle", "access": "private", "bridge": null }, "geometry": { "type": "LineString", "coordinates": [ [ 10.8906583, 49.5667034 ], [ 10.890659, 49.5665642 ] ] } },
{ "type": "Feature", "properties": { "u": 2242394137, "v": 2242394136, "key": 0, "osmid": "217432144", "highway": "service", "lanes": null, "maxspeed": null, "name": null, "ref": null, "oneway": false, "reversed": "True", "length": 15.478463176142354, "junction": null, "width": null, "service": "parking_aisle", "access": "private", "bridge": null }, "geometry": { "type": "LineString", "coordinates": [ [ 10.8906583, 49.5667034 ], [ 10.8906575, 49.5668426 ] ] } },
{ "type": "Feature", "properties": { "u": 2242395211, "v": 2242394123, "key": 0, "osmid": "214766133", "highway": "service", "lanes": null, "maxspeed": null, "name": null, "ref": null, "oneway": false, "reversed": "False", "length": 23.279555532830102, "junction": null, "width": null, "service": "parking_aisle", "access": "private", "bridge": null }, "geometry": { "type": "LineString", "coordinates": [ [ 10.8914794, 49.5670025 ], [ 10.8917986, 49.5669713 ] ] } },
{ "type": "Feature", "properties": { "u": 2242395211, "v": 2266985715, "key": 0, "osmid": "217432144", "highway": "service", "lanes": null, "maxspeed": null, "name": null, "ref": null, "oneway": false, "reversed": "True", "length": 12.225873190150317, "junction": null, "width": null, "service": "parking_aisle", "access": "private", "bridge": null }, "geometry": { "type": "LineString", "coordinates": [ [ 10.8914794, 49.5670025 ], [ 10.8914743, 49.5668926 ] ] } },
{ "type": "Feature", "properties": { "u": 2242395211, "v": 2242394127, "key": 0, "osmid": "217432144", "highway": "service", "lanes": null, "maxspeed": null, "name": null, "ref": null, "oneway": false, "reversed": "False", "length": 75.725440766719146, "junction": null, "width": null, "service": "parking_aisle", "access": "private", "bridge": null }, "geometry": { "type": "LineString", "coordinates": [ [ 10.8914794, 49.5670025 ], [ 10.8914773, 49.5670362 ], [ 10.8907115, 49.5671183 ], [ 10.8906748, 49.5671065 ], [ 10.8906576, 49.5670866 ], [ 10.8906567, 49.5669921 ] ] } },
{ "type": "Feature", "properties": { "u": 2242399746, "v": 3835497707, "key": 0, "osmid": "266638435", "highway": "track", "lanes": null, "maxspeed": null, "name": null, "ref": null, "oneway": false, "reversed": "True", "length": 9.7147124786850281, "junction": null, "width": null, "service": null, "access": null, "bridge": null }, "geometry": { "type": "LineString", "coordinates": [ [ 10.8902733, 49.5670177 ], [ 10.8902171, 49.5670971 ] ] } },
{ "type": "Feature", "properties": { "u": 2242399746, "v": 2242394127, "key": 0, "osmid": "31132944", "highway": "service", "lanes": null, "maxspeed": null, "name": null, "ref": null, "oneway": false, "reversed": "False", "length": 27.79754099405098, "junction": null, "width": null, "service": "parking_aisle", "access": "private", "bridge": null }, "geometry": { "type": "LineString", "coordinates": [ [ 10.8902733, 49.5670177 ], [ 10.8904415, 49.567005 ], [ 10.8906567, 49.5669921 ] ] } },
{ "type": "Feature", "properties": { "u": 2242399746, "v": 2242399756, "key": 0, "osmid": "31132944", "highway": "service", "lanes": null, "maxspeed": null, "name": null, "ref": null, "oneway": false, "reversed": "True", "length": 26.581873117007817, "junction": null, "width": null, "service": "parking_aisle", "access": "private", "bridge": null }, "geometry": { "type": "LineString", "coordinates": [ [ 10.8902733, 49.5670177 ], [ 10.8901231, 49.5669619 ], [ 10.8899419, 49.5669143 ] ] } },
{ "type": "Feature", "properties": { "u": 2242399748, "v": 2242394137, "key": 0, "osmid": "214766139", "highway": "service", "lanes": null, "maxspeed": null, "name": null, "ref": null, "oneway": false, "reversed": "False", "length": 88.064238106862177, "junction": null, "width": null, "service": "parking_aisle", "access": "private", "bridge": null }, "geometry": { "type": "LineString", "coordinates": [ [ 10.8894543, 49.5668356 ], [ 10.8906583, 49.5667034 ] ] } },
{ "type": "Feature", "properties": { "u": 2242399748, "v": 2242399756, "key": 0, "osmid": "31132944", "highway": "service", "lanes": null, "maxspeed": null, "name": null, "ref": null, "oneway": false, "reversed": "False", "length": 36.774990326849043, "junction": null, "width": null, "service": "parking_aisle", "access": "private", "bridge": null }, "geometry": { "type": "LineString", "coordinates": [ [ 10.8894543, 49.5668356 ], [ 10.8896489, 49.5668957 ], [ 10.8899419, 49.5669143 ] ] } },
{ "type": "Feature", "properties": { "u": 2242399748, "v": 2242399750, "key": 0, "osmid": "31132944", "highway": "service", "lanes": null, "maxspeed": null, "name": null, "ref": null, "oneway": false, "reversed": "True", "length": 16.390270806064905, "junction": null, "width": null, "service": "parking_aisle", "access": "private", "bridge": null }, "geometry": { "type": "LineString", "coordinates": [ [ 10.8894543, 49.5668356 ], [ 10.8893934, 49.5667735 ], [ 10.8893578, 49.5667034 ] ] } },
{ "type": "Feature", "properties": { "u": 2242399750, "v": 2242394111, "key": 0, "osmid": "214766132", "highway": "service", "lanes": null, "maxspeed": null, "name": null, "ref": null, "oneway": false, "reversed": "False", "length": 95.106684893387325, "junction": null, "width": null, "service": "parking_aisle", "access": "private", "bridge": null }, "geometry": { "type": "LineString", "coordinates": [ [ 10.8893578, 49.5667034 ], [ 10.890659, 49.5665642 ] ] } },
{ "type": "Feature", "properties": { "u": 2242399750, "v": 2242399748, "key": 0, "osmid": "31132944", "highway": "service", "lanes": null, "maxspeed": null, "name": null, "ref": null, "oneway": false, "reversed": "False", "length": 16.390270806064905, "junction": null, "width": null, "service": "parking_aisle", "access": "private", "bridge": null }, "geometry": { "type": "LineString", "coordinates": [ [ 10.8893578, 49.5667034 ], [ 10.8893934, 49.5667735 ], [ 10.8894543, 49.5668356 ] ] } },
{ "type": "Feature", "properties": { "u": 2242399750, "v": 2242399754, "key": 0, "osmid": "31132944", "highway": "service", "lanes": null, "maxspeed": null, "name": null, "ref": null, "oneway": false, "reversed": "True", "length": 14.899846111854, "junction": null, "width": null, "service": "parking_aisle", "access": "private", "bridge": null }, "geometry": { "type": "LineString", "coordinates": [ [ 10.8893578, 49.5667034 ], [ 10.8893356, 49.5666394 ], [ 10.8893229, 49.5665715 ] ] } },
{ "type": "Feature", "properties": { "u": 2242399752, "v": 2242399754, "key": 0, "osmid": "31132944", "highway": "service", "lanes": null, "maxspeed": null, "name": null, "ref": null, "oneway": false, "reversed": "False", "length": 18.761039694064031, "junction": null, "width": null, "service": "parking_aisle", "access": "private", "bridge": null }, "geometry": { "type": "LineString", "coordinates": [ [ 10.8893953, 49.5664146 ], [ 10.8893549, 49.5664565 ], [ 10.8893259, 49.5664957 ], [ 10.8893229, 49.5665715 ] ] } },
{ "type": "Feature", "properties": { "u": 2242399754, "v": 2242394108, "key": 0, "osmid": "214766137", "highway": "service", "lanes": null, "maxspeed": null, "name": null, "ref": null, "oneway": false, "reversed": "False", "length": 97.84375278306446, "junction": null, "width": null, "service": "parking_aisle", "access": "private", "bridge": null }, "geometry": { "type": "LineString", "coordinates": [ [ 10.8893229, 49.5665715 ], [ 10.8906598, 49.5664216 ] ] } },
{ "type": "Feature", "properties": { "u": 2242399754, "v": 2242399750, "key": 0, "osmid": "31132944", "highway": "service", "lanes": null, "maxspeed": null, "name": null, "ref": null, "oneway": false, "reversed": "False", "length": 14.899846111854, "junction": null, "width": null, "service": "parking_aisle", "access": "private", "bridge": null }, "geometry": { "type": "LineString", "coordinates": [ [ 10.8893229, 49.5665715 ], [ 10.8893356, 49.5666394 ], [ 10.8893578, 49.5667034 ] ] } },
{ "type": "Feature", "properties": { "u": 2242399754, "v": 2242399752, "key": 0, "osmid": "31132944", "highway": "service", "lanes": null, "maxspeed": null, "name": null, "ref": null, "oneway": false, "reversed": "True", "length": 18.761039694064031, "junction": null, "width": null, "service": "parking_aisle", "access": "private", "bridge": null }, "geometry": { "type": "LineString", "coordinates": [ [ 10.8893229, 49.5665715 ], [ 10.8893259, 49.5664957 ], [ 10.8893549, 49.5664565 ], [ 10.8893953, 49.5664146 ] ] } },
{ "type": "Feature", "properties": { "u": 2242399756, "v": 2242394136, "key": 0, "osmid": "214766142", "highway": "service", "lanes": null, "maxspeed": null, "name": null, "ref": null, "oneway": false, "reversed": "False", "length": 52.218916936142953, "junction": null, "width": null, "service": "parking_aisle", "access": "private", "bridge": null }, "geometry": { "type": "LineString", "coordinates": [ [ 10.8899419, 49.5669143 ], [ 10.8906575, 49.5668426 ] ] } },
{ "type": "Feature", "properties": { "u": 2242399756, "v": 2242399746, "key": 0, "osmid": "31132944", "highway": "service", "lanes": null, "maxspeed": null, "name": null, "ref": null, "oneway": false, "reversed": "False", "length": 26.581873117007817, "junction": null, "width": null, "service": "parking_aisle", "access": "private", "bridge": null }, "geometry": { "type": "LineString", "coordinates": [ [ 10.8899419, 49.5669143 ], [ 10.8901231, 49.5669619 ], [ 10.8902733, 49.5670177 ] ] } },
{ "type": "Feature", "properties": { "u": 2242399756, "v": 2242399748, "key": 0, "osmid": "31132944", "highway": "service", "lanes": null, "maxspeed": null, "name": null, "ref": null, "oneway": false, "reversed": "True", "length": 36.774990326849043, "junction": null, "width": null, "service": "parking_aisle", "access": "private", "bridge": null }, "geometry": { "type": "LineString", "coordinates": [ [ 10.8899419, 49.5669143 ], [ 10.8896489, 49.5668957 ], [ 10.8894543, 49.5668356 ] ] } },
{ "type": "Feature", "properties": { "u": 2261652571, "v": 3830184598, "key": 0, "osmid": "30094380", "highway": "residential", "lanes": "2", "maxspeed": "50", "name": "Erlanger Straße", "ref": null, "oneway": false, "reversed": "False", "length": 6.8365992046670137, "junction": null, "width": null, "service": null, "access": null, "bridge": null }, "geometry": { "type": "LineString", "coordinates": [ [ 10.8924074, 49.5669675 ], [ 10.892331, 49.5670039 ] ] } },
{ "type": "Feature", "properties": { "u": 2261652571, "v": 3835497722, "key": 0, "osmid": "216821906", "highway": "path", "lanes": null, "maxspeed": null, "name": null, "ref": null, "oneway": false, "reversed": "True", "length": 7.7479844054510512, "junction": null, "width": null, "service": null, "access": null, "bridge": null }, "geometry": { "type": "LineString", "coordinates": [ [ 10.8924074, 49.5669675 ], [ 10.8924016, 49.5669154 ], [ 10.8923997, 49.566898 ] ] } },
{ "type": "Feature", "properties": { "u": 2266985715, "v": 2242394127, "key": 0, "osmid": "214776213", "highway": "service", "lanes": null, "maxspeed": null, "name": null, "ref": null, "oneway": false, "reversed": "True", "length": 59.991578714404753, "junction": null, "width": null, "service": "parking_aisle", "access": "private", "bridge": null }, "geometry": { "type": "LineString", "coordinates": [ [ 10.8914743, 49.5668926 ], [ 10.8906567, 49.5669921 ] ] } },
{ "type": "Feature", "properties": { "u": 2266985715, "v": 2242395211, "key": 0, "osmid": "217432144", "highway": "service", "lanes": null, "maxspeed": null, "name": null, "ref": null, "oneway": false, "reversed": "False", "length": 12.225873190150317, "junction": null, "width": null, "service": "parking_aisle", "access": "private", "bridge": null }, "geometry": { "type": "LineString", "coordinates": [ [ 10.8914743, 49.5668926 ], [ 10.8914794, 49.5670025 ] ] } },
{ "type": "Feature", "properties": { "u": 2266985715, "v": 2242394112, "key": 0, "osmid": "217432144", "highway": "service", "lanes": null, "maxspeed": null, "name": null, "ref": null, "oneway": false, "reversed": "True", "length": 15.81373176190627, "junction": null, "width": null, "service": "parking_aisle", "access": "private", "bridge": null }, "geometry": { "type": "LineString", "coordinates": [ [ 10.8914743, 49.5668926 ], [ 10.8914776, 49.5667504 ] ] } },
{ "type": "Feature", "properties": { "u": 2266985715, "v": 3867609166, "key": 0, "osmid": "217432145", "highway": "service", "lanes": null, "maxspeed": null, "name": null, "ref": null, "oneway": false, "reversed": "False", "length": 58.649642414258949, "junction": null, "width": null, "service": "parking_aisle", "access": "private", "bridge": null }, "geometry": { "type": "LineString", "coordinates": [ [ 10.8914743, 49.5668926 ], [ 10.8917948, 49.5668499 ], [ 10.8918927, 49.5668497 ], [ 10.8920073, 49.5668672 ], [ 10.8921043, 49.5668887 ], [ 10.8921669, 49.5669242 ], [ 10.8922156, 49.5669692 ] ] } },
{ "type": "Feature", "properties": { "u": 2576374450, "v": 2576374461, "key": 0, "osmid": "4838944", "highway": "residential", "lanes": null, "maxspeed": "30", "name": "Schützengraben", "ref": null, "oneway": false, "reversed": "False", "length": 36.620599991545667, "junction": null, "width": "6", "service": null, "access": null, "bridge": null }, "geometry": { "type": "LineString", "coordinates": [ [ 10.8916723, 49.5674742 ], [ 10.8921378, 49.5676058 ] ] } },
{ "type": "Feature", "properties": { "u": 2576374450, "v": 3867608763, "key": 0, "osmid": "251412555", "highway": "footway", "lanes": null, "maxspeed": null, "name": null, "ref": null, "oneway": false, "reversed": "False", "length": 4.5650511244674554, "junction": null, "width": null, "service": null, "access": null, "bridge": null }, "geometry": { "type": "LineString", "coordinates": [ [ 10.8916723, 49.5674742 ], [ 10.891664, 49.5675149 ] ] } },
{ "type": "Feature", "properties": { "u": 2576374450, "v": 3867679857, "key": 0, "osmid": "4838944", "highway": "residential", "lanes": null, "maxspeed": "30", "name": "Schützengraben", "ref": null, "oneway": false, "reversed": "True", "length": 24.262095526844227, "junction": null, "width": "6", "service": null, "access": null, "bridge": null }, "geometry": { "type": "LineString", "coordinates": [ [ 10.8916723, 49.5674742 ], [ 10.8915222, 49.567432 ], [ 10.8913716, 49.567377 ] ] } },
{ "type": "Feature", "properties": { "u": 2576374461, "v": 2576374450, "key": 0, "osmid": "4838944", "highway": "residential", "lanes": null, "maxspeed": "30", "name": "Schützengraben", "ref": null, "oneway": false, "reversed": "True", "length": 36.620599991545667, "junction": null, "width": "6", "service": null, "access": null, "bridge": null }, "geometry": { "type": "LineString", "coordinates": [ [ 10.8921378, 49.5676058 ], [ 10.8916723, 49.5674742 ] ] } },
{ "type": "Feature", "properties": { "u": 2576374461, "v": 3867608764, "key": 0, "osmid": "251412557", "highway": "service", "lanes": null, "maxspeed": null, "name": "Am Friedhof", "ref": null, "oneway": false, "reversed": "False", "length": 4.0706600359600866, "junction": null, "width": null, "service": "driveway", "access": "private", "bridge": null }, "geometry": { "type": "LineString", "coordinates": [ [ 10.8921378, 49.5676058 ], [ 10.892139, 49.5676424 ] ] } },
{ "type": "Feature", "properties": { "u": 2576374538, "v": 11862594175, "key": 0, "osmid": "251412481", "highway": "living_street", "lanes": null, "maxspeed": "7", "name": "Brentanostraße", "ref": null, "oneway": false, "reversed": "False", "length": 12.733751359780488, "junction": null, "width": "6", "service": null, "access": null, "bridge": null }, "geometry": { "type": "LineString", "coordinates": [ [ 10.8897541, 49.5694915 ], [ 10.8897722, 49.5694718 ], [ 10.8897994, 49.5694572 ], [ 10.8898327, 49.5694495 ], [ 10.889868, 49.5694495 ], [ 10.8899012, 49.5694572 ] ] } },
{ "type": "Feature", "properties": { "u": 2576374538, "v": 11862594179, "key": 0, "osmid": "251412481", "highway": "living_street", "lanes": null, "maxspeed": "7", "name": "Brentanostraße", "ref": null, "oneway": false, "reversed": "True", "length": 20.192218402827827, "junction": null, "width": "6", "service": null, "access": null, "bridge": null }, "geometry": { "type": "LineString", "coordinates": [ [ 10.8897541, 49.5694915 ], [ 10.8897473, 49.5695139 ], [ 10.8897519, 49.569535 ], [ 10.8897665, 49.5695541 ], [ 10.8897897, 49.5695693 ], [ 10.889819, 49.5695789 ], [ 10.8898515, 49.5695821 ], [ 10.8898839, 49.5695784 ], [ 10.8899128, 49.5695683 ], [ 10.8899229, 49.5695614 ] ] } },
{ "type": "Feature", "properties": { "u": 2576374538, "v": 270247665, "key": 0, "osmid": [ 1277861152, 1235182122, 30625518 ], "highway": [ "residential", "living_street" ], "lanes": null, "maxspeed": "7", "name": "Brentanostraße", "ref": null, "oneway": false, "reversed": "False", "length": 93.587791106315336, "junction": null, "width": [ "5.5", "3", "4" ], "service": null, "access": null, "bridge": null }, "geometry": { "type": "LineString", "coordinates": [ [ 10.8897541, 49.5694915 ], [ 10.8893165, 49.5695066 ], [ 10.8892978, 49.5698441 ], [ 10.8892857, 49.5700637 ] ] } },
{ "type": "Feature", "properties": { "u": 2576374544, "v": 3832883577, "key": 0, "osmid": "1287170407", "highway": "footway", "lanes": null, "maxspeed": null, "name": null, "ref": null, "oneway": false, "reversed": "True", "length": 24.170664318734246, "junction": null, "width": null, "service": null, "access": null, "bridge": null }, "geometry": { "type": "LineString", "coordinates": [ [ 10.8919361, 49.5695471 ], [ 10.8916011, 49.5695542 ] ] } },
{ "type": "Feature", "properties": { "u": 2576374544, "v": 11862556552, "key": 0, "osmid": "251412555", "highway": "footway", "lanes": null, "maxspeed": null, "name": null, "ref": null, "oneway": false, "reversed": "True", "length": 98.71588377355809, "junction": null, "width": null, "service": null, "access": null, "bridge": null }, "geometry": { "type": "LineString", "coordinates": [ [ 10.8919361, 49.5695471 ], [ 10.8918737, 49.5690859 ], [ 10.8919192, 49.5690824 ], [ 10.8919026, 49.5689612 ], [ 10.8918606, 49.5689635 ], [ 10.8918269, 49.5687184 ] ] } },
{ "type": "Feature", "properties": { "u": 2752741419, "v": 332262769, "key": 0, "osmid": "380209344", "highway": "footway", "lanes": null, "maxspeed": null, "name": null, "ref": null, "oneway": false, "reversed": "True", "length": 8.6884144668099115, "junction": null, "width": null, "service": null, "access": null, "bridge": null }, "geometry": { "type": "LineString", "coordinates": [ [ 10.8849482, 49.5672981 ], [ 10.8850612, 49.5673252 ] ] } },
{ "type": "Feature", "properties": { "u": 2752741419, "v": 3850350757, "key": 0, "osmid": "381856960", "highway": "footway", "lanes": null, "maxspeed": null, "name": null, "ref": null, "oneway": false, "reversed": "False", "length": 8.0160864317188025, "junction": null, "width": null, "service": null, "access": null, "bridge": null }, "geometry": { "type": "LineString", "coordinates": [ [ 10.8849482, 49.5672981 ], [ 10.8848422, 49.5672764 ] ] } },
{ "type": "Feature", "properties": { "u": 2752741419, "v": 3835514207, "key": 0, "osmid": "270228330", "highway": "footway", "lanes": null, "maxspeed": null, "name": null, "ref": null, "oneway": false, "reversed": "False", "length": 18.34044572171841, "junction": null, "width": null, "service": null, "access": null, "bridge": null }, "geometry": { "type": "LineString", "coordinates": [ [ 10.8849482, 49.5672981 ], [ 10.8849003, 49.5673411 ], [ 10.8847715, 49.5673759 ], [ 10.8847459, 49.5673894 ] ] } },
{ "type": "Feature", "properties": { "u": 2752741419, "v": 2752741427, "key": 0, "osmid": "270228330", "highway": "footway", "lanes": null, "maxspeed": null, "name": null, "ref": null, "oneway": false, "reversed": "True", "length": 56.135029589826601, "junction": null, "width": null, "service": null, "access": null, "bridge": null }, "geometry": { "type": "LineString", "coordinates": [ [ 10.8849482, 49.5672981 ], [ 10.8849888, 49.5672507 ], [ 10.8850237, 49.5671428 ], [ 10.8850478, 49.567042 ], [ 10.8850534, 49.5668752 ], [ 10.8850559, 49.5668037 ] ] } },
{ "type": "Feature", "properties": { "u": 2752741419, "v": 249089722, "key": 0, "osmid": "863032638", "highway": "cycleway", "lanes": null, "maxspeed": null, "name": null, "ref": null, "oneway": false, "reversed": "True", "length": 64.336716877512259, "junction": null, "width": "1", "service": null, "access": null, "bridge": null }, "geometry": { "type": "LineString", "coordinates": [ [ 10.8849482, 49.5672981 ], [ 10.8849851, 49.567282 ], [ 10.8850075, 49.5672516 ], [ 10.885032, 49.5672004 ], [ 10.8850587, 49.5671346 ], [ 10.8850705, 49.5670869 ], [ 10.8850833, 49.5670218 ], [ 10.8850833, 49.5669471 ], [ 10.8850822, 49.5668876 ], [ 10.8850865, 49.5668385 ], [ 10.8850971, 49.5668039 ], [ 10.8851028, 49.5667422 ] ] } },
{ "type": "Feature", "properties": { "u": 2752741427, "v": 249089722, "key": 0, "osmid": "381856964", "highway": "footway", "lanes": null, "maxspeed": null, "name": null, "ref": null, "oneway": false, "reversed": "False", "length": 7.6292114478724438, "junction": null, "width": null, "service": null, "access": null, "bridge": null }, "geometry": { "type": "LineString", "coordinates": [ [ 10.8850559, 49.5668037 ], [ 10.8851028, 49.5667422 ] ] } },
{ "type": "Feature", "properties": { "u": 2752741427, "v": 2752741419, "key": 0, "osmid": "270228330", "highway": "footway", "lanes": null, "maxspeed": null, "name": null, "ref": null, "oneway": false, "reversed": "False", "length": 56.135029589826594, "junction": null, "width": null, "service": null, "access": null, "bridge": null }, "geometry": { "type": "LineString", "coordinates": [ [ 10.8850559, 49.5668037 ], [ 10.8850534, 49.5668752 ], [ 10.8850478, 49.567042 ], [ 10.8850237, 49.5671428 ], [ 10.8849888, 49.5672507 ], [ 10.8849482, 49.5672981 ] ] } },
{ "type": "Feature", "properties": { "u": 2783016264, "v": 2783016355, "key": 0, "osmid": "398475214", "highway": "service", "lanes": null, "maxspeed": null, "name": null, "ref": null, "oneway": false, "reversed": "True", "length": 18.643719103373552, "junction": null, "width": null, "service": null, "access": null, "bridge": null }, "geometry": { "type": "LineString", "coordinates": [ [ 10.8897319, 49.5675913 ], [ 10.8896337, 49.5674362 ] ] } },
{ "type": "Feature", "properties": { "u": 2783016264, "v": 2783016312, "key": 0, "osmid": "273452261", "highway": "service", "lanes": null, "maxspeed": null, "name": null, "ref": null, "oneway": false, "reversed": "False", "length": 57.061044317414463, "junction": null, "width": null, "service": "driveway", "access": null, "bridge": null }, "geometry": { "type": "LineString", "coordinates": [ [ 10.8897319, 49.5675913 ], [ 10.8897471, 49.5680353 ], [ 10.8898168, 49.5680875 ] ] } },
{ "type": "Feature", "properties": { "u": 2783016264, "v": 4924799675, "key": 0, "osmid": "331465725", "highway": "footway", "lanes": null, "maxspeed": null, "name": null, "ref": null, "oneway": false, "reversed": "True", "length": 57.527039585623861, "junction": null, "width": null, "service": null, "access": null, "bridge": null }, "geometry": { "type": "LineString", "coordinates": [ [ 10.8897319, 49.5675913 ], [ 10.8891928, 49.567656 ], [ 10.8890624, 49.5676716 ], [ 10.8889475, 49.5676854 ] ] } },
{ "type": "Feature", "properties": { "u": 2783016267, "v": 3867609968, "key": 0, "osmid": "273452266", "highway": "service", "lanes": null, "maxspeed": null, "name": null, "ref": null, "oneway": false, "reversed": "False", "length": 11.818375619876818, "junction": null, "width": null, "service": null, "access": null, "bridge": null }, "geometry": { "type": "LineString", "coordinates": [ [ 10.8906158, 49.5677468 ], [ 10.8904521, 49.5677518 ] ] } },
{ "type": "Feature", "properties": { "u": 2783016267, "v": 3832423808, "key": 0, "osmid": "273452278", "highway": "service", "lanes": null, "maxspeed": null, "name": null, "ref": null, "oneway": false, "reversed": "False", "length": 12.288616616097217, "junction": null, "width": null, "service": "parking_aisle", "access": null, "bridge": null }, "geometry": { "type": "LineString", "coordinates": [ [ 10.8906158, 49.5677468 ], [ 10.8906052, 49.5676365 ] ] } },
{ "type": "Feature", "properties": { "u": 2783016267, "v": 2783016284, "key": 0, "osmid": "273452278", "highway": "service", "lanes": null, "maxspeed": null, "name": null, "ref": null, "oneway": false, "reversed": "True", "length": 64.419273357804144, "junction": null, "width": null, "service": "parking_aisle", "access": null, "bridge": null }, "geometry": { "type": "LineString", "coordinates": [ [ 10.8906158, 49.5677468 ], [ 10.8906376, 49.5679102 ], [ 10.8908544, 49.5678982 ], [ 10.89082, 49.5676249 ] ] } },
{ "type": "Feature", "properties": { "u": 2783016284, "v": 3832423808, "key": 0, "osmid": "273452278", "highway": "service", "lanes": null, "maxspeed": null, "name": null, "ref": null, "oneway": false, "reversed": "True", "length": 15.544035116668676, "junction": null, "width": null, "service": "parking_aisle", "access": null, "bridge": null }, "geometry": { "type": "LineString", "coordinates": [ [ 10.89082, 49.5676249 ], [ 10.8906052, 49.5676365 ] ] } },
{ "type": "Feature", "properties": { "u": 2783016284, "v": 2783016267, "key": 0, "osmid": "273452278", "highway": "service", "lanes": null, "maxspeed": null, "name": null, "ref": null, "oneway": false, "reversed": "False", "length": 64.419273357804158, "junction": null, "width": null, "service": "parking_aisle", "access": null, "bridge": null }, "geometry": { "type": "LineString", "coordinates": [ [ 10.89082, 49.5676249 ], [ 10.8908544, 49.5678982 ], [ 10.8906376, 49.5679102 ], [ 10.8906158, 49.5677468 ] ] } },
{ "type": "Feature", "properties": { "u": 2783016284, "v": 3835497748, "key": 0, "osmid": "380207683", "highway": "footway", "lanes": null, "maxspeed": null, "name": null, "ref": null, "oneway": false, "reversed": "True", "length": 44.191809109214454, "junction": null, "width": null, "service": null, "access": null, "bridge": null }, "geometry": { "type": "LineString", "coordinates": [ [ 10.89082, 49.5676249 ], [ 10.8908521, 49.5675754 ], [ 10.8908474, 49.5675251 ], [ 10.8908447, 49.5674833 ], [ 10.890838, 49.5674389 ], [ 10.8907911, 49.567425 ], [ 10.8907321, 49.5674129 ], [ 10.8906503, 49.5674111 ], [ 10.8905859, 49.5674233 ], [ 10.8905309, 49.567432 ] ] } },
{ "type": "Feature", "properties": { "u": 2783016296, "v": 4924799673, "key": 0, "osmid": "273452265", "highway": "service", "lanes": null, "maxspeed": null, "name": null, "ref": null, "oneway": false, "reversed": "False", "length": 34.781522014118771, "junction": null, "width": null, "service": null, "access": null, "bridge": null }, "geometry": { "type": "LineString", "coordinates": [ [ 10.8898756, 49.568516 ], [ 10.8898734, 49.568449 ], [ 10.8898168, 49.568286 ], [ 10.8898168, 49.5682073 ] ] } },
{ "type": "Feature", "properties": { "u": 2783016296, "v": 11862555300, "key": 0, "osmid": [ 1277857973, 1277857974 ], "highway": [ "path", "service" ], "lanes": null, "maxspeed": null, "name": null, "ref": null, "oneway": false, "reversed": "False", "length": 92.618108609946347, "junction": null, "width": null, "service": "emergency_access", "access": null, "bridge": null }, "geometry": { "type": "LineString", "coordinates": [ [ 10.8898756, 49.568516 ], [ 10.8893436, 49.5685355 ], [ 10.8892903, 49.5685528 ], [ 10.8888454, 49.5687216 ], [ 10.8888652, 49.5688353 ] ] } },
{ "type": "Feature", "properties": { "u": 2783016296, "v": 11862555295, "key": 0, "osmid": "1277857973", "highway": "service", "lanes": null, "maxspeed": null, "name": null, "ref": null, "oneway": false, "reversed": "True", "length": 36.170058235855322, "junction": null, "width": null, "service": "emergency_access", "access": null, "bridge": null }, "geometry": { "type": "LineString", "coordinates": [ [ 10.8898756, 49.568516 ], [ 10.8903613, 49.5684974 ], [ 10.8903763, 49.5684969 ] ] } },
{ "type": "Feature", "properties": { "u": 2783016303, "v": 3867610366, "key": 0, "osmid": "30016260", "highway": "residential", "lanes": null, "maxspeed": "30", "name": "Eichendorffstraße", "ref": null, "oneway": false, "reversed": "False", "length": 36.209363370895147, "junction": null, "width": "7", "service": null, "access": null, "bridge": null }, "geometry": { "type": "LineString", "coordinates": [ [ 10.8903942, 49.5677536 ], [ 10.890375, 49.5674282 ] ] } },
{ "type": "Feature", "properties": { "u": 2783016303, "v": 330429824, "key": 0, "osmid": "30016260", "highway": "residential", "lanes": null, "maxspeed": "30", "name": "Eichendorffstraße", "ref": null, "oneway": false, "reversed": "True", "length": 35.875746413033312, "junction": null, "width": "7", "service": null, "access": null, "bridge": null }, "geometry": { "type": "LineString", "coordinates": [ [ 10.8903942, 49.5677536 ], [ 10.8904133, 49.568076 ] ] } },
{ "type": "Feature", "properties": { "u": 2783016303, "v": 3867609968, "key": 0, "osmid": "273452266", "highway": "service", "lanes": null, "maxspeed": null, "name": null, "ref": null, "oneway": false, "reversed": "True", "length": 4.1802757037932432, "junction": null, "width": null, "service": null, "access": null, "bridge": null }, "geometry": { "type": "LineString", "coordinates": [ [ 10.8903942, 49.5677536 ], [ 10.8904521, 49.5677518 ] ] } },
{ "type": "Feature", "properties": { "u": 2783016312, "v": 2783016362, "key": 0, "osmid": "273452261", "highway": "service", "lanes": null, "maxspeed": null, "name": null, "ref": null, "oneway": false, "reversed": "False", "length": 20.900965580840939, "junction": null, "width": null, "service": "driveway", "access": null, "bridge": null }, "geometry": { "type": "LineString", "coordinates": [ [ 10.8898168, 49.5680875 ], [ 10.8901065, 49.5680819 ] ] } },
{ "type": "Feature", "properties": { "u": 2783016312, "v": 4924799673, "key": 0, "osmid": "273452265", "highway": "service", "lanes": null, "maxspeed": null, "name": null, "ref": null, "oneway": false, "reversed": "True", "length": 13.321171030346639, "junction": null, "width": null, "service": null, "access": null, "bridge": null }, "geometry": { "type": "LineString", "coordinates": [ [ 10.8898168, 49.5680875 ], [ 10.8898168, 49.5682073 ] ] } },
{ "type": "Feature", "properties": { "u": 2783016312, "v": 2783016264, "key": 0, "osmid": "273452261", "highway": "service", "lanes": null, "maxspeed": null, "name": null, "ref": null, "oneway": false, "reversed": "True", "length": 57.061044317414463, "junction": null, "width": null, "service": "driveway", "access": null, "bridge": null }, "geometry": { "type": "LineString", "coordinates": [ [ 10.8898168, 49.5680875 ], [ 10.8897471, 49.5680353 ], [ 10.8897319, 49.5675913 ] ] } },
{ "type": "Feature", "properties": { "u": 2783016334, "v": 2783016362, "key": 0, "osmid": "273452270", "highway": "service", "lanes": null, "maxspeed": null, "name": null, "ref": null, "oneway": false, "reversed": "True", "length": 40.594478710802285, "junction": null, "width": null, "service": null, "access": null, "bridge": null }, "geometry": { "type": "LineString", "coordinates": [ [ 10.8901407, 49.5684463 ], [ 10.8901322, 49.5683555 ], [ 10.8901139, 49.5681606 ], [ 10.8901065, 49.5680819 ] ] } },
{ "type": "Feature", "properties": { "u": 2783016355, "v": 2783016264, "key": 0, "osmid": "398475214", "highway": "service", "lanes": null, "maxspeed": null, "name": null, "ref": null, "oneway": false, "reversed": "False", "length": 18.643719103373552, "junction": null, "width": null, "service": null, "access": null, "bridge": null }, "geometry": { "type": "LineString", "coordinates": [ [ 10.8896337, 49.5674362 ], [ 10.8897319, 49.5675913 ] ] } },
{ "type": "Feature", "properties": { "u": 2783016362, "v": 3867680058, "key": 0, "osmid": "273452261", "highway": "service", "lanes": null, "maxspeed": null, "name": null, "ref": null, "oneway": false, "reversed": "False", "length": 17.582172909306493, "junction": null, "width": null, "service": "driveway", "access": null, "bridge": null }, "geometry": { "type": "LineString", "coordinates": [ [ 10.8901065, 49.5680819 ], [ 10.8903502, 49.5680772 ] ] } },
{ "type": "Feature", "properties": { "u": 2783016362, "v": 2783016312, "key": 0, "osmid": "273452261", "highway": "service", "lanes": null, "maxspeed": null, "name": null, "ref": null, "oneway": false, "reversed": "True", "length": 20.900965580840939, "junction": null, "width": null, "service": "driveway", "access": null, "bridge": null }, "geometry": { "type": "LineString", "coordinates": [ [ 10.8901065, 49.5680819 ], [ 10.8898168, 49.5680875 ] ] } },
{ "type": "Feature", "properties": { "u": 2783016362, "v": 2783016334, "key": 0, "osmid": "273452270", "highway": "service", "lanes": null, "maxspeed": null, "name": null, "ref": null, "oneway": false, "reversed": "False", "length": 40.594478710802278, "junction": null, "width": null, "service": null, "access": null, "bridge": null }, "geometry": { "type": "LineString", "coordinates": [ [ 10.8901065, 49.5680819 ], [ 10.8901139, 49.5681606 ], [ 10.8901322, 49.5683555 ], [ 10.8901407, 49.5684463 ] ] } },
{ "type": "Feature", "properties": { "u": 2783016379, "v": 332581085, "key": 0, "osmid": "30094380", "highway": "residential", "lanes": "2", "maxspeed": "50", "name": "Erlanger Straße", "ref": null, "oneway": false, "reversed": "False", "length": 45.345089606709273, "junction": null, "width": null, "service": null, "access": null, "bridge": null }, "geometry": { "type": "LineString", "coordinates": [ [ 10.8877649, 49.567348 ], [ 10.8871914, 49.5675152 ] ] } },
{ "type": "Feature", "properties": { "u": 2783016379, "v": 3458823405, "key": 0, "osmid": "30094380", "highway": "residential", "lanes": "2", "maxspeed": "50", "name": "Erlanger Straße", "ref": null, "oneway": false, "reversed": "True", "length": 26.876107039673361, "junction": null, "width": null, "service": null, "access": null, "bridge": null }, "geometry": { "type": "LineString", "coordinates": [ [ 10.8877649, 49.567348 ], [ 10.8880916, 49.5672317 ] ] } },
{ "type": "Feature", "properties": { "u": 2783016379, "v": 3867680057, "key": 0, "osmid": "273452262", "highway": "service", "lanes": null, "maxspeed": null, "name": null, "ref": null, "oneway": false, "reversed": "True", "length": 4.9736554607616945, "junction": null, "width": null, "service": "driveway", "access": null, "bridge": null }, "geometry": { "type": "LineString", "coordinates": [ [ 10.8877649, 49.567348 ], [ 10.8877863, 49.5673772 ], [ 10.8877945, 49.5673884 ] ] } },
{ "type": "Feature", "properties": { "u": 3457457603, "v": 270247666, "key": 0, "osmid": "30016260", "highway": "residential", "lanes": null, "maxspeed": "30", "name": "Eichendorffstraße", "ref": null, "oneway": false, "reversed": "False", "length": 9.8276634421267755, "junction": null, "width": "7", "service": null, "access": null, "bridge": null }, "geometry": { "type": "LineString", "coordinates": [ [ 10.8909684, 49.5704087 ], [ 10.8909515, 49.570321 ] ] } },
{ "type": "Feature", "properties": { "u": 3457457603, "v": 3835491098, "key": 0, "osmid": "380206458", "highway": "footway", "lanes": null, "maxspeed": null, "name": null, "ref": null, "oneway": false, "reversed": "False", "length": 4.7278734432756115, "junction": null, "width": null, "service": null, "access": null, "bridge": null }, "geometry": { "type": "LineString", "coordinates": [ [ 10.8909684, 49.5704087 ], [ 10.8910338, 49.5704057 ] ] } },
{ "type": "Feature", "properties": { "u": 3457457603, "v": 3835491097, "key": 0, "osmid": "380206458", "highway": "footway", "lanes": null, "maxspeed": null, "name": null, "ref": null, "oneway": false, "reversed": "True", "length": 3.5131448363030398, "junction": null, "width": null, "service": null, "access": null, "bridge": null }, "geometry": { "type": "LineString", "coordinates": [ [ 10.8909684, 49.5704087 ], [ 10.8909198, 49.5704109 ] ] } },
{ "type": "Feature", "properties": { "u": 3457457603, "v": 331317081, "key": 0, "osmid": "30016260", "highway": "residential", "lanes": null, "maxspeed": "30", "name": "Eichendorffstraße", "ref": null, "oneway": false, "reversed": "True", "length": 99.12558804548037, "junction": null, "width": "7", "service": null, "access": null, "bridge": null }, "geometry": { "type": "LineString", "coordinates": [ [ 10.8909684, 49.5704087 ], [ 10.8910267, 49.5712132 ], [ 10.8910214, 49.5712992 ] ] } },
{ "type": "Feature", "properties": { "u": 3458817447, "v": 3867610364, "key": 0, "osmid": "338744995", "highway": "service", "lanes": null, "maxspeed": null, "name": null, "ref": null, "oneway": false, "reversed": "False", "length": 31.517803608572969, "junction": null, "width": null, "service": null, "access": null, "bridge": null }, "geometry": { "type": "LineString", "coordinates": [ [ 10.8878456, 49.5669115 ], [ 10.8880405, 49.5671652 ] ] } },
{ "type": "Feature", "properties": { "u": 3458817466, "v": 3458817476, "key": 0, "osmid": "338745000", "highway": "service", "lanes": null, "maxspeed": null, "name": null, "ref": null, "oneway": false, "reversed": "False", "length": 46.750882150629458, "junction": null, "width": null, "service": null, "access": null, "bridge": null }, "geometry": { "type": "LineString", "coordinates": [ [ 10.8872121, 49.5670361 ], [ 10.8872317, 49.5669742 ], [ 10.8869777, 49.5666572 ] ] } },
{ "type": "Feature", "properties": { "u": 3458817474, "v": 338748714, "key": 0, "osmid": "30604958", "highway": "tertiary", "lanes": "2", "maxspeed": "50", "name": "Zum Flughafen", "ref": "ERH 3", "oneway": false, "reversed": "True", "length": 19.858483638338367, "junction": null, "width": null, "service": null, "access": null, "bridge": null }, "geometry": { "type": "LineString", "coordinates": [ [ 10.8896866, 49.5709965 ], [ 10.8894635, 49.5708918 ] ] } },
{ "type": "Feature", "properties": { "u": 3458817474, "v": 8553233267, "key": 0, "osmid": "921244166", "highway": "service", "lanes": null, "maxspeed": null, "name": null, "ref": null, "oneway": false, "reversed": "False", "length": 6.6051296808111468, "junction": null, "width": null, "service": null, "access": null, "bridge": null }, "geometry": { "type": "LineString", "coordinates": [ [ 10.8896866, 49.5709965 ], [ 10.8896872, 49.5709371 ] ] } },
{ "type": "Feature", "properties": { "u": 3458817474, "v": 330429925, "key": 0, "osmid": "30604958", "highway": "tertiary", "lanes": "2", "maxspeed": "50", "name": "Zum Flughafen", "ref": "ERH 3", "oneway": false, "reversed": "False", "length": 102.23536252750331, "junction": null, "width": null, "service": null, "access": null, "bridge": null }, "geometry": { "type": "LineString", "coordinates": [ [ 10.8896866, 49.5709965 ], [ 10.8899271, 49.5710823 ], [ 10.890207, 49.5711661 ], [ 10.8909928, 49.5713492 ] ] } },
{ "type": "Feature", "properties": { "u": 3458817476, "v": 3458817466, "key": 0, "osmid": "338745000", "highway": "service", "lanes": null, "maxspeed": null, "name": null, "ref": null, "oneway": false, "reversed": "True", "length": 46.750882150629458, "junction": null, "width": null, "service": null, "access": null, "bridge": null }, "geometry": { "type": "LineString", "coordinates": [ [ 10.8869777, 49.5666572 ], [ 10.8872317, 49.5669742 ], [ 10.8872121, 49.5670361 ] ] } },
{ "type": "Feature", "properties": { "u": 3458823405, "v": 2783016379, "key": 0, "osmid": "30094380", "highway": "residential", "lanes": "2", "maxspeed": "50", "name": "Erlanger Straße", "ref": null, "oneway": false, "reversed": "False", "length": 26.876107039673361, "junction": null, "width": null, "service": null, "access": null, "bridge": null }, "geometry": { "type": "LineString", "coordinates": [ [ 10.8880916, 49.5672317 ], [ 10.8877649, 49.567348 ] ] } },
{ "type": "Feature", "properties": { "u": 3458823405, "v": 267751053, "key": 0, "osmid": "30094380", "highway": "residential", "lanes": "2", "maxspeed": "50", "name": "Erlanger Straße", "ref": null, "oneway": false, "reversed": "True", "length": 15.172787811285785, "junction": null, "width": null, "service": null, "access": null, "bridge": null }, "geometry": { "type": "LineString", "coordinates": [ [ 10.8880916, 49.5672317 ], [ 10.888276, 49.567166 ] ] } },
{ "type": "Feature", "properties": { "u": 3458823405, "v": 3867610365, "key": 0, "osmid": "338744995", "highway": "service", "lanes": null, "maxspeed": null, "name": null, "ref": null, "oneway": false, "reversed": "True", "length": 3.8012617277196274, "junction": null, "width": null, "service": null, "access": null, "bridge": null }, "geometry": { "type": "LineString", "coordinates": [ [ 10.8880916, 49.5672317 ], [ 10.8880681, 49.5672011 ] ] } },
{ "type": "Feature", "properties": { "u": 3830184598, "v": 315863782, "key": 0, "osmid": "30094380", "highway": "residential", "lanes": "2", "maxspeed": "50", "name": "Erlanger Straße", "ref": null, "oneway": false, "reversed": "False", "length": 4.6396963628769594, "junction": null, "width": null, "service": null, "access": null, "bridge": null }, "geometry": { "type": "LineString", "coordinates": [ [ 10.892331, 49.5670039 ], [ 10.8922738, 49.567023 ] ] } },
{ "type": "Feature", "properties": { "u": 3830184598, "v": 2261652571, "key": 0, "osmid": "30094380", "highway": "residential", "lanes": "2", "maxspeed": "50", "name": "Erlanger Straße", "ref": null, "oneway": false, "reversed": "True", "length": 6.8365992046670137, "junction": null, "width": null, "service": null, "access": null, "bridge": null }, "geometry": { "type": "LineString", "coordinates": [ [ 10.892331, 49.5670039 ], [ 10.8924074, 49.5669675 ] ] } },
{ "type": "Feature", "properties": { "u": 3830184598, "v": 3867610362, "key": 0, "osmid": "298915223", "highway": "service", "lanes": null, "maxspeed": null, "name": null, "ref": null, "oneway": false, "reversed": "False", "length": 6.6194782083455417, "junction": null, "width": null, "service": "driveway", "access": "destination", "bridge": null }, "geometry": { "type": "LineString", "coordinates": [ [ 10.892331, 49.5670039 ], [ 10.8923639, 49.5670409 ], [ 10.8923712, 49.5670491 ], [ 10.8923818, 49.5670517 ] ] } },
{ "type": "Feature", "properties": { "u": 3832223496, "v": 3867609175, "key": 0, "osmid": "379874846", "highway": "service", "lanes": null, "maxspeed": "30", "name": "Karl-Bröger-Straße", "ref": null, "oneway": false, "reversed": "False", "length": 4.0740565151529822, "junction": null, "width": null, "service": "driveway", "access": "private", "bridge": null }, "geometry": { "type": "LineString", "coordinates": [ [ 10.8918255, 49.5704827 ], [ 10.8918229, 49.5705193 ] ] } },
{ "type": "Feature", "properties": { "u": 3832223496, "v": 3842968007, "key": 0, "osmid": "1285641405", "highway": "residential", "lanes": null, "maxspeed": "30", "name": "Karl-Bröger-Straße", "ref": null, "oneway": false, "reversed": "False", "length": 3.6433217108410103, "junction": null, "width": "6", "service": null, "access": null, "bridge": null }, "geometry": { "type": "LineString", "coordinates": [ [ 10.8918255, 49.5704827 ], [ 10.8918732, 49.5704935 ] ] } },
{ "type": "Feature", "properties": { "u": 3832223496, "v": 330431043, "key": 0, "osmid": "1285641405", "highway": "residential", "lanes": null, "maxspeed": "30", "name": "Karl-Bröger-Straße", "ref": null, "oneway": false, "reversed": "True", "length": 8.2961554352128104, "junction": null, "width": "6", "service": null, "access": null, "bridge": null }, "geometry": { "type": "LineString", "coordinates": [ [ 10.8918255, 49.5704827 ], [ 10.8917195, 49.5704537 ] ] } },
{ "type": "Feature", "properties": { "u": 3832423808, "v": 2783016284, "key": 0, "osmid": "273452278", "highway": "service", "lanes": null, "maxspeed": null, "name": null, "ref": null, "oneway": false, "reversed": "False", "length": 15.544035116668676, "junction": null, "width": null, "service": "parking_aisle", "access": null, "bridge": null }, "geometry": { "type": "LineString", "coordinates": [ [ 10.8906052, 49.5676365 ], [ 10.89082, 49.5676249 ] ] } },
{ "type": "Feature", "properties": { "u": 3832423808, "v": 2783016267, "key": 0, "osmid": "273452278", "highway": "service", "lanes": null, "maxspeed": null, "name": null, "ref": null, "oneway": false, "reversed": "True", "length": 12.288616616097217, "junction": null, "width": null, "service": "parking_aisle", "access": null, "bridge": null }, "geometry": { "type": "LineString", "coordinates": [ [ 10.8906052, 49.5676365 ], [ 10.8906158, 49.5677468 ] ] } },
{ "type": "Feature", "properties": { "u": 3832423808, "v": 3835497748, "key": 0, "osmid": "380207684", "highway": "footway", "lanes": null, "maxspeed": null, "name": null, "ref": null, "oneway": false, "reversed": "True", "length": 23.770102185799146, "junction": null, "width": null, "service": null, "access": null, "bridge": null }, "geometry": { "type": "LineString", "coordinates": [ [ 10.8906052, 49.5676365 ], [ 10.8905698, 49.5675946 ], [ 10.8905658, 49.5675398 ], [ 10.890551, 49.5674616 ], [ 10.8905309, 49.567432 ] ] } },
{ "type": "Feature", "properties": { "u": 3832875659, "v": 3842968013, "key": 0, "osmid": "379944129", "highway": "service", "lanes": null, "maxspeed": "30", "name": null, "ref": null, "oneway": false, "reversed": "True", "length": 35.053653269394658, "junction": null, "width": null, "service": null, "access": null, "bridge": null }, "geometry": { "type": "LineString", "coordinates": [ [ 10.891544, 49.5696209 ], [ 10.8915731, 49.5696589 ], [ 10.891602, 49.5698005 ], [ 10.8916268, 49.5699079 ], [ 10.8916544, 49.5699196 ] ] } },
{ "type": "Feature", "properties": { "u": 3832875659, "v": 8253845340, "key": 0, "osmid": "887749020", "highway": "service", "lanes": null, "maxspeed": null, "name": null, "ref": null, "oneway": false, "reversed": "False", "length": 24.91431733931471, "junction": null, "width": null, "service": null, "access": null, "bridge": null }, "geometry": { "type": "LineString", "coordinates": [ [ 10.891544, 49.5696209 ], [ 10.8914996, 49.5696102 ], [ 10.8912038, 49.5695861 ] ] } },
{ "type": "Feature", "properties": { "u": 3832875659, "v": 3832883577, "key": 0, "osmid": [ 1287172092, 1287170407 ], "highway": "footway", "lanes": null, "maxspeed": null, "name": null, "ref": null, "oneway": false, "reversed": "False", "length": 8.9373117956944856, "junction": null, "width": null, "service": null, "access": null, "bridge": null }, "geometry": { "type": "LineString", "coordinates": [ [ 10.891544, 49.5696209 ], [ 10.8915663, 49.5695907 ], [ 10.8915939, 49.5695794 ], [ 10.8916001, 49.5695635 ], [ 10.8916011, 49.5695542 ] ] } },
{ "type": "Feature", "properties": { "u": 3832883577, "v": 2576374544, "key": 0, "osmid": "1287170407", "highway": "footway", "lanes": null, "maxspeed": null, "name": null, "ref": null, "oneway": false, "reversed": "False", "length": 24.170664318734246, "junction": null, "width": null, "service": null, "access": null, "bridge": null }, "geometry": { "type": "LineString", "coordinates": [ [ 10.8916011, 49.5695542 ], [ 10.8919361, 49.5695471 ] ] } },
{ "type": "Feature", "properties": { "u": 3832883577, "v": 11862556551, "key": 0, "osmid": [ 379944338, 1277018198, 1277018199 ], "highway": [ "steps", "footway" ], "lanes": null, "maxspeed": null, "name": null, "ref": null, "oneway": false, "reversed": "False", "length": 100.83963123839739, "junction": null, "width": null, "service": null, "access": null, "bridge": null }, "geometry": { "type": "LineString", "coordinates": [ [ 10.8916011, 49.5695542 ], [ 10.8915936, 49.5695063 ], [ 10.8915479, 49.5692239 ], [ 10.891523, 49.5691551 ], [ 10.8914056, 49.5691595 ], [ 10.8913853, 49.5690687 ], [ 10.8913587, 49.5687992 ], [ 10.8913562, 49.5687742 ], [ 10.8913521, 49.5687333 ] ] } },
{ "type": "Feature", "properties": { "u": 3832883577, "v": 3832875659, "key": 0, "osmid": [ 1287172092, 1287170407 ], "highway": "footway", "lanes": null, "maxspeed": null, "name": null, "ref": null, "oneway": false, "reversed": "True", "length": 8.9373117956944856, "junction": null, "width": null, "service": null, "access": null, "bridge": null }, "geometry": { "type": "LineString", "coordinates": [ [ 10.8916011, 49.5695542 ], [ 10.8916001, 49.5695635 ], [ 10.8915939, 49.5695794 ], [ 10.8915663, 49.5695907 ], [ 10.891544, 49.5696209 ] ] } },
{ "type": "Feature", "properties": { "u": 3834587773, "v": 7183684257, "key": 0, "osmid": "146456516", "highway": "residential", "lanes": null, "maxspeed": "30", "name": "Kellergasse", "ref": null, "oneway": true, "reversed": "False", "length": 10.65884305034364, "junction": null, "width": "5", "service": null, "access": null, "bridge": null }, "geometry": { "type": "LineString", "coordinates": [ [ 10.8862418, 49.5670881 ], [ 10.8863636, 49.5670338 ] ] } },
{ "type": "Feature", "properties": { "u": 3834587773, "v": 3834587777, "key": 0, "osmid": "380110807", "highway": "service", "lanes": null, "maxspeed": null, "name": null, "ref": null, "oneway": false, "reversed": "False", "length": 20.783372801221287, "junction": null, "width": null, "service": "driveway", "access": null, "bridge": null }, "geometry": { "type": "LineString", "coordinates": [ [ 10.8862418, 49.5670881 ], [ 10.8860476, 49.56695 ] ] } },
{ "type": "Feature", "properties": { "u": 3834587777, "v": 3834587773, "key": 0, "osmid": "380110807", "highway": "service", "lanes": null, "maxspeed": null, "name": null, "ref": null, "oneway": false, "reversed": "True", "length": 20.783372801221287, "junction": null, "width": null, "service": "driveway", "access": null, "bridge": null }, "geometry": { "type": "LineString", "coordinates": [ [ 10.8860476, 49.56695 ], [ 10.8862418, 49.5670881 ] ] } },
{ "type": "Feature", "properties": { "u": 3834587777, "v": 3834587777, "key": 0, "osmid": "380110807", "highway": "service", "lanes": null, "maxspeed": null, "name": null, "ref": null, "oneway": false, "reversed": "False", "length": 47.10699609320379, "junction": null, "width": null, "service": "driveway", "access": null, "bridge": null }, "geometry": { "type": "LineString", "coordinates": [ [ 10.8860476, 49.56695 ], [ 10.885951, 49.5668814 ], [ 10.8860303, 49.5667882 ], [ 10.8861575, 49.5668591 ], [ 10.8860476, 49.56695 ] ] } },
{ "type": "Feature", "properties": { "u": 3834587777, "v": 3834587777, "key": 1, "osmid": "380110807", "highway": "service", "lanes": null, "maxspeed": null, "name": null, "ref": null, "oneway": false, "reversed": "True", "length": 47.10699609320379, "junction": null, "width": null, "service": "driveway", "access": null, "bridge": null }, "geometry": { "type": "LineString", "coordinates": [ [ 10.8860476, 49.56695 ], [ 10.8861575, 49.5668591 ], [ 10.8860303, 49.5667882 ], [ 10.885951, 49.5668814 ], [ 10.8860476, 49.56695 ] ] } },
{ "type": "Feature", "properties": { "u": 3835397518, "v": 3867609175, "key": 0, "osmid": "379874846", "highway": "service", "lanes": null, "maxspeed": "30", "name": "Karl-Bröger-Straße", "ref": null, "oneway": false, "reversed": "True", "length": 40.150829648493414, "junction": null, "width": null, "service": "driveway", "access": "private", "bridge": null }, "geometry": { "type": "LineString", "coordinates": [ [ 10.8917435, 49.5708605 ], [ 10.8917592, 49.5707464 ], [ 10.8917932, 49.5707412 ], [ 10.8918095, 49.5707107 ], [ 10.8918229, 49.5705193 ] ] } },
{ "type": "Feature", "properties": { "u": 3835401103, "v": 3842968008, "key": 0, "osmid": "380200062", "highway": "service", "lanes": null, "maxspeed": null, "name": null, "ref": null, "oneway": false, "reversed": "False", "length": 4.8266425759191485, "junction": null, "width": null, "service": "driveway", "access": "private", "bridge": null }, "geometry": { "type": "LineString", "coordinates": [ [ 10.8920666, 49.5705375 ], [ 10.8920564, 49.5705804 ] ] } },
{ "type": "Feature", "properties": { "u": 3835401103, "v": 270247667, "key": 0, "osmid": "1285641405", "highway": "residential", "lanes": null, "maxspeed": "30", "name": "Karl-Bröger-Straße", "ref": null, "oneway": false, "reversed": "False", "length": 31.593216425728951, "junction": null, "width": "6", "service": null, "access": null, "bridge": null }, "geometry": { "type": "LineString", "coordinates": [ [ 10.8920666, 49.5705375 ], [ 10.8924801, 49.5706314 ] ] } },
{ "type": "Feature", "properties": { "u": 3835401103, "v": 3842968007, "key": 0, "osmid": "1285641405", "highway": "residential", "lanes": null, "maxspeed": "30", "name": "Karl-Bröger-Straße", "ref": null, "oneway": false, "reversed": "True", "length": 14.779629196759617, "junction": null, "width": "6", "service": null, "access": null, "bridge": null }, "geometry": { "type": "LineString", "coordinates": [ [ 10.8920666, 49.5705375 ], [ 10.8918732, 49.5704935 ] ] } },
{ "type": "Feature", "properties": { "u": 3835401104, "v": 3842968008, "key": 0, "osmid": "380200062", "highway": "service", "lanes": null, "maxspeed": null, "name": null, "ref": null, "oneway": false, "reversed": "True", "length": 21.996830378706658, "junction": null, "width": null, "service": "driveway", "access": "private", "bridge": null }, "geometry": { "type": "LineString", "coordinates": [ [ 10.8920098, 49.5707759 ], [ 10.8920564, 49.5705804 ] ] } },
{ "type": "Feature", "properties": { "u": 3835490918, "v": 7517836796, "key": 0, "osmid": "380206451", "highway": "footway", "lanes": null, "maxspeed": null, "name": null, "ref": null, "oneway": false, "reversed": "True", "length": 1.7574889970817928, "junction": null, "width": null, "service": null, "access": null, "bridge": null }, "geometry": { "type": "LineString", "coordinates": [ [ 10.8911706, 49.5674129 ], [ 10.8911463, 49.5674117 ] ] } },
{ "type": "Feature", "properties": { "u": 3835490918, "v": 3867679857, "key": 0, "osmid": "30078597", "highway": "footway", "lanes": null, "maxspeed": null, "name": null, "ref": null, "oneway": false, "reversed": "False", "length": 15.039275919212631, "junction": null, "width": null, "service": null, "access": null, "bridge": null }, "geometry": { "type": "LineString", "coordinates": [ [ 10.8911706, 49.5674129 ], [ 10.8913342, 49.567385 ], [ 10.8913716, 49.567377 ] ] } },
{ "type": "Feature", "properties": { "u": 3835490918, "v": 3867608763, "key": 0, "osmid": "380206451", "highway": "footway", "lanes": null, "maxspeed": null, "name": null, "ref": null, "oneway": false, "reversed": "False", "length": 37.400363364940638, "junction": null, "width": null, "service": null, "access": null, "bridge": null }, "geometry": { "type": "LineString", "coordinates": [ [ 10.8911706, 49.5674129 ], [ 10.8914013, 49.5674511 ], [ 10.8916346, 49.5675077 ], [ 10.891664, 49.5675149 ] ] } },
{ "type": "Feature", "properties": { "u": 3835491097, "v": 3457457603, "key": 0, "osmid": "380206458", "highway": "footway", "lanes": null, "maxspeed": null, "name": null, "ref": null, "oneway": false, "reversed": "False", "length": 3.5131448363030398, "junction": null, "width": null, "service": null, "access": null, "bridge": null }, "geometry": { "type": "LineString", "coordinates": [ [ 10.8909198, 49.5704109 ], [ 10.8909684, 49.5704087 ] ] } },
{ "type": "Feature", "properties": { "u": 3835491097, "v": 3867608873, "key": 0, "osmid": "380206458", "highway": "footway", "lanes": null, "maxspeed": null, "name": null, "ref": null, "oneway": false, "reversed": "True", "length": 14.090310968282617, "junction": null, "width": null, "service": null, "access": null, "bridge": null }, "geometry": { "type": "LineString", "coordinates": [ [ 10.8909198, 49.5704109 ], [ 10.8909225, 49.5703709 ], [ 10.8908863, 49.570337 ], [ 10.8908541, 49.5703239 ], [ 10.8908479, 49.5703035 ] ] } },
{ "type": "Feature", "properties": { "u": 3835491097, "v": 3835525750, "key": 0, "osmid": "380210487", "highway": "footway", "lanes": null, "maxspeed": null, "name": null, "ref": null, "oneway": false, "reversed": "True", "length": 98.70199219712795, "junction": null, "width": null, "service": null, "access": null, "bridge": null }, "geometry": { "type": "LineString", "coordinates": [ [ 10.8909198, 49.5704109 ], [ 10.8909407, 49.5705922 ], [ 10.8909515, 49.5707992 ], [ 10.8909783, 49.5710941 ], [ 10.890981, 49.5712358 ], [ 10.8909474, 49.5712645 ], [ 10.8909108, 49.571274 ] ] } },
{ "type": "Feature", "properties": { "u": 3835491098, "v": 3457457603, "key": 0, "osmid": "380206458", "highway": "footway", "lanes": null, "maxspeed": null, "name": null, "ref": null, "oneway": false, "reversed": "True", "length": 4.7278734432756115, "junction": null, "width": null, "service": null, "access": null, "bridge": null }, "geometry": { "type": "LineString", "coordinates": [ [ 10.8910338, 49.5704057 ], [ 10.8909684, 49.5704087 ] ] } },
{ "type": "Feature", "properties": { "u": 3835491098, "v": 3835491100, "key": 0, "osmid": "380206458", "highway": "footway", "lanes": null, "maxspeed": null, "name": null, "ref": null, "oneway": false, "reversed": "False", "length": 4.1401950414748017, "junction": null, "width": null, "service": null, "access": null, "bridge": null }, "geometry": { "type": "LineString", "coordinates": [ [ 10.8910338, 49.5704057 ], [ 10.8910378, 49.5703839 ], [ 10.8910465, 49.5703697 ] ] } },
{ "type": "Feature", "properties": { "u": 3835491098, "v": 3835525749, "key": 0, "osmid": "380210486", "highway": "footway", "lanes": null, "maxspeed": null, "name": null, "ref": null, "oneway": false, "reversed": "False", "length": 102.23697820617589, "junction": null, "width": null, "service": null, "access": null, "bridge": null }, "geometry": { "type": "LineString", "coordinates": [ [ 10.8910338, 49.5704057 ], [ 10.891048, 49.5705887 ], [ 10.8910668, 49.570834 ], [ 10.8910816, 49.5709993 ], [ 10.8910842, 49.5711358 ], [ 10.8910789, 49.5712445 ], [ 10.8911086, 49.5713219 ] ] } },
{ "type": "Feature", "properties": { "u": 3835491100, "v": 3867609158, "key": 0, "osmid": "380206451", "highway": "footway", "lanes": null, "maxspeed": null, "name": null, "ref": null, "oneway": false, "reversed": "False", "length": 3.6031825633536942, "junction": null, "width": null, "service": null, "access": null, "bridge": null }, "geometry": { "type": "LineString", "coordinates": [ [ 10.8910465, 49.5703697 ], [ 10.8910457, 49.5703373 ] ] } },
{ "type": "Feature", "properties": { "u": 3835491100, "v": 3835526073, "key": 0, "osmid": "380206458", "highway": "footway", "lanes": null, "maxspeed": null, "name": null, "ref": null, "oneway": false, "reversed": "False", "length": 37.329999247893838, "junction": null, "width": null, "service": null, "access": null, "bridge": null }, "geometry": { "type": "LineString", "coordinates": [ [ 10.8910465, 49.5703697 ], [ 10.8910888, 49.5703631 ], [ 10.8915422, 49.5704531 ] ] } },
{ "type": "Feature", "properties": { "u": 3835491100, "v": 3835491098, "key": 0, "osmid": "380206458", "highway": "footway", "lanes": null, "maxspeed": null, "name": null, "ref": null, "oneway": false, "reversed": "True", "length": 4.1401950414748017, "junction": null, "width": null, "service": null, "access": null, "bridge": null }, "geometry": { "type": "LineString", "coordinates": [ [ 10.8910465, 49.5703697 ], [ 10.8910378, 49.5703839 ], [ 10.8910338, 49.5704057 ] ] } },
{ "type": "Feature", "properties": { "u": 3835491108, "v": 3842968016, "key": 0, "osmid": "380206460", "highway": "footway", "lanes": null, "maxspeed": null, "name": null, "ref": null, "oneway": false, "reversed": "False", "length": 2.2029300583997857, "junction": null, "width": null, "service": null, "access": null, "bridge": null }, "geometry": { "type": "LineString", "coordinates": [ [ 10.8924433, 49.5707031 ], [ 10.8924729, 49.570708 ] ] } },
{ "type": "Feature", "properties": { "u": 3835491108, "v": 3835491113, "key": 0, "osmid": "380206458", "highway": "footway", "lanes": null, "maxspeed": null, "name": null, "ref": null, "oneway": false, "reversed": "False", "length": 67.985313534708169, "junction": null, "width": null, "service": null, "access": null, "bridge": null }, "geometry": { "type": "LineString", "coordinates": [ [ 10.8924433, 49.5707031 ], [ 10.8924286, 49.5708701 ], [ 10.8924259, 49.5708971 ], [ 10.8924044, 49.5710884 ], [ 10.8923964, 49.5711406 ], [ 10.8926619, 49.5711554 ] ] } },
{ "type": "Feature", "properties": { "u": 3835491108, "v": 3842968008, "key": 0, "osmid": "380206458", "highway": "footway", "lanes": null, "maxspeed": null, "name": null, "ref": null, "oneway": false, "reversed": "True", "length": 32.641291353909672, "junction": null, "width": null, "service": null, "access": null, "bridge": null }, "geometry": { "type": "LineString", "coordinates": [ [ 10.8924433, 49.5707031 ], [ 10.8924326, 49.5706762 ], [ 10.8924004, 49.5706535 ], [ 10.892324, 49.5706405 ], [ 10.8922019, 49.5706153 ], [ 10.8920564, 49.5705804 ] ] } },
{ "type": "Feature", "properties": { "u": 3835491113, "v": 3835491108, "key": 0, "osmid": "380206458", "highway": "footway", "lanes": null, "maxspeed": null, "name": null, "ref": null, "oneway": false, "reversed": "True", "length": 67.985313534708155, "junction": null, "width": null, "service": null, "access": null, "bridge": null }, "geometry": { "type": "LineString", "coordinates": [ [ 10.8926619, 49.5711554 ], [ 10.8923964, 49.5711406 ], [ 10.8924044, 49.5710884 ], [ 10.8924259, 49.5708971 ], [ 10.8924286, 49.5708701 ], [ 10.8924433, 49.5707031 ] ] } },
{ "type": "Feature", "properties": { "u": 3835497705, "v": 3867608762, "key": 0, "osmid": "380207682", "highway": "footway", "lanes": null, "maxspeed": null, "name": null, "ref": null, "oneway": false, "reversed": "False", "length": 7.8049383983469394, "junction": null, "width": null, "service": null, "access": null, "bridge": null }, "geometry": { "type": "LineString", "coordinates": [ [ 10.890029, 49.5672173 ], [ 10.8900386, 49.5672009 ], [ 10.8900675, 49.5671517 ] ] } },
{ "type": "Feature", "properties": { "u": 3835497705, "v": 3835497859, "key": 0, "osmid": [ 380206458, 1276073629 ], "highway": "footway", "lanes": null, "maxspeed": null, "name": null, "ref": null, "oneway": false, "reversed": "False", "length": 33.894707223666359, "junction": null, "width": null, "service": null, "access": null, "bridge": null }, "geometry": { "type": "LineString", "coordinates": [ [ 10.890029, 49.5672173 ], [ 10.8901152, 49.5672415 ], [ 10.8902171, 49.5672659 ], [ 10.8902734, 49.5673076 ], [ 10.8903002, 49.5673528 ], [ 10.890306, 49.5674223 ] ] } },
{ "type": "Feature", "properties": { "u": 3835497705, "v": 9959047013, "key": 0, "osmid": "1276073629", "highway": "footway", "lanes": null, "maxspeed": null, "name": null, "ref": null, "oneway": false, "reversed": "True", "length": 13.285939111827394, "junction": null, "width": null, "service": null, "access": null, "bridge": null }, "geometry": { "type": "LineString", "coordinates": [ [ 10.890029, 49.5672173 ], [ 10.8899757, 49.5672023 ], [ 10.889858, 49.5671729 ] ] } },
{ "type": "Feature", "properties": { "u": 3835497706, "v": 3835497707, "key": 0, "osmid": "380207682", "highway": "footway", "lanes": null, "maxspeed": null, "name": null, "ref": null, "oneway": false, "reversed": "False", "length": 7.9245121829151879, "junction": null, "width": null, "service": null, "access": null, "bridge": null }, "geometry": { "type": "LineString", "coordinates": [ [ 10.8901138, 49.5670728 ], [ 10.8902171, 49.5670971 ] ] } },
{ "type": "Feature", "properties": { "u": 3835497706, "v": 3867608762, "key": 0, "osmid": "380207682", "highway": "footway", "lanes": null, "maxspeed": null, "name": null, "ref": null, "oneway": false, "reversed": "True", "length": 9.387198315710954, "junction": null, "width": null, "service": null, "access": null, "bridge": null }, "geometry": { "type": "LineString", "coordinates": [ [ 10.8901138, 49.5670728 ], [ 10.8900924, 49.5671093 ], [ 10.8900675, 49.5671517 ] ] } },
{ "type": "Feature", "properties": { "u": 3835497706, "v": 3867608761, "key": 0, "osmid": "380209336", "highway": "footway", "lanes": null, "maxspeed": null, "name": null, "ref": null, "oneway": false, "reversed": "False", "length": 135.48300885562574, "junction": null, "width": null, "service": null, "access": null, "bridge": null }, "geometry": { "type": "LineString", "coordinates": [ [ 10.8901138, 49.5670728 ], [ 10.8900213, 49.5670545 ], [ 10.889914, 49.5670458 ], [ 10.8897839, 49.5670432 ], [ 10.8896263, 49.5670324 ], [ 10.8894218, 49.5670179 ], [ 10.8891747, 49.5670071 ], [ 10.8889501, 49.5670138 ], [ 10.8887615, 49.567033 ], [ 10.8886009, 49.5670559 ], [ 10.888542, 49.5670704 ], [ 10.8883915, 49.5671017 ], [ 10.8882666, 49.5671264 ] ] } },
{ "type": "Feature", "properties": { "u": 3835497707, "v": 2242399746, "key": 0, "osmid": "266638435", "highway": "track", "lanes": null, "maxspeed": null, "name": null, "ref": null, "oneway": false, "reversed": "False", "length": 9.7147124786850281, "junction": null, "width": null, "service": null, "access": null, "bridge": null }, "geometry": { "type": "LineString", "coordinates": [ [ 10.8902171, 49.5670971 ], [ 10.8902733, 49.5670177 ] ] } },
{ "type": "Feature", "properties": { "u": 3835497707, "v": 3835497706, "key": 0, "osmid": "380207682", "highway": "footway", "lanes": null, "maxspeed": null, "name": null, "ref": null, "oneway": false, "reversed": "True", "length": 7.9245121829151879, "junction": null, "width": null, "service": null, "access": null, "bridge": null }, "geometry": { "type": "LineString", "coordinates": [ [ 10.8902171, 49.5670971 ], [ 10.8901138, 49.5670728 ] ] } },
{ "type": "Feature", "properties": { "u": 3835497707, "v": 3867609166, "key": 0, "osmid": "380207682", "highway": "footway", "lanes": null, "maxspeed": null, "name": null, "ref": null, "oneway": false, "reversed": "False", "length": 156.68393244067701, "junction": null, "width": null, "service": null, "access": null, "bridge": null }, "geometry": { "type": "LineString", "coordinates": [ [ 10.8902171, 49.5670971 ], [ 10.89026, 49.5671096 ], [ 10.8903432, 49.5671337 ], [ 10.8904571, 49.5671589 ], [ 10.8905255, 49.5671867 ], [ 10.8906409, 49.5672389 ], [ 10.8907428, 49.5672617 ], [ 10.8909104, 49.5672792 ], [ 10.8910525, 49.5672797 ], [ 10.8912662, 49.567262 ], [ 10.8915051, 49.5672186 ], [ 10.8917419, 49.5671533 ], [ 10.891934, 49.5670781 ], [ 10.8921399, 49.5669988 ], [ 10.8922156, 49.5669692 ] ] } },
{ "type": "Feature", "properties": { "u": 3835497722, "v": 2261652571, "key": 0, "osmid": "216821906", "highway": "path", "lanes": null, "maxspeed": null, "name": null, "ref": null, "oneway": false, "reversed": "False", "length": 7.7479844054510512, "junction": null, "width": null, "service": null, "access": null, "bridge": null }, "geometry": { "type": "LineString", "coordinates": [ [ 10.8923997, 49.566898 ], [ 10.8924016, 49.5669154 ], [ 10.8924074, 49.5669675 ] ] } },
{ "type": "Feature", "properties": { "u": 3835497722, "v": 3867609166, "key": 0, "osmid": "380207682", "highway": "footway", "lanes": null, "maxspeed": null, "name": null, "ref": null, "oneway": false, "reversed": "True", "length": 15.458622384895925, "junction": null, "width": null, "service": null, "access": null, "bridge": null }, "geometry": { "type": "LineString", "coordinates": [ [ 10.8923997, 49.566898 ], [ 10.8923781, 49.5669059 ], [ 10.8922867, 49.5669414 ], [ 10.8922156, 49.5669692 ] ] } },
{ "type": "Feature", "properties": { "u": 3835497743, "v": 3835497748, "key": 0, "osmid": "380207683", "highway": "footway", "lanes": null, "maxspeed": null, "name": null, "ref": null, "oneway": false, "reversed": "False", "length": 5.1421867188204402, "junction": null, "width": null, "service": null, "access": null, "bridge": null }, "geometry": { "type": "LineString", "coordinates": [ [ 10.8904598, 49.5674355 ], [ 10.8905309, 49.567432 ] ] } },
{ "type": "Feature", "properties": { "u": 3835497743, "v": 3867610366, "key": 0, "osmid": "380207685", "highway": "footway", "lanes": null, "maxspeed": null, "name": null, "ref": null, "oneway": false, "reversed": "True", "length": 6.1690620807592245, "junction": null, "width": null, "service": null, "access": null, "bridge": null }, "geometry": { "type": "LineString", "coordinates": [ [ 10.8904598, 49.5674355 ], [ 10.890375, 49.5674282 ] ] } },
{ "type": "Feature", "properties": { "u": 3835497743, "v": 7517836796, "key": 0, "osmid": "380206451", "highway": "footway", "lanes": null, "maxspeed": null, "name": null, "ref": null, "oneway": false, "reversed": "False", "length": 53.637894051735231, "junction": null, "width": null, "service": null, "access": null, "bridge": null }, "geometry": { "type": "LineString", "coordinates": [ [ 10.8904598, 49.5674355 ], [ 10.8904826, 49.5674033 ], [ 10.890547, 49.567372 ], [ 10.8906288, 49.5673598 ], [ 10.89072, 49.5673711 ], [ 10.8908555, 49.5673876 ], [ 10.8908984, 49.5673963 ], [ 10.891062, 49.5674076 ], [ 10.8911463, 49.5674117 ] ] } },
{ "type": "Feature", "properties": { "u": 3835497743, "v": 3867609968, "key": 0, "osmid": "380206451", "highway": "footway", "lanes": null, "maxspeed": null, "name": null, "ref": null, "oneway": false, "reversed": "True", "length": 35.27371160117977, "junction": null, "width": null, "service": null, "access": null, "bridge": null }, "geometry": { "type": "LineString", "coordinates": [ [ 10.8904598, 49.5674355 ], [ 10.8904437, 49.5674981 ], [ 10.8904478, 49.5676312 ], [ 10.8904521, 49.5677518 ] ] } },
{ "type": "Feature", "properties": { "u": 3835497748, "v": 3835497743, "key": 0, "osmid": "380207683", "highway": "footway", "lanes": null, "maxspeed": null, "name": null, "ref": null, "oneway": false, "reversed": "True", "length": 5.1421867188204402, "junction": null, "width": null, "service": null, "access": null, "bridge": null }, "geometry": { "type": "LineString", "coordinates": [ [ 10.8905309, 49.567432 ], [ 10.8904598, 49.5674355 ] ] } },
{ "type": "Feature", "properties": { "u": 3835497748, "v": 2783016284, "key": 0, "osmid": "380207683", "highway": "footway", "lanes": null, "maxspeed": null, "name": null, "ref": null, "oneway": false, "reversed": "False", "length": 44.191809109214446, "junction": null, "width": null, "service": null, "access": null, "bridge": null }, "geometry": { "type": "LineString", "coordinates": [ [ 10.8905309, 49.567432 ], [ 10.8905859, 49.5674233 ], [ 10.8906503, 49.5674111 ], [ 10.8907321, 49.5674129 ], [ 10.8907911, 49.567425 ], [ 10.890838, 49.5674389 ], [ 10.8908447, 49.5674833 ], [ 10.8908474, 49.5675251 ], [ 10.8908521, 49.5675754 ], [ 10.89082, 49.5676249 ] ] } },
{ "type": "Feature", "properties": { "u": 3835497748, "v": 3832423808, "key": 0, "osmid": "380207684", "highway": "footway", "lanes": null, "maxspeed": null, "name": null, "ref": null, "oneway": false, "reversed": "False", "length": 23.770102185799146, "junction": null, "width": null, "service": null, "access": null, "bridge": null }, "geometry": { "type": "LineString", "coordinates": [ [ 10.8905309, 49.567432 ], [ 10.890551, 49.5674616 ], [ 10.8905658, 49.5675398 ], [ 10.8905698, 49.5675946 ], [ 10.8906052, 49.5676365 ] ] } },
{ "type": "Feature", "properties": { "u": 3835497859, "v": 3867610366, "key": 0, "osmid": "380207685", "highway": "footway", "lanes": null, "maxspeed": null, "name": null, "ref": null, "oneway": false, "reversed": "False", "length": 5.0190571972503824, "junction": null, "width": null, "service": null, "access": null, "bridge": null }, "geometry": { "type": "LineString", "coordinates": [ [ 10.890306, 49.5674223 ], [ 10.890375, 49.5674282 ] ] } },
{ "type": "Feature", "properties": { "u": 3835497859, "v": 3867680058, "key": 0, "osmid": "380206458", "highway": "footway", "lanes": null, "maxspeed": null, "name": null, "ref": null, "oneway": false, "reversed": "False", "length": 72.892625513822367, "junction": null, "width": null, "service": null, "access": null, "bridge": null }, "geometry": { "type": "LineString", "coordinates": [ [ 10.890306, 49.5674223 ], [ 10.8903123, 49.5674972 ], [ 10.8903405, 49.5679547 ], [ 10.8903502, 49.5680772 ] ] } },
{ "type": "Feature", "properties": { "u": 3835497859, "v": 3835497705, "key": 0, "osmid": [ 380206458, 1276073629 ], "highway": "footway", "lanes": null, "maxspeed": null, "name": null, "ref": null, "oneway": false, "reversed": "True", "length": 33.894707223666359, "junction": null, "width": null, "service": null, "access": null, "bridge": null }, "geometry": { "type": "LineString", "coordinates": [ [ 10.890306, 49.5674223 ], [ 10.8903002, 49.5673528 ], [ 10.8902734, 49.5673076 ], [ 10.8902171, 49.5672659 ], [ 10.8901152, 49.5672415 ], [ 10.890029, 49.5672173 ] ] } },
{ "type": "Feature", "properties": { "u": 3835513809, "v": 3867610364, "key": 0, "osmid": "1276073628", "highway": "footway", "lanes": null, "maxspeed": null, "name": null, "ref": null, "oneway": false, "reversed": "False", "length": 11.519419095756655, "junction": null, "width": null, "service": null, "access": null, "bridge": null }, "geometry": { "type": "LineString", "coordinates": [ [ 10.8879415, 49.5672465 ], [ 10.8880405, 49.5671652 ] ] } },
{ "type": "Feature", "properties": { "u": 3835513809, "v": 3835513842, "key": 0, "osmid": "380209336", "highway": "footway", "lanes": null, "maxspeed": null, "name": null, "ref": null, "oneway": false, "reversed": "False", "length": 80.654897477276094, "junction": null, "width": null, "service": null, "access": null, "bridge": null }, "geometry": { "type": "LineString", "coordinates": [ [ 10.8879415, 49.5672465 ], [ 10.8878634, 49.5672772 ], [ 10.8877307, 49.5673224 ], [ 10.8876006, 49.5673607 ], [ 10.8873813, 49.5674226 ], [ 10.8873305, 49.5674374 ], [ 10.8872405, 49.5674635 ], [ 10.8870125, 49.5675191 ], [ 10.8869186, 49.5675356 ] ] } },
{ "type": "Feature", "properties": { "u": 3835513809, "v": 3867610365, "key": 0, "osmid": "380209336", "highway": "footway", "lanes": null, "maxspeed": null, "name": null, "ref": null, "oneway": false, "reversed": "True", "length": 10.442161936945993, "junction": null, "width": null, "service": null, "access": null, "bridge": null }, "geometry": { "type": "LineString", "coordinates": [ [ 10.8879415, 49.5672465 ], [ 10.8880096, 49.5672198 ], [ 10.8880681, 49.5672011 ] ] } },
{ "type": "Feature", "properties": { "u": 3835513815, "v": 3867610364, "key": 0, "osmid": "1276073628", "highway": "footway", "lanes": null, "maxspeed": null, "name": null, "ref": null, "oneway": false, "reversed": "True", "length": 14.313046215489113, "junction": null, "width": null, "service": null, "access": null, "bridge": null }, "geometry": { "type": "LineString", "coordinates": [ [ 10.8881699, 49.5670676 ], [ 10.8880405, 49.5671652 ] ] } },
{ "type": "Feature", "properties": { "u": 3835513815, "v": 3867608759, "key": 0, "osmid": "380209337", "highway": "footway", "lanes": null, "maxspeed": null, "name": null, "ref": null, "oneway": false, "reversed": "False", "length": 27.948936816512248, "junction": null, "width": null, "service": null, "access": null, "bridge": null }, "geometry": { "type": "LineString", "coordinates": [ [ 10.8881699, 49.5670676 ], [ 10.8882631, 49.5669823 ], [ 10.8883704, 49.5668892 ], [ 10.8883994, 49.5668651 ] ] } },
{ "type": "Feature", "properties": { "u": 3835513815, "v": 3835513818, "key": 0, "osmid": "380209337", "highway": "footway", "lanes": null, "maxspeed": null, "name": null, "ref": null, "oneway": false, "reversed": "True", "length": 9.5804356597236193, "junction": null, "width": null, "service": null, "access": null, "bridge": null }, "geometry": { "type": "LineString", "coordinates": [ [ 10.8881699, 49.5670676 ], [ 10.888222, 49.5671085 ], [ 10.888223, 49.5671416 ] ] } },
{ "type": "Feature", "properties": { "u": 3835513818, "v": 3867608761, "key": 0, "osmid": "380209336", "highway": "footway", "lanes": null, "maxspeed": null, "name": null, "ref": null, "oneway": false, "reversed": "True", "length": 3.569747764140899, "junction": null, "width": null, "service": null, "access": null, "bridge": null }, "geometry": { "type": "LineString", "coordinates": [ [ 10.888223, 49.5671416 ], [ 10.8882666, 49.5671264 ] ] } },
{ "type": "Feature", "properties": { "u": 3835513818, "v": 3867610365, "key": 0, "osmid": "380209336", "highway": "footway", "lanes": null, "maxspeed": null, "name": null, "ref": null, "oneway": false, "reversed": "False", "length": 13.01390834036563, "junction": null, "width": null, "service": null, "access": null, "bridge": null }, "geometry": { "type": "LineString", "coordinates": [ [ 10.888223, 49.5671416 ], [ 10.8882108, 49.5671458 ], [ 10.8881344, 49.5671798 ], [ 10.8880681, 49.5672011 ] ] } },
{ "type": "Feature", "properties": { "u": 3835513818, "v": 3835513815, "key": 0, "osmid": "380209337", "highway": "footway", "lanes": null, "maxspeed": null, "name": null, "ref": null, "oneway": false, "reversed": "False", "length": 9.5804356597236193, "junction": null, "width": null, "service": null, "access": null, "bridge": null }, "geometry": { "type": "LineString", "coordinates": [ [ 10.888223, 49.5671416 ], [ 10.888222, 49.5671085 ], [ 10.8881699, 49.5670676 ] ] } },
{ "type": "Feature", "properties": { "u": 3835513837, "v": 3867609169, "key": 0, "osmid": "1276073629", "highway": "footway", "lanes": null, "maxspeed": null, "name": null, "ref": null, "oneway": false, "reversed": "True", "length": 4.5788824412349811, "junction": null, "width": null, "service": null, "access": null, "bridge": null }, "geometry": { "type": "LineString", "coordinates": [ [ 10.8872995, 49.5675757 ], [ 10.8872384, 49.5675869 ] ] } },
{ "type": "Feature", "properties": { "u": 3835513837, "v": 3938308471, "key": 0, "osmid": "380210483", "highway": "footway", "lanes": null, "maxspeed": null, "name": null, "ref": null, "oneway": false, "reversed": "False", "length": 247.68812828185821, "junction": null, "width": null, "service": null, "access": null, "bridge": null }, "geometry": { "type": "LineString", "coordinates": [ [ 10.8872995, 49.5675757 ], [ 10.8872993, 49.5676077 ], [ 10.887365, 49.5677173 ], [ 10.8874348, 49.5679165 ], [ 10.8874857, 49.5681095 ], [ 10.8875903, 49.5684166 ], [ 10.8876024, 49.5684731 ], [ 10.8876225, 49.5686201 ], [ 10.8876373, 49.5687801 ], [ 10.8876587, 49.568901 ], [ 10.8876949, 49.5690628 ], [ 10.8877164, 49.5691315 ], [ 10.88777, 49.5692446 ], [ 10.8878384, 49.5693516 ], [ 10.8879149, 49.5694472 ], [ 10.8880061, 49.569569 ], [ 10.8880758, 49.5696568 ], [ 10.8881271, 49.5697151 ] ] } },
{ "type": "Feature", "properties": { "u": 3835513837, "v": 3867680057, "key": 0, "osmid": "1276073629", "highway": "footway", "lanes": null, "maxspeed": null, "name": null, "ref": null, "oneway": false, "reversed": "False", "length": 42.089235513876382, "junction": null, "width": null, "service": null, "access": null, "bridge": null }, "geometry": { "type": "LineString", "coordinates": [ [ 10.8872995, 49.5675757 ], [ 10.8873223, 49.5675443 ], [ 10.8873726, 49.5675311 ], [ 10.8874799, 49.5674955 ], [ 10.8877213, 49.5674146 ], [ 10.8877945, 49.5673884 ] ] } },
{ "type": "Feature", "properties": { "u": 3835513838, "v": 3867609169, "key": 0, "osmid": "1276073629", "highway": "footway", "lanes": null, "maxspeed": null, "name": null, "ref": null, "oneway": false, "reversed": "False", "length": 4.9075620022846707, "junction": null, "width": null, "service": null, "access": null, "bridge": null }, "geometry": { "type": "LineString", "coordinates": [ [ 10.8871748, 49.5676026 ], [ 10.8872384, 49.5675869 ] ] } },
{ "type": "Feature", "properties": { "u": 3835513838, "v": 3867609172, "key": 0, "osmid": "381268799", "highway": "footway", "lanes": null, "maxspeed": null, "name": null, "ref": null, "oneway": false, "reversed": "True", "length": 77.257171984996063, "junction": null, "width": null, "service": null, "access": null, "bridge": null }, "geometry": { "type": "LineString", "coordinates": [ [ 10.8871748, 49.5676026 ], [ 10.887246, 49.5676855 ], [ 10.8872634, 49.5677151 ], [ 10.8872862, 49.5677586 ], [ 10.8874338, 49.5681709 ], [ 10.8874244, 49.5681943 ], [ 10.8874056, 49.5682135 ], [ 10.8873788, 49.5682257 ], [ 10.8873892, 49.5682558 ] ] } },
{ "type": "Feature", "properties": { "u": 3835513838, "v": 3835513841, "key": 0, "osmid": "1276073629", "highway": "footway", "lanes": null, "maxspeed": null, "name": null, "ref": null, "oneway": false, "reversed": "True", "length": 17.731989603072279, "junction": null, "width": null, "service": null, "access": null, "bridge": null }, "geometry": { "type": "LineString", "coordinates": [ [ 10.8871748, 49.5676026 ], [ 10.887156, 49.5675896 ], [ 10.8871292, 49.5675791 ], [ 10.8869468, 49.5676061 ] ] } },
{ "type": "Feature", "properties": { "u": 3835513841, "v": 332262770, "key": 0, "osmid": "1276073630", "highway": "footway", "lanes": null, "maxspeed": null, "name": null, "ref": null, "oneway": false, "reversed": "True", "length": 4.0876355446664761, "junction": null, "width": null, "service": null, "access": null, "bridge": null }, "geometry": { "type": "LineString", "coordinates": [ [ 10.8869468, 49.5676061 ], [ 10.8869361, 49.56757 ] ] } },
{ "type": "Feature", "properties": { "u": 3835513841, "v": 9961150345, "key": 0, "osmid": "380209340", "highway": "footway", "lanes": null, "maxspeed": null, "name": null, "ref": null, "oneway": false, "reversed": "False", "length": 20.999267223272401, "junction": null, "width": null, "service": null, "access": null, "bridge": null }, "geometry": { "type": "LineString", "coordinates": [ [ 10.8869468, 49.5676061 ], [ 10.8867148, 49.5676339 ], [ 10.8866601, 49.567639 ] ] } },
{ "type": "Feature", "properties": { "u": 3835513841, "v": 3835513838, "key": 0, "osmid": "1276073629", "highway": "footway", "lanes": null, "maxspeed": null, "name": null, "ref": null, "oneway": false, "reversed": "False", "length": 17.731989603072282, "junction": null, "width": null, "service": null, "access": null, "bridge": null }, "geometry": { "type": "LineString", "coordinates": [ [ 10.8869468, 49.5676061 ], [ 10.8871292, 49.5675791 ], [ 10.887156, 49.5675896 ], [ 10.8871748, 49.5676026 ] ] } },
{ "type": "Feature", "properties": { "u": 3835513842, "v": 7183684267, "key": 0, "osmid": "380209339", "highway": "footway", "lanes": null, "maxspeed": null, "name": null, "ref": null, "oneway": false, "reversed": "False", "length": 9.3553466668234631, "junction": null, "width": null, "service": null, "access": null, "bridge": null }, "geometry": { "type": "LineString", "coordinates": [ [ 10.8869186, 49.5675356 ], [ 10.8867929, 49.5675564 ] ] } },
{ "type": "Feature", "properties": { "u": 3835513842, "v": 332262770, "key": 0, "osmid": "1276073630", "highway": "footway", "lanes": null, "maxspeed": null, "name": null, "ref": null, "oneway": false, "reversed": "False", "length": 4.0279249337766103, "junction": null, "width": null, "service": null, "access": null, "bridge": null }, "geometry": { "type": "LineString", "coordinates": [ [ 10.8869186, 49.5675356 ], [ 10.8869361, 49.56757 ] ] } },
{ "type": "Feature", "properties": { "u": 3835513842, "v": 3835513809, "key": 0, "osmid": "380209336", "highway": "footway", "lanes": null, "maxspeed": null, "name": null, "ref": null, "oneway": false, "reversed": "True", "length": 80.654897477276094, "junction": null, "width": null, "service": null, "access": null, "bridge": null }, "geometry": { "type": "LineString", "coordinates": [ [ 10.8869186, 49.5675356 ], [ 10.8870125, 49.5675191 ], [ 10.8872405, 49.5674635 ], [ 10.8873305, 49.5674374 ], [ 10.8873813, 49.5674226 ], [ 10.8876006, 49.5673607 ], [ 10.8877307, 49.5673224 ], [ 10.8878634, 49.5672772 ], [ 10.8879415, 49.5672465 ] ] } },
{ "type": "Feature", "properties": { "u": 3835514164, "v": 3835514206, "key": 0, "osmid": "1276073633", "highway": "footway", "lanes": null, "maxspeed": null, "name": null, "ref": null, "oneway": false, "reversed": "True", "length": 86.867853530317689, "junction": null, "width": null, "service": null, "access": null, "bridge": null }, "geometry": { "type": "LineString", "coordinates": [ [ 10.8863124, 49.5670834 ], [ 10.8862776, 49.5670981 ], [ 10.8860791, 49.5671886 ], [ 10.8858068, 49.5673139 ], [ 10.8857519, 49.5673391 ], [ 10.8854662, 49.5674582 ], [ 10.8853375, 49.567513 ], [ 10.8853194, 49.5675248 ] ] } },
{ "type": "Feature", "properties": { "u": 3835514173, "v": 3867609967, "key": 0, "osmid": "380209340", "highway": "footway", "lanes": null, "maxspeed": null, "name": null, "ref": null, "oneway": false, "reversed": "True", "length": 2.9516204001065978, "junction": null, "width": null, "service": null, "access": null, "bridge": null }, "geometry": { "type": "LineString", "coordinates": [ [ 10.8852087, 49.5676609 ], [ 10.8852496, 49.5676619 ] ] } },
{ "type": "Feature", "properties": { "u": 3835514173, "v": 3835514183, "key": 0, "osmid": "1276073632", "highway": "footway", "lanes": null, "maxspeed": null, "name": null, "ref": null, "oneway": false, "reversed": "False", "length": 8.4438437615467326, "junction": null, "width": null, "service": null, "access": null, "bridge": null }, "geometry": { "type": "LineString", "coordinates": [ [ 10.8852087, 49.5676609 ], [ 10.8850995, 49.5676883 ] ] } },
{ "type": "Feature", "properties": { "u": 3835514173, "v": 3835514179, "key": 0, "osmid": "380209340", "highway": "footway", "lanes": null, "maxspeed": null, "name": null, "ref": null, "oneway": false, "reversed": "False", "length": 10.857326285042387, "junction": null, "width": null, "service": null, "access": null, "bridge": null }, "geometry": { "type": "LineString", "coordinates": [ [ 10.8852087, 49.5676609 ], [ 10.8851676, 49.567627 ], [ 10.8850894, 49.567607 ] ] } },
{ "type": "Feature", "properties": { "u": 3835514174, "v": 3835514198, "key": 0, "osmid": "1276073631", "highway": "footway", "lanes": null, "maxspeed": null, "name": null, "ref": null, "oneway": false, "reversed": "False", "length": 9.4700995034494362, "junction": null, "width": null, "service": null, "access": null, "bridge": null }, "geometry": { "type": "LineString", "coordinates": [ [ 10.8848895, 49.5677409 ], [ 10.8849654, 49.5676714 ] ] } },
{ "type": "Feature", "properties": { "u": 3835514174, "v": 3835514183, "key": 0, "osmid": "1276073632", "highway": "footway", "lanes": null, "maxspeed": null, "name": null, "ref": null, "oneway": false, "reversed": "True", "length": 16.234448766087034, "junction": null, "width": null, "service": null, "access": null, "bridge": null }, "geometry": { "type": "LineString", "coordinates": [ [ 10.8848895, 49.5677409 ], [ 10.8850995, 49.5676883 ] ] } },
{ "type": "Feature", "properties": { "u": 3835514174, "v": 3867609970, "key": 0, "osmid": "380209348", "highway": "footway", "lanes": null, "maxspeed": null, "name": null, "ref": null, "oneway": false, "reversed": "False", "length": 104.74280817827938, "junction": null, "width": null, "service": null, "access": null, "bridge": null }, "geometry": { "type": "LineString", "coordinates": [ [ 10.8848895, 49.5677409 ], [ 10.8847594, 49.5678653 ], [ 10.884746, 49.5679018 ], [ 10.8846924, 49.5679523 ], [ 10.8846468, 49.5680062 ], [ 10.8846656, 49.5680653 ], [ 10.8847514, 49.568201 ], [ 10.884805, 49.5682897 ], [ 10.8848426, 49.568415 ], [ 10.8848906, 49.568614 ] ] } },
{ "type": "Feature", "properties": { "u": 3835514179, "v": 332262766, "key": 0, "osmid": "380209342", "highway": "footway", "lanes": null, "maxspeed": null, "name": null, "ref": null, "oneway": false, "reversed": "False", "length": 5.8741208139002508, "junction": null, "width": null, "service": null, "access": null, "bridge": null }, "geometry": { "type": "LineString", "coordinates": [ [ 10.8850894, 49.567607 ], [ 10.8851289, 49.5675608 ] ] } },
{ "type": "Feature", "properties": { "u": 3835514179, "v": 3835514173, "key": 0, "osmid": "380209340", "highway": "footway", "lanes": null, "maxspeed": null, "name": null, "ref": null, "oneway": false, "reversed": "True", "length": 10.857326285042387, "junction": null, "width": null, "service": null, "access": null, "bridge": null }, "geometry": { "type": "LineString", "coordinates": [ [ 10.8850894, 49.567607 ], [ 10.8851676, 49.567627 ], [ 10.8852087, 49.5676609 ] ] } },
{ "type": "Feature", "properties": { "u": 3835514179, "v": 3835514182, "key": 0, "osmid": "1276073631", "highway": "footway", "lanes": null, "maxspeed": null, "name": null, "ref": null, "oneway": false, "reversed": "True", "length": 5.7444489632764419, "junction": null, "width": null, "service": null, "access": null, "bridge": null }, "geometry": { "type": "LineString", "coordinates": [ [ 10.8850894, 49.567607 ], [ 10.8850692, 49.5676183 ], [ 10.8850424, 49.5676357 ], [ 10.8850292, 49.5676404 ] ] } },
{ "type": "Feature", "properties": { "u": 3835514182, "v": 3835514183, "key": 0, "osmid": "380209341", "highway": "footway", "lanes": null, "maxspeed": null, "name": null, "ref": null, "oneway": false, "reversed": "False", "length": 7.3532955747490263, "junction": null, "width": null, "service": null, "access": null, "bridge": null }, "geometry": { "type": "LineString", "coordinates": [ [ 10.8850292, 49.5676404 ], [ 10.8850995, 49.5676883 ] ] } },
{ "type": "Feature", "properties": { "u": 3835514182, "v": 3835514179, "key": 0, "osmid": "1276073631", "highway": "footway", "lanes": null, "maxspeed": null, "name": null, "ref": null, "oneway": false, "reversed": "False", "length": 5.7444489632764419, "junction": null, "width": null, "service": null, "access": null, "bridge": null }, "geometry": { "type": "LineString", "coordinates": [ [ 10.8850292, 49.5676404 ], [ 10.8850424, 49.5676357 ], [ 10.8850692, 49.5676183 ], [ 10.8850894, 49.567607 ] ] } },
{ "type": "Feature", "properties": { "u": 3835514182, "v": 3835514198, "key": 0, "osmid": "1276073631", "highway": "footway", "lanes": null, "maxspeed": null, "name": null, "ref": null, "oneway": false, "reversed": "True", "length": 5.8287446559355773, "junction": null, "width": null, "service": null, "access": null, "bridge": null }, "geometry": { "type": "LineString", "coordinates": [ [ 10.8850292, 49.5676404 ], [ 10.8849982, 49.5676513 ], [ 10.884974, 49.5676635 ], [ 10.8849654, 49.5676714 ] ] } },
{ "type": "Feature", "properties": { "u": 3835514183, "v": 3835514182, "key": 0, "osmid": "380209341", "highway": "footway", "lanes": null, "maxspeed": null, "name": null, "ref": null, "oneway": false, "reversed": "True", "length": 7.3532955747490263, "junction": null, "width": null, "service": null, "access": null, "bridge": null }, "geometry": { "type": "LineString", "coordinates": [ [ 10.8850995, 49.5676883 ], [ 10.8850292, 49.5676404 ] ] } },
{ "type": "Feature", "properties": { "u": 3835514183, "v": 3835514174, "key": 0, "osmid": "1276073632", "highway": "footway", "lanes": null, "maxspeed": null, "name": null, "ref": null, "oneway": false, "reversed": "False", "length": 16.234448766087034, "junction": null, "width": null, "service": null, "access": null, "bridge": null }, "geometry": { "type": "LineString", "coordinates": [ [ 10.8850995, 49.5676883 ], [ 10.8848895, 49.5677409 ] ] } },
{ "type": "Feature", "properties": { "u": 3835514183, "v": 3835514173, "key": 0, "osmid": "1276073632", "highway": "footway", "lanes": null, "maxspeed": null, "name": null, "ref": null, "oneway": false, "reversed": "True", "length": 8.4438437615467326, "junction": null, "width": null, "service": null, "access": null, "bridge": null }, "geometry": { "type": "LineString", "coordinates": [ [ 10.8850995, 49.5676883 ], [ 10.8852087, 49.5676609 ] ] } },
{ "type": "Feature", "properties": { "u": 3835514184, "v": 332262766, "key": 0, "osmid": "380209342", "highway": "footway", "lanes": null, "maxspeed": null, "name": null, "ref": null, "oneway": false, "reversed": "True", "length": 6.0786755803138091, "junction": null, "width": null, "service": null, "access": null, "bridge": null }, "geometry": { "type": "LineString", "coordinates": [ [ 10.8851698, 49.567513 ], [ 10.8851289, 49.5675608 ] ] } },
{ "type": "Feature", "properties": { "u": 3835514184, "v": 3867610367, "key": 0, "osmid": [ 380209346, 380209342 ], "highway": "footway", "lanes": null, "maxspeed": null, "name": null, "ref": null, "oneway": false, "reversed": [ false, true ], "length": 11.106844050591967, "junction": null, "width": null, "service": null, "access": null, "bridge": null }, "geometry": { "type": "LineString", "coordinates": [ [ 10.8851698, 49.567513 ], [ 10.8852074, 49.5675026 ], [ 10.885257, 49.5674956 ], [ 10.8852825, 49.5674878 ], [ 10.8853011, 49.5675064 ] ] } },
{ "type": "Feature", "properties": { "u": 3835514184, "v": 3835514197, "key": 0, "osmid": "380209343", "highway": "footway", "lanes": null, "maxspeed": null, "name": null, "ref": null, "oneway": false, "reversed": "False", "length": 21.635496313778443, "junction": null, "width": null, "service": null, "access": null, "bridge": null }, "geometry": { "type": "LineString", "coordinates": [ [ 10.8851698, 49.567513 ], [ 10.885135, 49.5675087 ], [ 10.8851148, 49.5674861 ], [ 10.885088, 49.5674356 ], [ 10.8851014, 49.5673973 ], [ 10.8851297, 49.5673478 ] ] } },
{ "type": "Feature", "properties": { "u": 3835514197, "v": 332262769, "key": 0, "osmid": "380209344", "highway": "footway", "lanes": null, "maxspeed": null, "name": null, "ref": null, "oneway": false, "reversed": "False", "length": 5.5424080096380299, "junction": null, "width": null, "service": null, "access": null, "bridge": null }, "geometry": { "type": "LineString", "coordinates": [ [ 10.8851297, 49.5673478 ], [ 10.8850612, 49.5673252 ] ] } },
{ "type": "Feature", "properties": { "u": 3835514197, "v": 3835514184, "key": 0, "osmid": "380209343", "highway": "footway", "lanes": null, "maxspeed": null, "name": null, "ref": null, "oneway": false, "reversed": "True", "length": 21.635496313778447, "junction": null, "width": null, "service": null, "access": null, "bridge": null }, "geometry": { "type": "LineString", "coordinates": [ [ 10.8851297, 49.5673478 ], [ 10.8851014, 49.5673973 ], [ 10.885088, 49.5674356 ], [ 10.8851148, 49.5674861 ], [ 10.885135, 49.5675087 ], [ 10.8851698, 49.567513 ] ] } },
{ "type": "Feature", "properties": { "u": 3835514198, "v": 332262767, "key": 0, "osmid": "380209345", "highway": "footway", "lanes": null, "maxspeed": null, "name": null, "ref": null, "oneway": false, "reversed": "False", "length": 5.5208892612444584, "junction": null, "width": null, "service": null, "access": null, "bridge": null }, "geometry": { "type": "LineString", "coordinates": [ [ 10.8849654, 49.5676714 ], [ 10.884897, 49.5676491 ] ] } },
{ "type": "Feature", "properties": { "u": 3835514198, "v": 3835514174, "key": 0, "osmid": "1276073631", "highway": "footway", "lanes": null, "maxspeed": null, "name": null, "ref": null, "oneway": false, "reversed": "True", "length": 9.4700995034494362, "junction": null, "width": null, "service": null, "access": null, "bridge": null }, "geometry": { "type": "LineString", "coordinates": [ [ 10.8849654, 49.5676714 ], [ 10.8848895, 49.5677409 ] ] } },
{ "type": "Feature", "properties": { "u": 3835514198, "v": 3835514182, "key": 0, "osmid": "1276073631", "highway": "footway", "lanes": null, "maxspeed": null, "name": null, "ref": null, "oneway": false, "reversed": "False", "length": 5.8287446559355773, "junction": null, "width": null, "service": null, "access": null, "bridge": null }, "geometry": { "type": "LineString", "coordinates": [ [ 10.8849654, 49.5676714 ], [ 10.884974, 49.5676635 ], [ 10.8849982, 49.5676513 ], [ 10.8850292, 49.5676404 ] ] } },
{ "type": "Feature", "properties": { "u": 3835514199, "v": 332262767, "key": 0, "osmid": "380209345", "highway": "footway", "lanes": null, "maxspeed": null, "name": null, "ref": null, "oneway": false, "reversed": "True", "length": 4.9329729837973462, "junction": null, "width": null, "service": null, "access": null, "bridge": null }, "geometry": { "type": "LineString", "coordinates": [ [ 10.8848332, 49.5676331 ], [ 10.884897, 49.5676491 ] ] } },
{ "type": "Feature", "properties": { "u": 3835514199, "v": 3835514204, "key": 0, "osmid": "380209345", "highway": "footway", "lanes": null, "maxspeed": null, "name": null, "ref": null, "oneway": false, "reversed": "False", "length": 18.576993264845889, "junction": null, "width": null, "service": null, "access": null, "bridge": null }, "geometry": { "type": "LineString", "coordinates": [ [ 10.8848332, 49.5676331 ], [ 10.8848225, 49.5675991 ], [ 10.8847849, 49.5675643 ], [ 10.8847581, 49.5675383 ], [ 10.8847299, 49.5675165 ], [ 10.8846895, 49.5675016 ] ] } },
{ "type": "Feature", "properties": { "u": 3835514199, "v": 3835516654, "key": 0, "osmid": "380209353", "highway": "footway", "lanes": null, "maxspeed": null, "name": null, "ref": null, "oneway": false, "reversed": "False", "length": 17.628986472874708, "junction": null, "width": null, "service": null, "access": null, "bridge": null }, "geometry": { "type": "LineString", "coordinates": [ [ 10.8848332, 49.5676331 ], [ 10.8847914, 49.5676877 ], [ 10.8847378, 49.5677469 ], [ 10.8847083, 49.5677686 ] ] } },
{ "type": "Feature", "properties": { "u": 3835514204, "v": 332262768, "key": 0, "osmid": "380209345", "highway": "footway", "lanes": null, "maxspeed": null, "name": null, "ref": null, "oneway": false, "reversed": "False", "length": 3.4219670260115813, "junction": null, "width": null, "service": null, "access": null, "bridge": null }, "geometry": { "type": "LineString", "coordinates": [ [ 10.8846895, 49.5675016 ], [ 10.8846978, 49.5674713 ] ] } },
{ "type": "Feature", "properties": { "u": 3835514204, "v": 3835514199, "key": 0, "osmid": "380209345", "highway": "footway", "lanes": null, "maxspeed": null, "name": null, "ref": null, "oneway": false, "reversed": "True", "length": 18.576993264845889, "junction": null, "width": null, "service": null, "access": null, "bridge": null }, "geometry": { "type": "LineString", "coordinates": [ [ 10.8846895, 49.5675016 ], [ 10.8847299, 49.5675165 ], [ 10.8847581, 49.5675383 ], [ 10.8847849, 49.5675643 ], [ 10.8848225, 49.5675991 ], [ 10.8848332, 49.5676331 ] ] } },
{ "type": "Feature", "properties": { "u": 3835514204, "v": 11838889225, "key": 0, "osmid": [ 1275040454, 1275040455, 1275040456, 1275040457, 1275040458 ], "highway": [ "steps", "footway" ], "lanes": null, "maxspeed": null, "name": null, "ref": null, "oneway": false, "reversed": "False", "length": 23.539403319116147, "junction": null, "width": null, "service": null, "access": null, "bridge": null }, "geometry": { "type": "LineString", "coordinates": [ [ 10.8846895, 49.5675016 ], [ 10.8846037, 49.5675111 ], [ 10.8845272, 49.5675303 ], [ 10.8845533, 49.5675654 ], [ 10.8845635, 49.5675788 ], [ 10.8845739, 49.5675925 ], [ 10.8845845, 49.5676065 ], [ 10.8846062, 49.5676165 ] ] } },
{ "type": "Feature", "properties": { "u": 3835514206, "v": 3867610367, "key": 0, "osmid": "380209346", "highway": "footway", "lanes": null, "maxspeed": null, "name": null, "ref": null, "oneway": false, "reversed": "False", "length": 2.4346928238259449, "junction": null, "width": null, "service": null, "access": null, "bridge": null }, "geometry": { "type": "LineString", "coordinates": [ [ 10.8853194, 49.5675248 ], [ 10.8853011, 49.5675064 ] ] } },
{ "type": "Feature", "properties": { "u": 3835514206, "v": 3835514164, "key": 0, "osmid": "1276073633", "highway": "footway", "lanes": null, "maxspeed": null, "name": null, "ref": null, "oneway": false, "reversed": "False", "length": 86.867853530317674, "junction": null, "width": null, "service": null, "access": null, "bridge": null }, "geometry": { "type": "LineString", "coordinates": [ [ 10.8853194, 49.5675248 ], [ 10.8853375, 49.567513 ], [ 10.8854662, 49.5674582 ], [ 10.8857519, 49.5673391 ], [ 10.8858068, 49.5673139 ], [ 10.8860791, 49.5671886 ], [ 10.8862776, 49.5670981 ], [ 10.8863124, 49.5670834 ] ] } },
{ "type": "Feature", "properties": { "u": 3835514206, "v": 7183684267, "key": 0, "osmid": [ 1276073633, 380209339 ], "highway": "footway", "lanes": null, "maxspeed": null, "name": null, "ref": null, "oneway": false, "reversed": "True", "length": 113.92680535621163, "junction": null, "width": null, "service": null, "access": null, "bridge": null }, "geometry": { "type": "LineString", "coordinates": [ [ 10.8853194, 49.5675248 ], [ 10.8853013, 49.5675365 ], [ 10.8852972, 49.56756 ], [ 10.88532, 49.5675774 ], [ 10.8853629, 49.5675896 ], [ 10.885481, 49.5675956 ], [ 10.8855617, 49.5676005 ], [ 10.8857425, 49.5676037 ], [ 10.8858086, 49.5675999 ], [ 10.8859758, 49.5675983 ], [ 10.886185, 49.5676 ], [ 10.8864063, 49.567593 ], [ 10.8865766, 49.56758 ], [ 10.8867416, 49.5675643 ], [ 10.8867929, 49.5675564 ] ] } },
{ "type": "Feature", "properties": { "u": 3835514207, "v": 332262768, "key": 0, "osmid": "270228330", "highway": "footway", "lanes": null, "maxspeed": null, "name": null, "ref": null, "oneway": false, "reversed": "False", "length": 10.270663143740512, "junction": null, "width": null, "service": null, "access": null, "bridge": null }, "geometry": { "type": "LineString", "coordinates": [ [ 10.8847459, 49.5673894 ], [ 10.8847152, 49.5674055 ], [ 10.8846978, 49.5674713 ] ] } },
{ "type": "Feature", "properties": { "u": 3835514207, "v": 2752741419, "key": 0, "osmid": "270228330", "highway": "footway", "lanes": null, "maxspeed": null, "name": null, "ref": null, "oneway": false, "reversed": "True", "length": 18.340445721718407, "junction": null, "width": null, "service": null, "access": null, "bridge": null }, "geometry": { "type": "LineString", "coordinates": [ [ 10.8847459, 49.5673894 ], [ 10.8847715, 49.5673759 ], [ 10.8849003, 49.5673411 ], [ 10.8849482, 49.5672981 ] ] } },
{ "type": "Feature", "properties": { "u": 3835514207, "v": 3835514209, "key": 0, "osmid": "380209347", "highway": "footway", "lanes": null, "maxspeed": null, "name": null, "ref": null, "oneway": false, "reversed": "False", "length": 9.0292320691606172, "junction": null, "width": null, "service": null, "access": null, "bridge": null }, "geometry": { "type": "LineString", "coordinates": [ [ 10.8847459, 49.5673894 ], [ 10.884742, 49.5673521 ], [ 10.8847501, 49.5673086 ] ] } },
{ "type": "Feature", "properties": { "u": 3835514209, "v": 3850350758, "key": 0, "osmid": "380209347", "highway": "footway", "lanes": null, "maxspeed": null, "name": null, "ref": null, "oneway": false, "reversed": "False", "length": 10.257322517334174, "junction": null, "width": null, "service": null, "access": null, "bridge": null }, "geometry": { "type": "LineString", "coordinates": [ [ 10.8847501, 49.5673086 ], [ 10.8847179, 49.5672956 ], [ 10.8846911, 49.5672782 ], [ 10.8846843, 49.5672486 ], [ 10.8846871, 49.5672356 ] ] } },
{ "type": "Feature", "properties": { "u": 3835514209, "v": 3835514207, "key": 0, "osmid": "380209347", "highway": "footway", "lanes": null, "maxspeed": null, "name": null, "ref": null, "oneway": false, "reversed": "True", "length": 9.0292320691606172, "junction": null, "width": null, "service": null, "access": null, "bridge": null }, "geometry": { "type": "LineString", "coordinates": [ [ 10.8847501, 49.5673086 ], [ 10.884742, 49.5673521 ], [ 10.8847459, 49.5673894 ] ] } },
{ "type": "Feature", "properties": { "u": 3835514209, "v": 3850350757, "key": 0, "osmid": "1231176615", "highway": "footway", "lanes": null, "maxspeed": null, "name": null, "ref": null, "oneway": false, "reversed": "True", "length": 8.0964639625366139, "junction": null, "width": null, "service": null, "access": null, "bridge": null }, "geometry": { "type": "LineString", "coordinates": [ [ 10.8847501, 49.5673086 ], [ 10.8847903, 49.5673078 ], [ 10.8848225, 49.5672938 ], [ 10.8848422, 49.5672764 ] ] } },
{ "type": "Feature", "properties": { "u": 3835514236, "v": 338728896, "key": 0, "osmid": "380209350", "highway": "footway", "lanes": null, "maxspeed": null, "name": null, "ref": null, "oneway": false, "reversed": "False", "length": 4.3946036495132468, "junction": null, "width": null, "service": null, "access": null, "bridge": null }, "geometry": { "type": "LineString", "coordinates": [ [ 10.8853277, 49.5692622 ], [ 10.8852899, 49.5692932 ] ] } },
{ "type": "Feature", "properties": { "u": 3835514236, "v": 8796180646, "key": 0, "osmid": "380209348", "highway": "footway", "lanes": null, "maxspeed": null, "name": null, "ref": null, "oneway": false, "reversed": "False", "length": 58.24057678232694, "junction": null, "width": null, "service": null, "access": null, "bridge": null }, "geometry": { "type": "LineString", "coordinates": [ [ 10.8853277, 49.5692622 ], [ 10.8854028, 49.5692952 ], [ 10.8855396, 49.5693318 ], [ 10.8856979, 49.5693718 ], [ 10.8859406, 49.5694422 ], [ 10.8860662, 49.5694709 ] ] } },
{ "type": "Feature", "properties": { "u": 3835514236, "v": 3867609970, "key": 0, "osmid": "380209348", "highway": "footway", "lanes": null, "maxspeed": null, "name": null, "ref": null, "oneway": false, "reversed": "True", "length": 82.71247729384288, "junction": null, "width": null, "service": null, "access": null, "bridge": null }, "geometry": { "type": "LineString", "coordinates": [ [ 10.8853277, 49.5692622 ], [ 10.8852433, 49.5692187 ], [ 10.8851386, 49.5691483 ], [ 10.8850394, 49.5690743 ], [ 10.884971, 49.5690126 ], [ 10.8849576, 49.5689465 ], [ 10.8849442, 49.5688552 ], [ 10.8849023, 49.5686626 ], [ 10.8848906, 49.568614 ] ] } },
{ "type": "Feature", "properties": { "u": 3835514250, "v": 28099684, "key": 0, "osmid": "380209349", "highway": "footway", "lanes": null, "maxspeed": null, "name": null, "ref": null, "oneway": false, "reversed": "False", "length": 4.8098293203360303, "junction": null, "width": null, "service": null, "access": null, "bridge": null }, "geometry": { "type": "LineString", "coordinates": [ [ 10.8882488, 49.570097 ], [ 10.8882178, 49.5701353 ] ] } },
{ "type": "Feature", "properties": { "u": 3835514250, "v": 9961172162, "key": 0, "osmid": "381268800", "highway": "path", "lanes": null, "maxspeed": null, "name": null, "ref": null, "oneway": false, "reversed": "True", "length": 7.6163918432901729, "junction": null, "width": null, "service": null, "access": null, "bridge": null }, "geometry": { "type": "LineString", "coordinates": [ [ 10.8882488, 49.570097 ], [ 10.8881572, 49.5700629 ] ] } },
{ "type": "Feature", "properties": { "u": 3835514250, "v": 3835514252, "key": 0, "osmid": "381268800", "highway": "path", "lanes": null, "maxspeed": null, "name": null, "ref": null, "oneway": false, "reversed": "False", "length": 10.497675887085251, "junction": null, "width": null, "service": null, "access": null, "bridge": null }, "geometry": { "type": "LineString", "coordinates": [ [ 10.8882488, 49.570097 ], [ 10.8883402, 49.570131 ], [ 10.8883754, 49.5701436 ] ] } },
{ "type": "Feature", "properties": { "u": 3835514252, "v": 331317091, "key": 0, "osmid": "380210484", "highway": "path", "lanes": null, "maxspeed": null, "name": null, "ref": null, "oneway": false, "reversed": "False", "length": 8.2802384478163411, "junction": null, "width": null, "service": null, "access": null, "bridge": null }, "geometry": { "type": "LineString", "coordinates": [ [ 10.8883754, 49.5701436 ], [ 10.888476, 49.5701795 ] ] } },
{ "type": "Feature", "properties": { "u": 3835514252, "v": 3835514254, "key": 0, "osmid": "381268799", "highway": "footway", "lanes": null, "maxspeed": null, "name": null, "ref": null, "oneway": false, "reversed": "False", "length": 5.1599204077051564, "junction": null, "width": null, "service": null, "access": null, "bridge": null }, "geometry": { "type": "LineString", "coordinates": [ [ 10.8883754, 49.5701436 ], [ 10.8884096, 49.5701224 ], [ 10.8884109, 49.5701067 ] ] } },
{ "type": "Feature", "properties": { "u": 3835514252, "v": 3835514250, "key": 0, "osmid": "381268800", "highway": "path", "lanes": null, "maxspeed": null, "name": null, "ref": null, "oneway": false, "reversed": "True", "length": 10.497675887085251, "junction": null, "width": null, "service": null, "access": null, "bridge": null }, "geometry": { "type": "LineString", "coordinates": [ [ 10.8883754, 49.5701436 ], [ 10.8883402, 49.570131 ], [ 10.8882488, 49.570097 ] ] } },
{ "type": "Feature", "properties": { "u": 3835514254, "v": 250748548, "key": 0, "osmid": "380210485", "highway": "footway", "lanes": null, "maxspeed": null, "name": null, "ref": null, "oneway": false, "reversed": "False", "length": 2.7064780431213187, "junction": null, "width": null, "service": null, "access": null, "bridge": null }, "geometry": { "type": "LineString", "coordinates": [ [ 10.8884109, 49.5701067 ], [ 10.8884482, 49.570104 ] ] } },
{ "type": "Feature", "properties": { "u": 3835514254, "v": 3867609172, "key": 0, "osmid": "381268799", "highway": "footway", "lanes": null, "maxspeed": null, "name": null, "ref": null, "oneway": false, "reversed": "False", "length": 225.55368985488784, "junction": null, "width": null, "service": null, "access": null, "bridge": null }, "geometry": { "type": "LineString", "coordinates": [ [ 10.8884109, 49.5701067 ], [ 10.8883935, 49.5700841 ], [ 10.8883658, 49.5700634 ], [ 10.888158, 49.5698582 ], [ 10.8880158, 49.5697129 ], [ 10.8879246, 49.5696016 ], [ 10.8878294, 49.5694537 ], [ 10.8877342, 49.5693407 ], [ 10.8876604, 49.5692215 ], [ 10.8876322, 49.5691572 ], [ 10.887584, 49.5690067 ], [ 10.8875679, 49.5689589 ], [ 10.8875464, 49.5686823 ], [ 10.8875424, 49.5686431 ], [ 10.8875343, 49.5684779 ], [ 10.8875223, 49.5684187 ], [ 10.8874753, 49.5683031 ], [ 10.8874525, 49.5682874 ], [ 10.8874217, 49.568277 ], [ 10.8873975, 49.5682796 ], [ 10.8873892, 49.5682558 ] ] } },
{ "type": "Feature", "properties": { "u": 3835514254, "v": 3835514252, "key": 0, "osmid": "381268799", "highway": "footway", "lanes": null, "maxspeed": null, "name": null, "ref": null, "oneway": false, "reversed": "True", "length": 5.1599204077051564, "junction": null, "width": null, "service": null, "access": null, "bridge": null }, "geometry": { "type": "LineString", "coordinates": [ [ 10.8884109, 49.5701067 ], [ 10.8884096, 49.5701224 ], [ 10.8883754, 49.5701436 ] ] } },
{ "type": "Feature", "properties": { "u": 3835514257, "v": 28099684, "key": 0, "osmid": "380209349", "highway": "footway", "lanes": null, "maxspeed": null, "name": null, "ref": null, "oneway": false, "reversed": "True", "length": 4.5626504554453415, "junction": null, "width": null, "service": null, "access": null, "bridge": null }, "geometry": { "type": "LineString", "coordinates": [ [ 10.8881883, 49.5701716 ], [ 10.8882178, 49.5701353 ] ] } },
{ "type": "Feature", "properties": { "u": 3835514257, "v": 338369431, "key": 0, "osmid": "1087175252", "highway": "footway", "lanes": null, "maxspeed": null, "name": null, "ref": null, "oneway": false, "reversed": "True", "length": 2.4918147843562455, "junction": null, "width": null, "service": null, "access": null, "bridge": null }, "geometry": { "type": "LineString", "coordinates": [ [ 10.8881883, 49.5701716 ], [ 10.8881573, 49.5701617 ] ] } },
{ "type": "Feature", "properties": { "u": 3835514257, "v": 331317069, "key": 0, "osmid": "380209349", "highway": "footway", "lanes": null, "maxspeed": null, "name": null, "ref": null, "oneway": false, "reversed": "False", "length": 19.36670950461416, "junction": null, "width": null, "service": null, "access": null, "bridge": null }, "geometry": { "type": "LineString", "coordinates": [ [ 10.8881883, 49.5701716 ], [ 10.8882674, 49.5702006 ], [ 10.8883577, 49.5702499 ], [ 10.8883618, 49.5702885 ] ] } },
{ "type": "Feature", "properties": { "u": 3835514259, "v": 9959067327, "key": 0, "osmid": "380209350", "highway": "footway", "lanes": null, "maxspeed": null, "name": null, "ref": null, "oneway": false, "reversed": "False", "length": 3.7357394481476405, "junction": null, "width": null, "service": null, "access": null, "bridge": null }, "geometry": { "type": "LineString", "coordinates": [ [ 10.8852513, 49.5693248 ], [ 10.8852958, 49.569342 ] ] } },
{ "type": "Feature", "properties": { "u": 3835514259, "v": 338728896, "key": 0, "osmid": "380209350", "highway": "footway", "lanes": null, "maxspeed": null, "name": null, "ref": null, "oneway": false, "reversed": "True", "length": 4.4827200236903373, "junction": null, "width": null, "service": null, "access": null, "bridge": null }, "geometry": { "type": "LineString", "coordinates": [ [ 10.8852513, 49.5693248 ], [ 10.8852899, 49.5692932 ] ] } },
{ "type": "Feature", "properties": { "u": 3835514259, "v": 3867610370, "key": 0, "osmid": "380209352", "highway": "footway", "lanes": null, "maxspeed": null, "name": null, "ref": null, "oneway": false, "reversed": "False", "length": 38.057474435039424, "junction": null, "width": null, "service": null, "access": null, "bridge": null }, "geometry": { "type": "LineString", "coordinates": [ [ 10.8852513, 49.5693248 ], [ 10.885171, 49.5692802 ], [ 10.8850959, 49.5692333 ], [ 10.8850261, 49.5691863 ], [ 10.8849685, 49.5691411 ], [ 10.8849026, 49.5690709 ] ] } },
{ "type": "Feature", "properties": { "u": 3835514265, "v": 3867609972, "key": 0, "osmid": "380209351", "highway": "footway", "lanes": null, "maxspeed": null, "name": null, "ref": null, "oneway": false, "reversed": "False", "length": 4.7378290963213159, "junction": null, "width": null, "service": null, "access": null, "bridge": null }, "geometry": { "type": "LineString", "coordinates": [ [ 10.8855508, 49.5694566 ], [ 10.8856165, 49.5694567 ] ] } },
{ "type": "Feature", "properties": { "u": 3835514265, "v": 8839963634, "key": 0, "osmid": "380209350", "highway": "footway", "lanes": null, "maxspeed": null, "name": null, "ref": null, "oneway": false, "reversed": "False", "length": 59.777063723543442, "junction": null, "width": null, "service": null, "access": null, "bridge": null }, "geometry": { "type": "LineString", "coordinates": [ [ 10.8855508, 49.5694566 ], [ 10.88558, 49.569509 ], [ 10.8856886, 49.5697081 ], [ 10.8857436, 49.5698082 ], [ 10.885808, 49.5699221 ], [ 10.8858248, 49.5699638 ] ] } },
{ "type": "Feature", "properties": { "u": 3835514265, "v": 7229337184, "key": 0, "osmid": "380209350", "highway": "footway", "lanes": null, "maxspeed": null, "name": null, "ref": null, "oneway": false, "reversed": "True", "length": 10.728897088021466, "junction": null, "width": null, "service": null, "access": null, "bridge": null }, "geometry": { "type": "LineString", "coordinates": [ [ 10.8855508, 49.5694566 ], [ 10.8855383, 49.5694327 ], [ 10.8855168, 49.5694153 ], [ 10.8854505, 49.5693919 ] ] } },
{ "type": "Feature", "properties": { "u": 3835514282, "v": 8839963629, "key": 0, "osmid": "380209350", "highway": "footway", "lanes": null, "maxspeed": null, "name": null, "ref": null, "oneway": false, "reversed": "True", "length": 69.349215007993195, "junction": null, "width": null, "service": null, "access": null, "bridge": null }, "geometry": { "type": "LineString", "coordinates": [ [ 10.8857678, 49.5708379 ], [ 10.8858174, 49.5708266 ], [ 10.8859207, 49.5707866 ], [ 10.8859904, 49.5707536 ], [ 10.886032, 49.5707231 ], [ 10.8860561, 49.5706901 ], [ 10.8860695, 49.5706483 ], [ 10.8860601, 49.5705866 ], [ 10.8860253, 49.5704892 ], [ 10.885981, 49.5703657 ], [ 10.8859642, 49.5703201 ] ] } },
{ "type": "Feature", "properties": { "u": 3835516654, "v": 11920492687, "key": 0, "osmid": "380209528", "highway": "footway", "lanes": null, "maxspeed": null, "name": null, "ref": null, "oneway": false, "reversed": "True", "length": 3.488123113160075, "junction": null, "width": null, "service": null, "access": null, "bridge": null }, "geometry": { "type": "LineString", "coordinates": [ [ 10.8847083, 49.5677686 ], [ 10.8846868, 49.5677405 ] ] } },
{ "type": "Feature", "properties": { "u": 3835516654, "v": 3835514199, "key": 0, "osmid": "380209353", "highway": "footway", "lanes": null, "maxspeed": null, "name": null, "ref": null, "oneway": false, "reversed": "True", "length": 17.628986472874708, "junction": null, "width": null, "service": null, "access": null, "bridge": null }, "geometry": { "type": "LineString", "coordinates": [ [ 10.8847083, 49.5677686 ], [ 10.8847378, 49.5677469 ], [ 10.8847914, 49.5676877 ], [ 10.8848332, 49.5676331 ] ] } },
{ "type": "Feature", "properties": { "u": 3835525719, "v": 250748548, "key": 0, "osmid": "24869225", "highway": "path", "lanes": null, "maxspeed": null, "name": null, "ref": null, "oneway": false, "reversed": "True", "length": 2.1097211222674193, "junction": null, "width": null, "service": null, "access": null, "bridge": null }, "geometry": { "type": "LineString", "coordinates": [ [ 10.8884762, 49.5700985 ], [ 10.8884482, 49.570104 ] ] } },
{ "type": "Feature", "properties": { "u": 3835525719, "v": 270247665, "key": 0, "osmid": "24869225", "highway": "path", "lanes": null, "maxspeed": null, "name": null, "ref": null, "oneway": false, "reversed": "False", "length": 58.58568390905134, "junction": null, "width": null, "service": null, "access": null, "bridge": null }, "geometry": { "type": "LineString", "coordinates": [ [ 10.8884762, 49.5700985 ], [ 10.8885163, 49.5700906 ], [ 10.8892857, 49.5700637 ] ] } },
{ "type": "Feature", "properties": { "u": 3835525719, "v": 3938308468, "key": 0, "osmid": "380210483", "highway": "footway", "lanes": null, "maxspeed": null, "name": null, "ref": null, "oneway": false, "reversed": "True", "length": 22.616943319245802, "junction": null, "width": null, "service": null, "access": null, "bridge": null }, "geometry": { "type": "LineString", "coordinates": [ [ 10.8884762, 49.5700985 ], [ 10.8883735, 49.5699986 ], [ 10.8883075, 49.5699271 ] ] } },
{ "type": "Feature", "properties": { "u": 3835525749, "v": 331317081, "key": 0, "osmid": "30079774", "highway": "path", "lanes": null, "maxspeed": null, "name": null, "ref": null, "oneway": false, "reversed": "False", "length": 6.7757080579134197, "junction": null, "width": null, "service": null, "access": null, "bridge": null }, "geometry": { "type": "LineString", "coordinates": [ [ 10.8911086, 49.5713219 ], [ 10.8910214, 49.5712992 ] ] } },
{ "type": "Feature", "properties": { "u": 3835525749, "v": 7257519057, "key": 0, "osmid": "30079774", "highway": "path", "lanes": null, "maxspeed": null, "name": null, "ref": null, "oneway": false, "reversed": "True", "length": 52.362178117132572, "junction": null, "width": null, "service": null, "access": null, "bridge": null }, "geometry": { "type": "LineString", "coordinates": [ [ 10.8911086, 49.5713219 ], [ 10.8913979, 49.5713983 ], [ 10.8917847, 49.5714936 ] ] } },
{ "type": "Feature", "properties": { "u": 3835525749, "v": 3835491098, "key": 0, "osmid": "380210486", "highway": "footway", "lanes": null, "maxspeed": null, "name": null, "ref": null, "oneway": false, "reversed": "True", "length": 102.23697820617591, "junction": null, "width": null, "service": null, "access": null, "bridge": null }, "geometry": { "type": "LineString", "coordinates": [ [ 10.8911086, 49.5713219 ], [ 10.8910789, 49.5712445 ], [ 10.8910842, 49.5711358 ], [ 10.8910816, 49.5709993 ], [ 10.8910668, 49.570834 ], [ 10.891048, 49.5705887 ], [ 10.8910338, 49.5704057 ] ] } },
{ "type": "Feature", "properties": { "u": 3835525750, "v": 331317081, "key": 0, "osmid": "30079774", "highway": "path", "lanes": null, "maxspeed": null, "name": null, "ref": null, "oneway": false, "reversed": "True", "length": 8.4533203324862125, "junction": null, "width": null, "service": null, "access": null, "bridge": null }, "geometry": { "type": "LineString", "coordinates": [ [ 10.8909108, 49.571274 ], [ 10.8910214, 49.5712992 ] ] } },
{ "type": "Feature", "properties": { "u": 3835525750, "v": 8553233267, "key": 0, "osmid": "30079774", "highway": "path", "lanes": null, "maxspeed": null, "name": null, "ref": null, "oneway": false, "reversed": "False", "length": 96.162719130219173, "junction": null, "width": null, "service": null, "access": null, "bridge": null }, "geometry": { "type": "LineString", "coordinates": [ [ 10.8909108, 49.571274 ], [ 10.8900444, 49.5710666 ], [ 10.8898211, 49.5709948 ], [ 10.8896872, 49.5709371 ] ] } },
{ "type": "Feature", "properties": { "u": 3835525750, "v": 3835491097, "key": 0, "osmid": "380210487", "highway": "footway", "lanes": null, "maxspeed": null, "name": null, "ref": null, "oneway": false, "reversed": "False", "length": 98.701992197127964, "junction": null, "width": null, "service": null, "access": null, "bridge": null }, "geometry": { "type": "LineString", "coordinates": [ [ 10.8909108, 49.571274 ], [ 10.8909474, 49.5712645 ], [ 10.890981, 49.5712358 ], [ 10.8909783, 49.5710941 ], [ 10.8909515, 49.5707992 ], [ 10.8909407, 49.5705922 ], [ 10.8909198, 49.5704109 ] ] } },
{ "type": "Feature", "properties": { "u": 3835526073, "v": 3842968006, "key": 0, "osmid": "380210488", "highway": "footway", "lanes": null, "maxspeed": null, "name": null, "ref": null, "oneway": false, "reversed": "False", "length": 3.2788637327941603, "junction": null, "width": null, "service": null, "access": null, "bridge": null }, "geometry": { "type": "LineString", "coordinates": [ [ 10.8915422, 49.5704531 ], [ 10.8915457, 49.5704237 ] ] } },
{ "type": "Feature", "properties": { "u": 3835526073, "v": 3867609175, "key": 0, "osmid": "380206458", "highway": "footway", "lanes": null, "maxspeed": null, "name": null, "ref": null, "oneway": false, "reversed": "False", "length": 21.567190353511371, "junction": null, "width": null, "service": null, "access": null, "bridge": null }, "geometry": { "type": "LineString", "coordinates": [ [ 10.8915422, 49.5704531 ], [ 10.8916843, 49.5704813 ], [ 10.8918229, 49.5705193 ] ] } },
{ "type": "Feature", "properties": { "u": 3835526073, "v": 3835491100, "key": 0, "osmid": "380206458", "highway": "footway", "lanes": null, "maxspeed": null, "name": null, "ref": null, "oneway": false, "reversed": "True", "length": 37.329999247893838, "junction": null, "width": null, "service": null, "access": null, "bridge": null }, "geometry": { "type": "LineString", "coordinates": [ [ 10.8915422, 49.5704531 ], [ 10.8910888, 49.5703631 ], [ 10.8910465, 49.5703697 ] ] } },
{ "type": "Feature", "properties": { "u": 3835526103, "v": 3835526104, "key": 0, "osmid": "380210489", "highway": "footway", "lanes": null, "maxspeed": null, "name": null, "ref": null, "oneway": false, "reversed": "False", "length": 38.26045211088389, "junction": null, "width": null, "service": null, "access": null, "bridge": null }, "geometry": { "type": "LineString", "coordinates": [ [ 10.8917492, 49.5700305 ], [ 10.8917801, 49.570374 ] ] } },
{ "type": "Feature", "properties": { "u": 3835526103, "v": 3842968014, "key": 0, "osmid": "380210494", "highway": "footway", "lanes": null, "maxspeed": null, "name": null, "ref": null, "oneway": false, "reversed": "False", "length": 3.4260771542321113, "junction": null, "width": null, "service": null, "access": null, "bridge": null }, "geometry": { "type": "LineString", "coordinates": [ [ 10.8917492, 49.5700305 ], [ 10.8917018, 49.5700284 ] ] } },
{ "type": "Feature", "properties": { "u": 3835526103, "v": 3835526107, "key": 0, "osmid": "380210489", "highway": "footway", "lanes": null, "maxspeed": null, "name": null, "ref": null, "oneway": false, "reversed": "True", "length": 8.8912434415399595, "junction": null, "width": null, "service": null, "access": null, "bridge": null }, "geometry": { "type": "LineString", "coordinates": [ [ 10.8917492, 49.5700305 ], [ 10.8917627, 49.5700035 ], [ 10.8918163, 49.5699818 ], [ 10.8918325, 49.5699804 ] ] } },
{ "type": "Feature", "properties": { "u": 3835526104, "v": 3835526103, "key": 0, "osmid": "380210489", "highway": "footway", "lanes": null, "maxspeed": null, "name": null, "ref": null, "oneway": false, "reversed": "True", "length": 38.26045211088389, "junction": null, "width": null, "service": null, "access": null, "bridge": null }, "geometry": { "type": "LineString", "coordinates": [ [ 10.8917801, 49.570374 ], [ 10.8917492, 49.5700305 ] ] } },
{ "type": "Feature", "properties": { "u": 3835526104, "v": 3842968015, "key": 0, "osmid": "380210495", "highway": "footway", "lanes": null, "maxspeed": null, "name": null, "ref": null, "oneway": false, "reversed": "True", "length": 3.7360548231042361, "junction": null, "width": null, "service": null, "access": null, "bridge": null }, "geometry": { "type": "LineString", "coordinates": [ [ 10.8917801, 49.570374 ], [ 10.8917293, 49.5703674 ] ] } },
{ "type": "Feature", "properties": { "u": 3835526104, "v": 3835526112, "key": 0, "osmid": "380210489", "highway": "footway", "lanes": null, "maxspeed": null, "name": null, "ref": null, "oneway": false, "reversed": "False", "length": 12.265759090230423, "junction": null, "width": null, "service": null, "access": null, "bridge": null }, "geometry": { "type": "LineString", "coordinates": [ [ 10.8917801, 49.570374 ], [ 10.8917908, 49.5704027 ], [ 10.8918123, 49.5704201 ], [ 10.8918619, 49.570454 ], [ 10.8918783, 49.570459 ] ] } },
{ "type": "Feature", "properties": { "u": 3835526107, "v": 3842968012, "key": 0, "osmid": "380210493", "highway": "footway", "lanes": null, "maxspeed": null, "name": null, "ref": null, "oneway": false, "reversed": "False", "length": 4.0031269369272682, "junction": null, "width": null, "service": null, "access": null, "bridge": null }, "geometry": { "type": "LineString", "coordinates": [ [ 10.8918325, 49.5699804 ], [ 10.8918329, 49.5699444 ] ] } },
{ "type": "Feature", "properties": { "u": 3835526107, "v": 3835526103, "key": 0, "osmid": "380210489", "highway": "footway", "lanes": null, "maxspeed": null, "name": null, "ref": null, "oneway": false, "reversed": "False", "length": 8.8912434415399595, "junction": null, "width": null, "service": null, "access": null, "bridge": null }, "geometry": { "type": "LineString", "coordinates": [ [ 10.8918325, 49.5699804 ], [ 10.8918163, 49.5699818 ], [ 10.8917627, 49.5700035 ], [ 10.8917492, 49.5700305 ] ] } },
{ "type": "Feature", "properties": { "u": 3835526108, "v": 3842968012, "key": 0, "osmid": "380210493", "highway": "footway", "lanes": null, "maxspeed": null, "name": null, "ref": null, "oneway": false, "reversed": "True", "length": 3.7146158226968251, "junction": null, "width": null, "service": null, "access": null, "bridge": null }, "geometry": { "type": "LineString", "coordinates": [ [ 10.8918339, 49.569911 ], [ 10.8918329, 49.5699444 ] ] } },
{ "type": "Feature", "properties": { "u": 3835526108, "v": 3842968013, "key": 0, "osmid": [ 380210488, 380206451 ], "highway": "footway", "lanes": null, "maxspeed": null, "name": null, "ref": null, "oneway": false, "reversed": [ false, true ], "length": 13.580879858735779, "junction": null, "width": null, "service": null, "access": null, "bridge": null }, "geometry": { "type": "LineString", "coordinates": [ [ 10.8918339, 49.569911 ], [ 10.8917419, 49.5699056 ], [ 10.8916856, 49.5699038 ], [ 10.8916544, 49.5699196 ] ] } },
{ "type": "Feature", "properties": { "u": 3835526109, "v": 3842968014, "key": 0, "osmid": "380210494", "highway": "footway", "lanes": null, "maxspeed": null, "name": null, "ref": null, "oneway": false, "reversed": "True", "length": 4.2532893752812102, "junction": null, "width": null, "service": null, "access": null, "bridge": null }, "geometry": { "type": "LineString", "coordinates": [ [ 10.891643, 49.5700254 ], [ 10.8917018, 49.5700284 ] ] } },
{ "type": "Feature", "properties": { "u": 3835526109, "v": 3842968013, "key": 0, "osmid": "380210488", "highway": "footway", "lanes": null, "maxspeed": null, "name": null, "ref": null, "oneway": false, "reversed": "False", "length": 12.837000031445148, "junction": null, "width": null, "service": null, "access": null, "bridge": null }, "geometry": { "type": "LineString", "coordinates": [ [ 10.891643, 49.5700254 ], [ 10.8916366, 49.5699826 ], [ 10.8916272, 49.5699322 ], [ 10.8916544, 49.5699196 ] ] } },
{ "type": "Feature", "properties": { "u": 3835526109, "v": 3835526110, "key": 0, "osmid": "380210488", "highway": "footway", "lanes": null, "maxspeed": null, "name": null, "ref": null, "oneway": false, "reversed": "True", "length": 37.339811566591159, "junction": null, "width": null, "service": null, "access": null, "bridge": null }, "geometry": { "type": "LineString", "coordinates": [ [ 10.891643, 49.5700254 ], [ 10.8916581, 49.5701261 ], [ 10.8916715, 49.5702801 ], [ 10.8916755, 49.5703375 ], [ 10.8916718, 49.5703603 ] ] } },
{ "type": "Feature", "properties": { "u": 3835526110, "v": 3842968015, "key": 0, "osmid": "380210495", "highway": "footway", "lanes": null, "maxspeed": null, "name": null, "ref": null, "oneway": false, "reversed": "False", "length": 4.2209040187170102, "junction": null, "width": null, "service": null, "access": null, "bridge": null }, "geometry": { "type": "LineString", "coordinates": [ [ 10.8916718, 49.5703603 ], [ 10.8917293, 49.5703674 ] ] } },
{ "type": "Feature", "properties": { "u": 3835526110, "v": 3835526109, "key": 0, "osmid": "380210488", "highway": "footway", "lanes": null, "maxspeed": null, "name": null, "ref": null, "oneway": false, "reversed": "False", "length": 37.339811566591159, "junction": null, "width": null, "service": null, "access": null, "bridge": null }, "geometry": { "type": "LineString", "coordinates": [ [ 10.8916718, 49.5703603 ], [ 10.8916755, 49.5703375 ], [ 10.8916715, 49.5702801 ], [ 10.8916581, 49.5701261 ], [ 10.891643, 49.5700254 ] ] } },
{ "type": "Feature", "properties": { "u": 3835526110, "v": 3842968006, "key": 0, "osmid": "380210488", "highway": "footway", "lanes": null, "maxspeed": null, "name": null, "ref": null, "oneway": false, "reversed": "True", "length": 12.384105112639459, "junction": null, "width": null, "service": null, "access": null, "bridge": null }, "geometry": { "type": "LineString", "coordinates": [ [ 10.8916718, 49.5703603 ], [ 10.89165, 49.5703775 ], [ 10.8915937, 49.5703949 ], [ 10.8915481, 49.5704071 ], [ 10.8915457, 49.5704237 ] ] } },
{ "type": "Feature", "properties": { "u": 3835526111, "v": 3867609175, "key": 0, "osmid": "380206458", "highway": "footway", "lanes": null, "maxspeed": null, "name": null, "ref": null, "oneway": false, "reversed": "True", "length": 3.4706389399865993, "junction": null, "width": null, "service": null, "access": null, "bridge": null }, "geometry": { "type": "LineString", "coordinates": [ [ 10.8918672, 49.5705315 ], [ 10.8918229, 49.5705193 ] ] } },
{ "type": "Feature", "properties": { "u": 3835526111, "v": 3842968007, "key": 0, "osmid": "380210496", "highway": "footway", "lanes": null, "maxspeed": null, "name": null, "ref": null, "oneway": false, "reversed": "False", "length": 4.2475072778057674, "junction": null, "width": null, "service": null, "access": null, "bridge": null }, "geometry": { "type": "LineString", "coordinates": [ [ 10.8918672, 49.5705315 ], [ 10.8918732, 49.5704935 ] ] } },
{ "type": "Feature", "properties": { "u": 3835526111, "v": 3842968008, "key": 0, "osmid": "380206458", "highway": "footway", "lanes": null, "maxspeed": null, "name": null, "ref": null, "oneway": false, "reversed": "False", "length": 14.689754467188301, "junction": null, "width": null, "service": null, "access": null, "bridge": null }, "geometry": { "type": "LineString", "coordinates": [ [ 10.8918672, 49.5705315 ], [ 10.8919471, 49.5705535 ], [ 10.8920564, 49.5705804 ] ] } },
{ "type": "Feature", "properties": { "u": 3835526112, "v": 3842968007, "key": 0, "osmid": "380210496", "highway": "footway", "lanes": null, "maxspeed": null, "name": null, "ref": null, "oneway": false, "reversed": "True", "length": 3.8538184820837329, "junction": null, "width": null, "service": null, "access": null, "bridge": null }, "geometry": { "type": "LineString", "coordinates": [ [ 10.8918783, 49.570459 ], [ 10.8918732, 49.5704935 ] ] } },
{ "type": "Feature", "properties": { "u": 3835526112, "v": 3835526104, "key": 0, "osmid": "380210489", "highway": "footway", "lanes": null, "maxspeed": null, "name": null, "ref": null, "oneway": false, "reversed": "True", "length": 12.26575909023042, "junction": null, "width": null, "service": null, "access": null, "bridge": null }, "geometry": { "type": "LineString", "coordinates": [ [ 10.8918783, 49.570459 ], [ 10.8918619, 49.570454 ], [ 10.8918123, 49.5704201 ], [ 10.8917908, 49.5704027 ], [ 10.8917801, 49.570374 ] ] } },
{ "type": "Feature", "properties": { "u": 3842968006, "v": 3835526073, "key": 0, "osmid": "380210488", "highway": "footway", "lanes": null, "maxspeed": null, "name": null, "ref": null, "oneway": false, "reversed": "True", "length": 3.2788637327941603, "junction": null, "width": null, "service": null, "access": null, "bridge": null }, "geometry": { "type": "LineString", "coordinates": [ [ 10.8915457, 49.5704237 ], [ 10.8915422, 49.5704531 ] ] } },
{ "type": "Feature", "properties": { "u": 3842968006, "v": 330431043, "key": 0, "osmid": "1285641356", "highway": "residential", "lanes": null, "maxspeed": "30", "name": "Karl-Bröger-Straße", "ref": null, "oneway": false, "reversed": "False", "length": 12.969315621283412, "junction": null, "width": "5", "service": null, "access": null, "bridge": null }, "geometry": { "type": "LineString", "coordinates": [ [ 10.8915457, 49.5704237 ], [ 10.8917195, 49.5704537 ] ] } },
{ "type": "Feature", "properties": { "u": 3842968006, "v": 3867609158, "key": 0, "osmid": "1285641356", "highway": "residential", "lanes": null, "maxspeed": "30", "name": "Karl-Bröger-Straße", "ref": null, "oneway": false, "reversed": "True", "length": 37.313763114359347, "junction": null, "width": "5", "service": null, "access": null, "bridge": null }, "geometry": { "type": "LineString", "coordinates": [ [ 10.8915457, 49.5704237 ], [ 10.8910457, 49.5703373 ] ] } },
{ "type": "Feature", "properties": { "u": 3842968006, "v": 3835526110, "key": 0, "osmid": "380210488", "highway": "footway", "lanes": null, "maxspeed": null, "name": null, "ref": null, "oneway": false, "reversed": "False", "length": 12.38410511263946, "junction": null, "width": null, "service": null, "access": null, "bridge": null }, "geometry": { "type": "LineString", "coordinates": [ [ 10.8915457, 49.5704237 ], [ 10.8915481, 49.5704071 ], [ 10.8915937, 49.5703949 ], [ 10.89165, 49.5703775 ], [ 10.8916718, 49.5703603 ] ] } },
{ "type": "Feature", "properties": { "u": 3842968007, "v": 3835526112, "key": 0, "osmid": "380210496", "highway": "footway", "lanes": null, "maxspeed": null, "name": null, "ref": null, "oneway": false, "reversed": "False", "length": 3.8538184820837329, "junction": null, "width": null, "service": null, "access": null, "bridge": null }, "geometry": { "type": "LineString", "coordinates": [ [ 10.8918732, 49.5704935 ], [ 10.8918783, 49.570459 ] ] } },
{ "type": "Feature", "properties": { "u": 3842968007, "v": 3835526111, "key": 0, "osmid": "380210496", "highway": "footway", "lanes": null, "maxspeed": null, "name": null, "ref": null, "oneway": false, "reversed": "True", "length": 4.2475072778057674, "junction": null, "width": null, "service": null, "access": null, "bridge": null }, "geometry": { "type": "LineString", "coordinates": [ [ 10.8918732, 49.5704935 ], [ 10.8918672, 49.5705315 ] ] } },
{ "type": "Feature", "properties": { "u": 3842968007, "v": 3835401103, "key": 0, "osmid": "1285641405", "highway": "residential", "lanes": null, "maxspeed": "30", "name": "Karl-Bröger-Straße", "ref": null, "oneway": false, "reversed": "False", "length": 14.779629196759617, "junction": null, "width": "6", "service": null, "access": null, "bridge": null }, "geometry": { "type": "LineString", "coordinates": [ [ 10.8918732, 49.5704935 ], [ 10.8920666, 49.5705375 ] ] } },
{ "type": "Feature", "properties": { "u": 3842968007, "v": 3832223496, "key": 0, "osmid": "1285641405", "highway": "residential", "lanes": null, "maxspeed": "30", "name": "Karl-Bröger-Straße", "ref": null, "oneway": false, "reversed": "True", "length": 3.6433217108410103, "junction": null, "width": "6", "service": null, "access": null, "bridge": null }, "geometry": { "type": "LineString", "coordinates": [ [ 10.8918732, 49.5704935 ], [ 10.8918255, 49.5704827 ] ] } },
{ "type": "Feature", "properties": { "u": 3842968008, "v": 3835401104, "key": 0, "osmid": "380200062", "highway": "service", "lanes": null, "maxspeed": null, "name": null, "ref": null, "oneway": false, "reversed": "False", "length": 21.996830378706658, "junction": null, "width": null, "service": "driveway", "access": "private", "bridge": null }, "geometry": { "type": "LineString", "coordinates": [ [ 10.8920564, 49.5705804 ], [ 10.8920098, 49.5707759 ] ] } },
{ "type": "Feature", "properties": { "u": 3842968008, "v": 3835401103, "key": 0, "osmid": "380200062", "highway": "service", "lanes": null, "maxspeed": null, "name": null, "ref": null, "oneway": false, "reversed": "True", "length": 4.8266425759191485, "junction": null, "width": null, "service": "driveway", "access": "private", "bridge": null }, "geometry": { "type": "LineString", "coordinates": [ [ 10.8920564, 49.5705804 ], [ 10.8920666, 49.5705375 ] ] } },
{ "type": "Feature", "properties": { "u": 3842968008, "v": 3835491108, "key": 0, "osmid": "380206458", "highway": "footway", "lanes": null, "maxspeed": null, "name": null, "ref": null, "oneway": false, "reversed": "False", "length": 32.641291353909672, "junction": null, "width": null, "service": null, "access": null, "bridge": null }, "geometry": { "type": "LineString", "coordinates": [ [ 10.8920564, 49.5705804 ], [ 10.8922019, 49.5706153 ], [ 10.892324, 49.5706405 ], [ 10.8924004, 49.5706535 ], [ 10.8924326, 49.5706762 ], [ 10.8924433, 49.5707031 ] ] } },
{ "type": "Feature", "properties": { "u": 3842968008, "v": 3835526111, "key": 0, "osmid": "380206458", "highway": "footway", "lanes": null, "maxspeed": null, "name": null, "ref": null, "oneway": false, "reversed": "True", "length": 14.689754467188301, "junction": null, "width": null, "service": null, "access": null, "bridge": null }, "geometry": { "type": "LineString", "coordinates": [ [ 10.8920564, 49.5705804 ], [ 10.8919471, 49.5705535 ], [ 10.8918672, 49.5705315 ] ] } },
{ "type": "Feature", "properties": { "u": 3842968012, "v": 3835526108, "key": 0, "osmid": "380210493", "highway": "footway", "lanes": null, "maxspeed": null, "name": null, "ref": null, "oneway": false, "reversed": "False", "length": 3.7146158226968251, "junction": null, "width": null, "service": null, "access": null, "bridge": null }, "geometry": { "type": "LineString", "coordinates": [ [ 10.8918329, 49.5699444 ], [ 10.8918339, 49.569911 ] ] } },
{ "type": "Feature", "properties": { "u": 3842968012, "v": 3835526107, "key": 0, "osmid": "380210493", "highway": "footway", "lanes": null, "maxspeed": null, "name": null, "ref": null, "oneway": false, "reversed": "True", "length": 4.0031269369272682, "junction": null, "width": null, "service": null, "access": null, "bridge": null }, "geometry": { "type": "LineString", "coordinates": [ [ 10.8918329, 49.5699444 ], [ 10.8918325, 49.5699804 ] ] } },
{ "type": "Feature", "properties": { "u": 3842968012, "v": 330431019, "key": 0, "osmid": "30016330", "highway": "residential", "lanes": null, "maxspeed": "30", "name": "Kunigundenstraße", "ref": null, "oneway": false, "reversed": "True", "length": 9.607665758890743, "junction": null, "width": "6", "service": null, "access": null, "bridge": null }, "geometry": { "type": "LineString", "coordinates": [ [ 10.8918329, 49.5699444 ], [ 10.8917966, 49.569942 ], [ 10.8917013, 49.5699528 ] ] } },
{ "type": "Feature", "properties": { "u": 3842968013, "v": 330431019, "key": 0, "osmid": "379944129", "highway": "service", "lanes": null, "maxspeed": "30", "name": null, "ref": null, "oneway": false, "reversed": "True", "length": 5.0066767630450766, "junction": null, "width": null, "service": null, "access": null, "bridge": null }, "geometry": { "type": "LineString", "coordinates": [ [ 10.8916544, 49.5699196 ], [ 10.8917013, 49.5699528 ] ] } },
{ "type": "Feature", "properties": { "u": 3842968013, "v": 3832875659, "key": 0, "osmid": "379944129", "highway": "service", "lanes": null, "maxspeed": "30", "name": null, "ref": null, "oneway": false, "reversed": "False", "length": 35.053653269394658, "junction": null, "width": null, "service": null, "access": null, "bridge": null }, "geometry": { "type": "LineString", "coordinates": [ [ 10.8916544, 49.5699196 ], [ 10.8916268, 49.5699079 ], [ 10.891602, 49.5698005 ], [ 10.8915731, 49.5696589 ], [ 10.891544, 49.5696209 ] ] } },
{ "type": "Feature", "properties": { "u": 3842968013, "v": 3835526108, "key": 0, "osmid": [ 380210488, 380206451 ], "highway": "footway", "lanes": null, "maxspeed": null, "name": null, "ref": null, "oneway": false, "reversed": [ false, true ], "length": 13.580879858735781, "junction": null, "width": null, "service": null, "access": null, "bridge": null }, "geometry": { "type": "LineString", "coordinates": [ [ 10.8916544, 49.5699196 ], [ 10.8916856, 49.5699038 ], [ 10.8917419, 49.5699056 ], [ 10.8918339, 49.569911 ] ] } },
{ "type": "Feature", "properties": { "u": 3842968013, "v": 3835526109, "key": 0, "osmid": "380210488", "highway": "footway", "lanes": null, "maxspeed": null, "name": null, "ref": null, "oneway": false, "reversed": "True", "length": 12.837000031445147, "junction": null, "width": null, "service": null, "access": null, "bridge": null }, "geometry": { "type": "LineString", "coordinates": [ [ 10.8916544, 49.5699196 ], [ 10.8916272, 49.5699322 ], [ 10.8916366, 49.5699826 ], [ 10.891643, 49.5700254 ] ] } },
{ "type": "Feature", "properties": { "u": 3842968014, "v": 3835526109, "key": 0, "osmid": "380210494", "highway": "footway", "lanes": null, "maxspeed": null, "name": null, "ref": null, "oneway": false, "reversed": "False", "length": 4.2532893752812102, "junction": null, "width": null, "service": null, "access": null, "bridge": null }, "geometry": { "type": "LineString", "coordinates": [ [ 10.8917018, 49.5700284 ], [ 10.891643, 49.5700254 ] ] } },
{ "type": "Feature", "properties": { "u": 3842968014, "v": 3835526103, "key": 0, "osmid": "380210494", "highway": "footway", "lanes": null, "maxspeed": null, "name": null, "ref": null, "oneway": false, "reversed": "True", "length": 3.4260771542321113, "junction": null, "width": null, "service": null, "access": null, "bridge": null }, "geometry": { "type": "LineString", "coordinates": [ [ 10.8917018, 49.5700284 ], [ 10.8917492, 49.5700305 ] ] } },
{ "type": "Feature", "properties": { "u": 3842968014, "v": 330431019, "key": 0, "osmid": "30016330", "highway": "residential", "lanes": null, "maxspeed": "30", "name": "Kunigundenstraße", "ref": null, "oneway": false, "reversed": "False", "length": 8.4166550011535683, "junction": null, "width": "6", "service": null, "access": null, "bridge": null }, "geometry": { "type": "LineString", "coordinates": [ [ 10.8917018, 49.5700284 ], [ 10.8916987, 49.5699934 ], [ 10.8917013, 49.5699528 ] ] } },
{ "type": "Feature", "properties": { "u": 3842968014, "v": 3842968015, "key": 0, "osmid": "30016330", "highway": "residential", "lanes": null, "maxspeed": "30", "name": "Kunigundenstraße", "ref": null, "oneway": false, "reversed": "True", "length": 37.759446578219553, "junction": null, "width": "6", "service": null, "access": null, "bridge": null }, "geometry": { "type": "LineString", "coordinates": [ [ 10.8917018, 49.5700284 ], [ 10.8917308, 49.5703544 ], [ 10.8917293, 49.5703674 ] ] } },
{ "type": "Feature", "properties": { "u": 3842968015, "v": 330431043, "key": 0, "osmid": "30016330", "highway": "residential", "lanes": null, "maxspeed": "30", "name": "Kunigundenstraße", "ref": null, "oneway": false, "reversed": "True", "length": 9.622122167117972, "junction": null, "width": "6", "service": null, "access": null, "bridge": null }, "geometry": { "type": "LineString", "coordinates": [ [ 10.8917293, 49.5703674 ], [ 10.8917195, 49.5704537 ] ] } },
{ "type": "Feature", "properties": { "u": 3842968015, "v": 3835526104, "key": 0, "osmid": "380210495", "highway": "footway", "lanes": null, "maxspeed": null, "name": null, "ref": null, "oneway": false, "reversed": "False", "length": 3.7360548231042361, "junction": null, "width": null, "service": null, "access": null, "bridge": null }, "geometry": { "type": "LineString", "coordinates": [ [ 10.8917293, 49.5703674 ], [ 10.8917801, 49.570374 ] ] } },
{ "type": "Feature", "properties": { "u": 3842968015, "v": 3835526110, "key": 0, "osmid": "380210495", "highway": "footway", "lanes": null, "maxspeed": null, "name": null, "ref": null, "oneway": false, "reversed": "True", "length": 4.2209040187170102, "junction": null, "width": null, "service": null, "access": null, "bridge": null }, "geometry": { "type": "LineString", "coordinates": [ [ 10.8917293, 49.5703674 ], [ 10.8916718, 49.5703603 ] ] } },
{ "type": "Feature", "properties": { "u": 3842968015, "v": 3842968014, "key": 0, "osmid": "30016330", "highway": "residential", "lanes": null, "maxspeed": "30", "name": "Kunigundenstraße", "ref": null, "oneway": false, "reversed": "False", "length": 37.759446578219553, "junction": null, "width": "6", "service": null, "access": null, "bridge": null }, "geometry": { "type": "LineString", "coordinates": [ [ 10.8917293, 49.5703674 ], [ 10.8917308, 49.5703544 ], [ 10.8917018, 49.5700284 ] ] } },
{ "type": "Feature", "properties": { "u": 3842968016, "v": 270247667, "key": 0, "osmid": "48801699", "highway": "residential", "lanes": null, "maxspeed": "30", "name": "Karl-Bröger-Straße", "ref": null, "oneway": false, "reversed": "True", "length": 8.5333530476297597, "junction": null, "width": "5", "service": null, "access": null, "bridge": null }, "geometry": { "type": "LineString", "coordinates": [ [ 10.8924729, 49.570708 ], [ 10.8924801, 49.5706314 ] ] } },
{ "type": "Feature", "properties": { "u": 3842968016, "v": 3835491108, "key": 0, "osmid": "380206460", "highway": "footway", "lanes": null, "maxspeed": null, "name": null, "ref": null, "oneway": false, "reversed": "True", "length": 2.2029300583997857, "junction": null, "width": null, "service": null, "access": null, "bridge": null }, "geometry": { "type": "LineString", "coordinates": [ [ 10.8924729, 49.570708 ], [ 10.8924433, 49.5707031 ] ] } },
{ "type": "Feature", "properties": { "u": 3842968016, "v": 1794392613, "key": 0, "osmid": "48801699", "highway": "residential", "lanes": null, "maxspeed": "30", "name": "Karl-Bröger-Straße", "ref": null, "oneway": false, "reversed": "False", "length": 64.107210246676715, "junction": null, "width": "5", "service": null, "access": null, "bridge": null }, "geometry": { "type": "LineString", "coordinates": [ [ 10.8924729, 49.570708 ], [ 10.8924361, 49.5710969 ], [ 10.8927235, 49.5711108 ] ] } },
{ "type": "Feature", "properties": { "u": 3850350757, "v": 2752741419, "key": 0, "osmid": "381856960", "highway": "footway", "lanes": null, "maxspeed": null, "name": null, "ref": null, "oneway": false, "reversed": "True", "length": 8.0160864317188025, "junction": null, "width": null, "service": null, "access": null, "bridge": null }, "geometry": { "type": "LineString", "coordinates": [ [ 10.8848422, 49.5672764 ], [ 10.8849482, 49.5672981 ] ] } },
{ "type": "Feature", "properties": { "u": 3850350757, "v": 3835514209, "key": 0, "osmid": "1231176615", "highway": "footway", "lanes": null, "maxspeed": null, "name": null, "ref": null, "oneway": false, "reversed": "False", "length": 8.0964639625366139, "junction": null, "width": null, "service": null, "access": null, "bridge": null }, "geometry": { "type": "LineString", "coordinates": [ [ 10.8848422, 49.5672764 ], [ 10.8848225, 49.5672938 ], [ 10.8847903, 49.5673078 ], [ 10.8847501, 49.5673086 ] ] } },
{ "type": "Feature", "properties": { "u": 3850350757, "v": 3850350758, "key": 0, "osmid": [ 1231176616, 380209347, 1231176615 ], "highway": "footway", "lanes": null, "maxspeed": null, "name": null, "ref": null, "oneway": false, "reversed": "True", "length": 19.103146255619198, "junction": null, "width": null, "service": null, "access": null, "bridge": "yes" }, "geometry": { "type": "LineString", "coordinates": [ [ 10.8848422, 49.5672764 ], [ 10.884848, 49.5672712 ], [ 10.8848493, 49.5672434 ], [ 10.8848319, 49.5672208 ], [ 10.8847903, 49.567206 ], [ 10.8847646, 49.5672033 ], [ 10.8847487, 49.5672016 ], [ 10.8846884, 49.5672295 ], [ 10.8846871, 49.5672356 ] ] } },
{ "type": "Feature", "properties": { "u": 3850350758, "v": 3850350757, "key": 0, "osmid": [ 1231176616, 380209347, 1231176615 ], "highway": "footway", "lanes": null, "maxspeed": null, "name": null, "ref": null, "oneway": false, "reversed": "False", "length": 19.103146255619198, "junction": null, "width": null, "service": null, "access": null, "bridge": "yes" }, "geometry": { "type": "LineString", "coordinates": [ [ 10.8846871, 49.5672356 ], [ 10.8846884, 49.5672295 ], [ 10.8847487, 49.5672016 ], [ 10.8847646, 49.5672033 ], [ 10.8847903, 49.567206 ], [ 10.8848319, 49.5672208 ], [ 10.8848493, 49.5672434 ], [ 10.884848, 49.5672712 ], [ 10.8848422, 49.5672764 ] ] } },
{ "type": "Feature", "properties": { "u": 3850350758, "v": 3835514209, "key": 0, "osmid": "380209347", "highway": "footway", "lanes": null, "maxspeed": null, "name": null, "ref": null, "oneway": false, "reversed": "True", "length": 10.257322517334174, "junction": null, "width": null, "service": null, "access": null, "bridge": null }, "geometry": { "type": "LineString", "coordinates": [ [ 10.8846871, 49.5672356 ], [ 10.8846843, 49.5672486 ], [ 10.8846911, 49.5672782 ], [ 10.8847179, 49.5672956 ], [ 10.8847501, 49.5673086 ] ] } },
{ "type": "Feature", "properties": { "u": 3867608759, "v": 270248404, "key": 0, "osmid": "216608159", "highway": "residential", "lanes": null, "maxspeed": null, "name": "Klummgasse", "ref": null, "oneway": false, "reversed": "True", "length": 2.7306204906318405, "junction": null, "width": null, "service": null, "access": "private", "bridge": null }, "geometry": { "type": "LineString", "coordinates": [ [ 10.8883994, 49.5668651 ], [ 10.8884081, 49.566889 ] ] } },
{ "type": "Feature", "properties": { "u": 3867608759, "v": 3835513815, "key": 0, "osmid": "380209337", "highway": "footway", "lanes": null, "maxspeed": null, "name": null, "ref": null, "oneway": false, "reversed": "True", "length": 27.948936816512244, "junction": null, "width": null, "service": null, "access": null, "bridge": null }, "geometry": { "type": "LineString", "coordinates": [ [ 10.8883994, 49.5668651 ], [ 10.8883704, 49.5668892 ], [ 10.8882631, 49.5669823 ], [ 10.8881699, 49.5670676 ] ] } },
{ "type": "Feature", "properties": { "u": 3867608761, "v": 267751053, "key": 0, "osmid": "146456501", "highway": "residential", "lanes": null, "maxspeed": null, "name": "Eichelmühlgasse", "ref": null, "oneway": false, "reversed": "True", "length": 4.4552006605732126, "junction": null, "width": "5", "service": null, "access": null, "bridge": null }, "geometry": { "type": "LineString", "coordinates": [ [ 10.8882666, 49.5671264 ], [ 10.888276, 49.567166 ] ] } },
{ "type": "Feature", "properties": { "u": 3867608761, "v": 3835513818, "key": 0, "osmid": "380209336", "highway": "footway", "lanes": null, "maxspeed": null, "name": null, "ref": null, "oneway": false, "reversed": "False", "length": 3.569747764140899, "junction": null, "width": null, "service": null, "access": null, "bridge": null }, "geometry": { "type": "LineString", "coordinates": [ [ 10.8882666, 49.5671264 ], [ 10.888223, 49.5671416 ] ] } },
{ "type": "Feature", "properties": { "u": 3867608761, "v": 11845362958, "key": 0, "osmid": "146456501", "highway": "residential", "lanes": null, "maxspeed": null, "name": "Eichelmühlgasse", "ref": null, "oneway": false, "reversed": "False", "length": 18.396135369271121, "junction": null, "width": "5", "service": null, "access": null, "bridge": null }, "geometry": { "type": "LineString", "coordinates": [ [ 10.8882666, 49.5671264 ], [ 10.8882572, 49.5670864 ], [ 10.8882658, 49.5670331 ], [ 10.8883252, 49.566973 ] ] } },
{ "type": "Feature", "properties": { "u": 3867608761, "v": 3835497706, "key": 0, "osmid": "380209336", "highway": "footway", "lanes": null, "maxspeed": null, "name": null, "ref": null, "oneway": false, "reversed": "True", "length": 135.48300885562574, "junction": null, "width": null, "service": null, "access": null, "bridge": null }, "geometry": { "type": "LineString", "coordinates": [ [ 10.8882666, 49.5671264 ], [ 10.8883915, 49.5671017 ], [ 10.888542, 49.5670704 ], [ 10.8886009, 49.5670559 ], [ 10.8887615, 49.567033 ], [ 10.8889501, 49.5670138 ], [ 10.8891747, 49.5670071 ], [ 10.8894218, 49.5670179 ], [ 10.8896263, 49.5670324 ], [ 10.8897839, 49.5670432 ], [ 10.889914, 49.5670458 ], [ 10.8900213, 49.5670545 ], [ 10.8901138, 49.5670728 ] ] } },
{ "type": "Feature", "properties": { "u": 3867608762, "v": 267751053, "key": 0, "osmid": "30094380", "highway": "residential", "lanes": "2", "maxspeed": "50", "name": "Erlanger Straße", "ref": null, "oneway": false, "reversed": "False", "length": 132.47914923367944, "junction": null, "width": null, "service": null, "access": null, "bridge": null }, "geometry": { "type": "LineString", "coordinates": [ [ 10.8900675, 49.5671517 ], [ 10.8899793, 49.5671297 ], [ 10.8897808, 49.5670943 ], [ 10.8895317, 49.5670638 ], [ 10.8893113, 49.5670461 ], [ 10.8890966, 49.5670425 ], [ 10.8888718, 49.5670539 ], [ 10.8886224, 49.567093 ], [ 10.8883643, 49.5671474 ], [ 10.888276, 49.567166 ] ] } },
{ "type": "Feature", "properties": { "u": 3867608762, "v": 270247371, "key": 0, "osmid": "30094380", "highway": "residential", "lanes": "2", "maxspeed": "50", "name": "Erlanger Straße", "ref": null, "oneway": false, "reversed": "True", "length": 27.581123748892608, "junction": null, "width": null, "service": null, "access": null, "bridge": null }, "geometry": { "type": "LineString", "coordinates": [ [ 10.8900675, 49.5671517 ], [ 10.8901532, 49.5671731 ], [ 10.8904162, 49.5672533 ] ] } },
{ "type": "Feature", "properties": { "u": 3867608762, "v": 3835497706, "key": 0, "osmid": "380207682", "highway": "footway", "lanes": null, "maxspeed": null, "name": null, "ref": null, "oneway": false, "reversed": "False", "length": 9.387198315710954, "junction": null, "width": null, "service": null, "access": null, "bridge": null }, "geometry": { "type": "LineString", "coordinates": [ [ 10.8900675, 49.5671517 ], [ 10.8900924, 49.5671093 ], [ 10.8901138, 49.5670728 ] ] } },
{ "type": "Feature", "properties": { "u": 3867608762, "v": 3835497705, "key": 0, "osmid": "380207682", "highway": "footway", "lanes": null, "maxspeed": null, "name": null, "ref": null, "oneway": false, "reversed": "True", "length": 7.8049383983469394, "junction": null, "width": null, "service": null, "access": null, "bridge": null }, "geometry": { "type": "LineString", "coordinates": [ [ 10.8900675, 49.5671517 ], [ 10.8900386, 49.5672009 ], [ 10.890029, 49.5672173 ] ] } },
{ "type": "Feature", "properties": { "u": 3867608763, "v": 2576374450, "key": 0, "osmid": "251412555", "highway": "footway", "lanes": null, "maxspeed": null, "name": null, "ref": null, "oneway": false, "reversed": "True", "length": 4.5650511244674554, "junction": null, "width": null, "service": null, "access": null, "bridge": null }, "geometry": { "type": "LineString", "coordinates": [ [ 10.891664, 49.5675149 ], [ 10.8916723, 49.5674742 ] ] } },
{ "type": "Feature", "properties": { "u": 3867608763, "v": 11862555309, "key": 0, "osmid": "251412555", "highway": "footway", "lanes": null, "maxspeed": null, "name": null, "ref": null, "oneway": false, "reversed": "False", "length": 40.505730225332549, "junction": null, "width": null, "service": null, "access": null, "bridge": null }, "geometry": { "type": "LineString", "coordinates": [ [ 10.891664, 49.5675149 ], [ 10.8916624, 49.5675228 ], [ 10.8917107, 49.5678741 ], [ 10.8917112, 49.5678777 ] ] } },
{ "type": "Feature", "properties": { "u": 3867608763, "v": 3867608764, "key": 0, "osmid": "380206451", "highway": "footway", "lanes": null, "maxspeed": null, "name": null, "ref": null, "oneway": false, "reversed": "False", "length": 37.080109097129217, "junction": null, "width": null, "service": null, "access": null, "bridge": null }, "geometry": { "type": "LineString", "coordinates": [ [ 10.891664, 49.5675149 ], [ 10.8918143, 49.567552 ], [ 10.8921121, 49.5676346 ], [ 10.892139, 49.5676424 ] ] } },
{ "type": "Feature", "properties": { "u": 3867608763, "v": 3835490918, "key": 0, "osmid": "380206451", "highway": "footway", "lanes": null, "maxspeed": null, "name": null, "ref": null, "oneway": false, "reversed": "True", "length": 37.400363364940645, "junction": null, "width": null, "service": null, "access": null, "bridge": null }, "geometry": { "type": "LineString", "coordinates": [ [ 10.891664, 49.5675149 ], [ 10.8916346, 49.5675077 ], [ 10.8914013, 49.5674511 ], [ 10.8911706, 49.5674129 ] ] } },
{ "type": "Feature", "properties": { "u": 3867608764, "v": 2576374461, "key": 0, "osmid": "251412557", "highway": "service", "lanes": null, "maxspeed": null, "name": "Am Friedhof", "ref": null, "oneway": false, "reversed": "True", "length": 4.0706600359600866, "junction": null, "width": null, "service": "driveway", "access": "private", "bridge": null }, "geometry": { "type": "LineString", "coordinates": [ [ 10.892139, 49.5676424 ], [ 10.8921378, 49.5676058 ] ] } },
{ "type": "Feature", "properties": { "u": 3867608764, "v": 11862555306, "key": 0, "osmid": [ 1277857977, 251412557 ], "highway": [ "path", "service" ], "lanes": null, "maxspeed": null, "name": "Am Friedhof", "ref": null, "oneway": false, "reversed": "False", "length": 33.336772386899604, "junction": null, "width": null, "service": "driveway", "access": "private", "bridge": null }, "geometry": { "type": "LineString", "coordinates": [ [ 10.892139, 49.5676424 ], [ 10.8921342, 49.5679023 ], [ 10.8920727, 49.5679022 ] ] } },
{ "type": "Feature", "properties": { "u": 3867608764, "v": 3867608763, "key": 0, "osmid": "380206451", "highway": "footway", "lanes": null, "maxspeed": null, "name": null, "ref": null, "oneway": false, "reversed": "True", "length": 37.080109097129224, "junction": null, "width": null, "service": null, "access": null, "bridge": null }, "geometry": { "type": "LineString", "coordinates": [ [ 10.892139, 49.5676424 ], [ 10.8921121, 49.5676346 ], [ 10.8918143, 49.567552 ], [ 10.891664, 49.5675149 ] ] } },
{ "type": "Feature", "properties": { "u": 3867608873, "v": 270247666, "key": 0, "osmid": "30625515", "highway": "residential", "lanes": null, "maxspeed": "30", "name": "Karl-Bröger-Straße", "ref": null, "oneway": false, "reversed": "False", "length": 7.7200313024001028, "junction": null, "width": "5", "service": null, "access": null, "bridge": null }, "geometry": { "type": "LineString", "coordinates": [ [ 10.8908479, 49.5703035 ], [ 10.8909515, 49.570321 ] ] } },
{ "type": "Feature", "properties": { "u": 3867608873, "v": 11926769116, "key": 0, "osmid": [ 30625515, 1285641349, 1285641230 ], "highway": "residential", "lanes": null, "maxspeed": "30", "name": "Karl-Bröger-Straße", "ref": null, "oneway": false, "reversed": "True", "length": 92.985380485634593, "junction": null, "width": [ "3", "5" ], "service": null, "access": null, "bridge": null }, "geometry": { "type": "LineString", "coordinates": [ [ 10.8908479, 49.5703035 ], [ 10.8900751, 49.5701731 ], [ 10.8899358, 49.5701496 ], [ 10.8896884, 49.5701078 ], [ 10.8896, 49.5700929 ] ] } },
{ "type": "Feature", "properties": { "u": 3867608873, "v": 3835491097, "key": 0, "osmid": "380206458", "highway": "footway", "lanes": null, "maxspeed": null, "name": null, "ref": null, "oneway": false, "reversed": "False", "length": 14.090310968282616, "junction": null, "width": null, "service": null, "access": null, "bridge": null }, "geometry": { "type": "LineString", "coordinates": [ [ 10.8908479, 49.5703035 ], [ 10.8908541, 49.5703239 ], [ 10.8908863, 49.570337 ], [ 10.8909225, 49.5703709 ], [ 10.8909198, 49.5704109 ] ] } },
{ "type": "Feature", "properties": { "u": 3867608873, "v": 3867609971, "key": 0, "osmid": "380206458", "highway": "footway", "lanes": null, "maxspeed": null, "name": null, "ref": null, "oneway": false, "reversed": "True", "length": 133.31338689634234, "junction": null, "width": null, "service": null, "access": null, "bridge": null }, "geometry": { "type": "LineString", "coordinates": [ [ 10.8908479, 49.5703035 ], [ 10.8908367, 49.5702665 ], [ 10.8908689, 49.5702509 ], [ 10.8908823, 49.5702248 ], [ 10.8908689, 49.5701404 ], [ 10.890834, 49.5700039 ], [ 10.8908219, 49.5699595 ], [ 10.8907482, 49.5696394 ], [ 10.8906959, 49.5695368 ], [ 10.8905899, 49.5692637 ], [ 10.8905292, 49.569144 ] ] } },
{ "type": "Feature", "properties": { "u": 3867609158, "v": 3835491100, "key": 0, "osmid": "380206451", "highway": "footway", "lanes": null, "maxspeed": null, "name": null, "ref": null, "oneway": false, "reversed": "True", "length": 3.6031825633536942, "junction": null, "width": null, "service": null, "access": null, "bridge": null }, "geometry": { "type": "LineString", "coordinates": [ [ 10.8910457, 49.5703373 ], [ 10.8910465, 49.5703697 ] ] } },
{ "type": "Feature", "properties": { "u": 3867609158, "v": 3842968006, "key": 0, "osmid": "1285641356", "highway": "residential", "lanes": null, "maxspeed": "30", "name": "Karl-Bröger-Straße", "ref": null, "oneway": false, "reversed": "False", "length": 37.313763114359347, "junction": null, "width": "5", "service": null, "access": null, "bridge": null }, "geometry": { "type": "LineString", "coordinates": [ [ 10.8910457, 49.5703373 ], [ 10.8915457, 49.5704237 ] ] } },
{ "type": "Feature", "properties": { "u": 3867609158, "v": 270247666, "key": 0, "osmid": "1285641356", "highway": "residential", "lanes": null, "maxspeed": "30", "name": "Karl-Bröger-Straße", "ref": null, "oneway": false, "reversed": "True", "length": 7.0305570043227359, "junction": null, "width": "5", "service": null, "access": null, "bridge": null }, "geometry": { "type": "LineString", "coordinates": [ [ 10.8910457, 49.5703373 ], [ 10.8909515, 49.570321 ] ] } },
{ "type": "Feature", "properties": { "u": 3867609158, "v": 7357970585, "key": 0, "osmid": "380206451", "highway": "footway", "lanes": null, "maxspeed": null, "name": null, "ref": null, "oneway": false, "reversed": "False", "length": 153.32740577919768, "junction": null, "width": null, "service": null, "access": null, "bridge": null }, "geometry": { "type": "LineString", "coordinates": [ [ 10.8910457, 49.5703373 ], [ 10.8910452, 49.5703192 ], [ 10.8910197, 49.5703114 ], [ 10.8909955, 49.5702879 ], [ 10.8909821, 49.5702418 ], [ 10.8909231, 49.5699557 ], [ 10.8909057, 49.5698896 ], [ 10.8908507, 49.5696513 ], [ 10.8908252, 49.5695852 ], [ 10.8907112, 49.5693147 ], [ 10.8906764, 49.5692268 ], [ 10.8906013, 49.5690624 ], [ 10.8905738, 49.5690052 ] ] } },
{ "type": "Feature", "properties": { "u": 3867609166, "v": 315863782, "key": 0, "osmid": "217432145", "highway": "service", "lanes": null, "maxspeed": null, "name": null, "ref": null, "oneway": false, "reversed": "False", "length": 7.3078169549342942, "junction": null, "width": null, "service": "parking_aisle", "access": "private", "bridge": null }, "geometry": { "type": "LineString", "coordinates": [ [ 10.8922156, 49.5669692 ], [ 10.8922289, 49.5669815 ], [ 10.8922738, 49.567023 ] ] } },
{ "type": "Feature", "properties": { "u": 3867609166, "v": 2266985715, "key": 0, "osmid": "217432145", "highway": "service", "lanes": null, "maxspeed": null, "name": null, "ref": null, "oneway": false, "reversed": "True", "length": 58.649642414258949, "junction": null, "width": null, "service": "parking_aisle", "access": "private", "bridge": null }, "geometry": { "type": "LineString", "coordinates": [ [ 10.8922156, 49.5669692 ], [ 10.8921669, 49.5669242 ], [ 10.8921043, 49.5668887 ], [ 10.8920073, 49.5668672 ], [ 10.8918927, 49.5668497 ], [ 10.8917948, 49.5668499 ], [ 10.8914743, 49.5668926 ] ] } },
{ "type": "Feature", "properties": { "u": 3867609166, "v": 3835497722, "key": 0, "osmid": "380207682", "highway": "footway", "lanes": null, "maxspeed": null, "name": null, "ref": null, "oneway": false, "reversed": "False", "length": 15.458622384895925, "junction": null, "width": null, "service": null, "access": null, "bridge": null }, "geometry": { "type": "LineString", "coordinates": [ [ 10.8922156, 49.5669692 ], [ 10.8922867, 49.5669414 ], [ 10.8923781, 49.5669059 ], [ 10.8923997, 49.566898 ] ] } },
{ "type": "Feature", "properties": { "u": 3867609166, "v": 3835497707, "key": 0, "osmid": "380207682", "highway": "footway", "lanes": null, "maxspeed": null, "name": null, "ref": null, "oneway": false, "reversed": "True", "length": 156.68393244067698, "junction": null, "width": null, "service": null, "access": null, "bridge": null }, "geometry": { "type": "LineString", "coordinates": [ [ 10.8922156, 49.5669692 ], [ 10.8921399, 49.5669988 ], [ 10.891934, 49.5670781 ], [ 10.8917419, 49.5671533 ], [ 10.8915051, 49.5672186 ], [ 10.8912662, 49.567262 ], [ 10.8910525, 49.5672797 ], [ 10.8909104, 49.5672792 ], [ 10.8907428, 49.5672617 ], [ 10.8906409, 49.5672389 ], [ 10.8905255, 49.5671867 ], [ 10.8904571, 49.5671589 ], [ 10.8903432, 49.5671337 ], [ 10.89026, 49.5671096 ], [ 10.8902171, 49.5670971 ] ] } },
{ "type": "Feature", "properties": { "u": 3867609169, "v": 332581085, "key": 0, "osmid": "24869095", "highway": "residential", "lanes": null, "maxspeed": "30", "name": "Glockengasse", "ref": null, "oneway": false, "reversed": "False", "length": 8.6632576376762405, "junction": null, "width": "5.5", "service": null, "access": null, "bridge": null }, "geometry": { "type": "LineString", "coordinates": [ [ 10.8872384, 49.5675869 ], [ 10.8871914, 49.5675152 ] ] } },
{ "type": "Feature", "properties": { "u": 3867609169, "v": 3835513837, "key": 0, "osmid": "1276073629", "highway": "footway", "lanes": null, "maxspeed": null, "name": null, "ref": null, "oneway": false, "reversed": "False", "length": 4.5788824412349811, "junction": null, "width": null, "service": null, "access": null, "bridge": null }, "geometry": { "type": "LineString", "coordinates": [ [ 10.8872384, 49.5675869 ], [ 10.8872995, 49.5675757 ] ] } },
{ "type": "Feature", "properties": { "u": 3867609169, "v": 3835513838, "key": 0, "osmid": "1276073629", "highway": "footway", "lanes": null, "maxspeed": null, "name": null, "ref": null, "oneway": false, "reversed": "True", "length": 4.9075620022846707, "junction": null, "width": null, "service": null, "access": null, "bridge": null }, "geometry": { "type": "LineString", "coordinates": [ [ 10.8872384, 49.5675869 ], [ 10.8871748, 49.5676026 ] ] } },
{ "type": "Feature", "properties": { "u": 3867609169, "v": 250748553, "key": 0, "osmid": "24869095", "highway": "residential", "lanes": null, "maxspeed": "30", "name": "Glockengasse", "ref": null, "oneway": false, "reversed": "True", "length": 75.078615643505486, "junction": null, "width": "5.5", "service": null, "access": null, "bridge": null }, "geometry": { "type": "LineString", "coordinates": [ [ 10.8872384, 49.5675869 ], [ 10.8873334, 49.5677532 ], [ 10.8874985, 49.5682394 ] ] } },
{ "type": "Feature", "properties": { "u": 3867609172, "v": 729847560, "key": 0, "osmid": "23815064", "highway": "residential", "lanes": null, "maxspeed": "30", "name": "Cyprianstraße", "ref": null, "oneway": false, "reversed": "False", "length": 49.484373423080001, "junction": null, "width": "5", "service": null, "access": null, "bridge": null }, "geometry": { "type": "LineString", "coordinates": [ [ 10.8873892, 49.5682558 ], [ 10.8867207, 49.5683562 ] ] } },
{ "type": "Feature", "properties": { "u": 3867609172, "v": 250748553, "key": 0, "osmid": "23815064", "highway": "residential", "lanes": null, "maxspeed": "30", "name": "Cyprianstraße", "ref": null, "oneway": false, "reversed": "True", "length": 8.0903356490369127, "junction": null, "width": "5", "service": null, "access": null, "bridge": null }, "geometry": { "type": "LineString", "coordinates": [ [ 10.8873892, 49.5682558 ], [ 10.8874985, 49.5682394 ] ] } },
{ "type": "Feature", "properties": { "u": 3867609172, "v": 3835513838, "key": 0, "osmid": "381268799", "highway": "footway", "lanes": null, "maxspeed": null, "name": null, "ref": null, "oneway": false, "reversed": "False", "length": 77.257171984996091, "junction": null, "width": null, "service": null, "access": null, "bridge": null }, "geometry": { "type": "LineString", "coordinates": [ [ 10.8873892, 49.5682558 ], [ 10.8873788, 49.5682257 ], [ 10.8874056, 49.5682135 ], [ 10.8874244, 49.5681943 ], [ 10.8874338, 49.5681709 ], [ 10.8872862, 49.5677586 ], [ 10.8872634, 49.5677151 ], [ 10.887246, 49.5676855 ], [ 10.8871748, 49.5676026 ] ] } },
{ "type": "Feature", "properties": { "u": 3867609172, "v": 3835514254, "key": 0, "osmid": "381268799", "highway": "footway", "lanes": null, "maxspeed": null, "name": null, "ref": null, "oneway": false, "reversed": "True", "length": 225.55368985488778, "junction": null, "width": null, "service": null, "access": null, "bridge": null }, "geometry": { "type": "LineString", "coordinates": [ [ 10.8873892, 49.5682558 ], [ 10.8873975, 49.5682796 ], [ 10.8874217, 49.568277 ], [ 10.8874525, 49.5682874 ], [ 10.8874753, 49.5683031 ], [ 10.8875223, 49.5684187 ], [ 10.8875343, 49.5684779 ], [ 10.8875424, 49.5686431 ], [ 10.8875464, 49.5686823 ], [ 10.8875679, 49.5689589 ], [ 10.887584, 49.5690067 ], [ 10.8876322, 49.5691572 ], [ 10.8876604, 49.5692215 ], [ 10.8877342, 49.5693407 ], [ 10.8878294, 49.5694537 ], [ 10.8879246, 49.5696016 ], [ 10.8880158, 49.5697129 ], [ 10.888158, 49.5698582 ], [ 10.8883658, 49.5700634 ], [ 10.8883935, 49.5700841 ], [ 10.8884109, 49.5701067 ] ] } },
{ "type": "Feature", "properties": { "u": 3867609175, "v": 3832223496, "key": 0, "osmid": "379874846", "highway": "service", "lanes": null, "maxspeed": "30", "name": "Karl-Bröger-Straße", "ref": null, "oneway": false, "reversed": "True", "length": 4.0740565151529822, "junction": null, "width": null, "service": "driveway", "access": "private", "bridge": null }, "geometry": { "type": "LineString", "coordinates": [ [ 10.8918229, 49.5705193 ], [ 10.8918255, 49.5704827 ] ] } },
{ "type": "Feature", "properties": { "u": 3867609175, "v": 3835526111, "key": 0, "osmid": "380206458", "highway": "footway", "lanes": null, "maxspeed": null, "name": null, "ref": null, "oneway": false, "reversed": "False", "length": 3.4706389399865993, "junction": null, "width": null, "service": null, "access": null, "bridge": null }, "geometry": { "type": "LineString", "coordinates": [ [ 10.8918229, 49.5705193 ], [ 10.8918672, 49.5705315 ] ] } },
{ "type": "Feature", "properties": { "u": 3867609175, "v": 3835397518, "key": 0, "osmid": "379874846", "highway": "service", "lanes": null, "maxspeed": "30", "name": "Karl-Bröger-Straße", "ref": null, "oneway": false, "reversed": "False", "length": 40.150829648493414, "junction": null, "width": null, "service": "driveway", "access": "private", "bridge": null }, "geometry": { "type": "LineString", "coordinates": [ [ 10.8918229, 49.5705193 ], [ 10.8918095, 49.5707107 ], [ 10.8917932, 49.5707412 ], [ 10.8917592, 49.5707464 ], [ 10.8917435, 49.5708605 ] ] } },
{ "type": "Feature", "properties": { "u": 3867609175, "v": 3835526073, "key": 0, "osmid": "380206458", "highway": "footway", "lanes": null, "maxspeed": null, "name": null, "ref": null, "oneway": false, "reversed": "True", "length": 21.567190353511371, "junction": null, "width": null, "service": null, "access": null, "bridge": null }, "geometry": { "type": "LineString", "coordinates": [ [ 10.8918229, 49.5705193 ], [ 10.8916843, 49.5704813 ], [ 10.8915422, 49.5704531 ] ] } },
{ "type": "Feature", "properties": { "u": 3867609967, "v": 727734905, "key": 0, "osmid": "23815063", "highway": "residential", "lanes": null, "maxspeed": "30", "name": "Störcher Straße", "ref": null, "oneway": false, "reversed": "True", "length": 5.9789415047087529, "junction": null, "width": "6", "service": null, "access": null, "bridge": null }, "geometry": { "type": "LineString", "coordinates": [ [ 10.8852496, 49.5676619 ], [ 10.8852668, 49.5676093 ] ] } },
{ "type": "Feature", "properties": { "u": 3867609967, "v": 3835514173, "key": 0, "osmid": "380209340", "highway": "footway", "lanes": null, "maxspeed": null, "name": null, "ref": null, "oneway": false, "reversed": "False", "length": 2.9516204001065978, "junction": null, "width": null, "service": null, "access": null, "bridge": null }, "geometry": { "type": "LineString", "coordinates": [ [ 10.8852496, 49.5676619 ], [ 10.8852087, 49.5676609 ] ] } },
{ "type": "Feature", "properties": { "u": 3867609967, "v": 258070978, "key": 0, "osmid": "23815063", "highway": "residential", "lanes": null, "maxspeed": "30", "name": "Störcher Straße", "ref": null, "oneway": false, "reversed": "False", "length": 100.16819720585478, "junction": null, "width": "6", "service": null, "access": null, "bridge": null }, "geometry": { "type": "LineString", "coordinates": [ [ 10.8852496, 49.5676619 ], [ 10.8856664, 49.5683598 ], [ 10.8857425, 49.568504 ] ] } },
{ "type": "Feature", "properties": { "u": 3867609967, "v": 9961150345, "key": 0, "osmid": "380209340", "highway": "footway", "lanes": null, "maxspeed": null, "name": null, "ref": null, "oneway": false, "reversed": "True", "length": 101.98372678524716, "junction": null, "width": null, "service": null, "access": null, "bridge": null }, "geometry": { "type": "LineString", "coordinates": [ [ 10.8852496, 49.5676619 ], [ 10.885312, 49.5676635 ], [ 10.8853737, 49.56766 ], [ 10.8854649, 49.5676583 ], [ 10.885711, 49.5676513 ], [ 10.8859624, 49.5676652 ], [ 10.8862481, 49.5676652 ], [ 10.886519, 49.5676522 ], [ 10.8866601, 49.567639 ] ] } },
{ "type": "Feature", "properties": { "u": 3867609968, "v": 2783016303, "key": 0, "osmid": "273452266", "highway": "service", "lanes": null, "maxspeed": null, "name": null, "ref": null, "oneway": false, "reversed": "False", "length": 4.1802757037932432, "junction": null, "width": null, "service": null, "access": null, "bridge": null }, "geometry": { "type": "LineString", "coordinates": [ [ 10.8904521, 49.5677518 ], [ 10.8903942, 49.5677536 ] ] } },
{ "type": "Feature", "properties": { "u": 3867609968, "v": 2783016267, "key": 0, "osmid": "273452266", "highway": "service", "lanes": null, "maxspeed": null, "name": null, "ref": null, "oneway": false, "reversed": "True", "length": 11.818375619876818, "junction": null, "width": null, "service": null, "access": null, "bridge": null }, "geometry": { "type": "LineString", "coordinates": [ [ 10.8904521, 49.5677518 ], [ 10.8906158, 49.5677468 ] ] } },
{ "type": "Feature", "properties": { "u": 3867609968, "v": 3835497743, "key": 0, "osmid": "380206451", "highway": "footway", "lanes": null, "maxspeed": null, "name": null, "ref": null, "oneway": false, "reversed": "False", "length": 35.27371160117977, "junction": null, "width": null, "service": null, "access": null, "bridge": null }, "geometry": { "type": "LineString", "coordinates": [ [ 10.8904521, 49.5677518 ], [ 10.8904478, 49.5676312 ], [ 10.8904437, 49.5674981 ], [ 10.8904598, 49.5674355 ] ] } },
{ "type": "Feature", "properties": { "u": 3867609968, "v": 11862555301, "key": 0, "osmid": "380206451", "highway": "footway", "lanes": null, "maxspeed": null, "name": null, "ref": null, "oneway": false, "reversed": "True", "length": 27.304518645265915, "junction": null, "width": null, "service": null, "access": null, "bridge": null }, "geometry": { "type": "LineString", "coordinates": [ [ 10.8904521, 49.5677518 ], [ 10.8904531, 49.567779 ], [ 10.8904497, 49.56785 ], [ 10.8904586, 49.5679972 ] ] } },
{ "type": "Feature", "properties": { "u": 3867609970, "v": 258070981, "key": 0, "osmid": "23815064", "highway": "residential", "lanes": null, "maxspeed": "30", "name": "Cyprianstraße", "ref": null, "oneway": false, "reversed": "False", "length": 3.6254807247383707, "junction": null, "width": "5", "service": null, "access": null, "bridge": null }, "geometry": { "type": "LineString", "coordinates": [ [ 10.8848906, 49.568614 ], [ 10.8848411, 49.5686197 ] ] } },
{ "type": "Feature", "properties": { "u": 3867609970, "v": 258070978, "key": 0, "osmid": "23815064", "highway": "residential", "lanes": null, "maxspeed": "30", "name": "Cyprianstraße", "ref": null, "oneway": false, "reversed": "True", "length": 62.652524921172855, "junction": null, "width": "5", "service": null, "access": null, "bridge": null }, "geometry": { "type": "LineString", "coordinates": [ [ 10.8848906, 49.568614 ], [ 10.8852766, 49.5685699 ], [ 10.8857425, 49.568504 ] ] } },
{ "type": "Feature", "properties": { "u": 3867609970, "v": 3835514236, "key": 0, "osmid": "380209348", "highway": "footway", "lanes": null, "maxspeed": null, "name": null, "ref": null, "oneway": false, "reversed": "False", "length": 82.712477293842866, "junction": null, "width": null, "service": null, "access": null, "bridge": null }, "geometry": { "type": "LineString", "coordinates": [ [ 10.8848906, 49.568614 ], [ 10.8849023, 49.5686626 ], [ 10.8849442, 49.5688552 ], [ 10.8849576, 49.5689465 ], [ 10.884971, 49.5690126 ], [ 10.8850394, 49.5690743 ], [ 10.8851386, 49.5691483 ], [ 10.8852433, 49.5692187 ], [ 10.8853277, 49.5692622 ] ] } },
{ "type": "Feature", "properties": { "u": 3867609970, "v": 3835514174, "key": 0, "osmid": "380209348", "highway": "footway", "lanes": null, "maxspeed": null, "name": null, "ref": null, "oneway": false, "reversed": "True", "length": 104.74280817827938, "junction": null, "width": null, "service": null, "access": null, "bridge": null }, "geometry": { "type": "LineString", "coordinates": [ [ 10.8848906, 49.568614 ], [ 10.8848426, 49.568415 ], [ 10.884805, 49.5682897 ], [ 10.8847514, 49.568201 ], [ 10.8846656, 49.5680653 ], [ 10.8846468, 49.5680062 ], [ 10.8846924, 49.5679523 ], [ 10.884746, 49.5679018 ], [ 10.8847594, 49.5678653 ], [ 10.8848895, 49.5677409 ] ] } },
{ "type": "Feature", "properties": { "u": 3867609971, "v": 330429821, "key": 0, "osmid": "30625517", "highway": "living_street", "lanes": null, "maxspeed": "7", "name": "Brentanostraße", "ref": null, "oneway": false, "reversed": "True", "length": 3.0545535221327942, "junction": null, "width": "5.5", "service": null, "access": null, "bridge": null }, "geometry": { "type": "LineString", "coordinates": [ [ 10.8905292, 49.569144 ], [ 10.8905707, 49.5691385 ] ] } },
{ "type": "Feature", "properties": { "u": 3867609971, "v": 11862594175, "key": 0, "osmid": "30625517", "highway": "living_street", "lanes": null, "maxspeed": "7", "name": "Brentanostraße", "ref": null, "oneway": false, "reversed": "False", "length": 67.895176506495901, "junction": null, "width": "5.5", "service": null, "access": null, "bridge": null }, "geometry": { "type": "LineString", "coordinates": [ [ 10.8905292, 49.569144 ], [ 10.8900351, 49.5692097 ], [ 10.8899707, 49.5692423 ], [ 10.8899261, 49.5692993 ], [ 10.8899157, 49.569342 ], [ 10.8899344, 49.5694292 ], [ 10.8899012, 49.5694572 ] ] } },
{ "type": "Feature", "properties": { "u": 3867609971, "v": 3867608873, "key": 0, "osmid": "380206458", "highway": "footway", "lanes": null, "maxspeed": null, "name": null, "ref": null, "oneway": false, "reversed": "False", "length": 133.31338689634237, "junction": null, "width": null, "service": null, "access": null, "bridge": null }, "geometry": { "type": "LineString", "coordinates": [ [ 10.8905292, 49.569144 ], [ 10.8905899, 49.5692637 ], [ 10.8906959, 49.5695368 ], [ 10.8907482, 49.5696394 ], [ 10.8908219, 49.5699595 ], [ 10.890834, 49.5700039 ], [ 10.8908689, 49.5701404 ], [ 10.8908823, 49.5702248 ], [ 10.8908689, 49.5702509 ], [ 10.8908367, 49.5702665 ], [ 10.8908479, 49.5703035 ] ] } },
{ "type": "Feature", "properties": { "u": 3867609971, "v": 11862555295, "key": 0, "osmid": "380206458", "highway": "footway", "lanes": null, "maxspeed": null, "name": null, "ref": null, "oneway": false, "reversed": "True", "length": 73.252520167964576, "junction": null, "width": null, "service": null, "access": null, "bridge": null }, "geometry": { "type": "LineString", "coordinates": [ [ 10.8905292, 49.569144 ], [ 10.890492, 49.5690706 ], [ 10.8904048, 49.5688558 ], [ 10.8903941, 49.5687358 ], [ 10.8903847, 49.5686349 ], [ 10.8903763, 49.5684969 ] ] } },
{ "type": "Feature", "properties": { "u": 3867609972, "v": 338728885, "key": 0, "osmid": "30625583", "highway": "residential", "lanes": null, "maxspeed": "30", "name": "Plonergasse", "ref": null, "oneway": false, "reversed": "True", "length": 7.3418258719319605, "junction": null, "width": "5", "service": null, "access": null, "bridge": null }, "geometry": { "type": "LineString", "coordinates": [ [ 10.8856165, 49.5694567 ], [ 10.8856228, 49.5693908 ] ] } },
{ "type": "Feature", "properties": { "u": 3867609972, "v": 3835514265, "key": 0, "osmid": "380209351", "highway": "footway", "lanes": null, "maxspeed": null, "name": null, "ref": null, "oneway": false, "reversed": "True", "length": 4.7378290963213159, "junction": null, "width": null, "service": null, "access": null, "bridge": null }, "geometry": { "type": "LineString", "coordinates": [ [ 10.8856165, 49.5694567 ], [ 10.8855508, 49.5694566 ] ] } },
{ "type": "Feature", "properties": { "u": 3867609972, "v": 8839963633, "key": 0, "osmid": "30625583", "highway": "residential", "lanes": null, "maxspeed": "30", "name": "Plonergasse", "ref": null, "oneway": false, "reversed": "False", "length": 58.381103828997382, "junction": null, "width": "5", "service": null, "access": null, "bridge": null }, "geometry": { "type": "LineString", "coordinates": [ [ 10.8856165, 49.5694567 ], [ 10.8858256, 49.5698721 ], [ 10.8858622, 49.5699569 ] ] } },
{ "type": "Feature", "properties": { "u": 3867609972, "v": 331317069, "key": 0, "osmid": [ 30079773, 380209351 ], "highway": "footway", "lanes": null, "maxspeed": null, "name": null, "ref": null, "oneway": false, "reversed": "False", "length": 220.3048313399172, "junction": null, "width": null, "service": null, "access": null, "bridge": null }, "geometry": { "type": "LineString", "coordinates": [ [ 10.8856165, 49.5694567 ], [ 10.8856409, 49.5694568 ], [ 10.8863725, 49.5696886 ], [ 10.8873305, 49.5699411 ], [ 10.8874588, 49.5699902 ], [ 10.8875852, 49.5700786 ], [ 10.8876894, 49.5701311 ], [ 10.8878178, 49.5701692 ], [ 10.8883618, 49.5702885 ] ] } },
{ "type": "Feature", "properties": { "u": 3867610362, "v": 3867679857, "key": 0, "osmid": "30078597", "highway": "footway", "lanes": null, "maxspeed": null, "name": null, "ref": null, "oneway": false, "reversed": "True", "length": 81.456823363618469, "junction": null, "width": null, "service": null, "access": null, "bridge": null }, "geometry": { "type": "LineString", "coordinates": [ [ 10.8923818, 49.5670517 ], [ 10.8922247, 49.5671058 ], [ 10.8919431, 49.5672085 ], [ 10.8917486, 49.567272 ], [ 10.8915984, 49.5673189 ], [ 10.8914643, 49.5673572 ], [ 10.8913716, 49.567377 ] ] } },
{ "type": "Feature", "properties": { "u": 3867610362, "v": 3830184598, "key": 0, "osmid": "298915223", "highway": "service", "lanes": null, "maxspeed": null, "name": null, "ref": null, "oneway": false, "reversed": "True", "length": 6.6194782083455417, "junction": null, "width": null, "service": "driveway", "access": "destination", "bridge": null }, "geometry": { "type": "LineString", "coordinates": [ [ 10.8923818, 49.5670517 ], [ 10.8923712, 49.5670491 ], [ 10.8923639, 49.5670409 ], [ 10.892331, 49.5670039 ] ] } },
{ "type": "Feature", "properties": { "u": 3867610364, "v": 3867610365, "key": 0, "osmid": "338744995", "highway": "service", "lanes": null, "maxspeed": null, "name": null, "ref": null, "oneway": false, "reversed": "False", "length": 4.460607363851036, "junction": null, "width": null, "service": null, "access": null, "bridge": null }, "geometry": { "type": "LineString", "coordinates": [ [ 10.8880405, 49.5671652 ], [ 10.8880681, 49.5672011 ] ] } },
{ "type": "Feature", "properties": { "u": 3867610364, "v": 3458817447, "key": 0, "osmid": "338744995", "highway": "service", "lanes": null, "maxspeed": null, "name": null, "ref": null, "oneway": false, "reversed": "True", "length": 31.517803608572969, "junction": null, "width": null, "service": null, "access": null, "bridge": null }, "geometry": { "type": "LineString", "coordinates": [ [ 10.8880405, 49.5671652 ], [ 10.8878456, 49.5669115 ] ] } },
{ "type": "Feature", "properties": { "u": 3867610364, "v": 3835513815, "key": 0, "osmid": "1276073628", "highway": "footway", "lanes": null, "maxspeed": null, "name": null, "ref": null, "oneway": false, "reversed": "False", "length": 14.313046215489113, "junction": null, "width": null, "service": null, "access": null, "bridge": null }, "geometry": { "type": "LineString", "coordinates": [ [ 10.8880405, 49.5671652 ], [ 10.8881699, 49.5670676 ] ] } },
{ "type": "Feature", "properties": { "u": 3867610364, "v": 3835513809, "key": 0, "osmid": "1276073628", "highway": "footway", "lanes": null, "maxspeed": null, "name": null, "ref": null, "oneway": false, "reversed": "True", "length": 11.519419095756655, "junction": null, "width": null, "service": null, "access": null, "bridge": null }, "geometry": { "type": "LineString", "coordinates": [ [ 10.8880405, 49.5671652 ], [ 10.8879415, 49.5672465 ] ] } },
{ "type": "Feature", "properties": { "u": 3867610365, "v": 3458823405, "key": 0, "osmid": "338744995", "highway": "service", "lanes": null, "maxspeed": null, "name": null, "ref": null, "oneway": false, "reversed": "False", "length": 3.8012617277196274, "junction": null, "width": null, "service": null, "access": null, "bridge": null }, "geometry": { "type": "LineString", "coordinates": [ [ 10.8880681, 49.5672011 ], [ 10.8880916, 49.5672317 ] ] } },
{ "type": "Feature", "properties": { "u": 3867610365, "v": 3867610364, "key": 0, "osmid": "338744995", "highway": "service", "lanes": null, "maxspeed": null, "name": null, "ref": null, "oneway": false, "reversed": "True", "length": 4.460607363851036, "junction": null, "width": null, "service": null, "access": null, "bridge": null }, "geometry": { "type": "LineString", "coordinates": [ [ 10.8880681, 49.5672011 ], [ 10.8880405, 49.5671652 ] ] } },
{ "type": "Feature", "properties": { "u": 3867610365, "v": 3835513809, "key": 0, "osmid": "380209336", "highway": "footway", "lanes": null, "maxspeed": null, "name": null, "ref": null, "oneway": false, "reversed": "False", "length": 10.442161936945993, "junction": null, "width": null, "service": null, "access": null, "bridge": null }, "geometry": { "type": "LineString", "coordinates": [ [ 10.8880681, 49.5672011 ], [ 10.8880096, 49.5672198 ], [ 10.8879415, 49.5672465 ] ] } },
{ "type": "Feature", "properties": { "u": 3867610365, "v": 3835513818, "key": 0, "osmid": "380209336", "highway": "footway", "lanes": null, "maxspeed": null, "name": null, "ref": null, "oneway": false, "reversed": "True", "length": 13.013908340365628, "junction": null, "width": null, "service": null, "access": null, "bridge": null }, "geometry": { "type": "LineString", "coordinates": [ [ 10.8880681, 49.5672011 ], [ 10.8881344, 49.5671798 ], [ 10.8882108, 49.5671458 ], [ 10.888223, 49.5671416 ] ] } },
{ "type": "Feature", "properties": { "u": 3867610366, "v": 2783016303, "key": 0, "osmid": "30016260", "highway": "residential", "lanes": null, "maxspeed": "30", "name": "Eichendorffstraße", "ref": null, "oneway": false, "reversed": "True", "length": 36.209363370895147, "junction": null, "width": "7", "service": null, "access": null, "bridge": null }, "geometry": { "type": "LineString", "coordinates": [ [ 10.890375, 49.5674282 ], [ 10.8903942, 49.5677536 ] ] } },
{ "type": "Feature", "properties": { "u": 3867610366, "v": 3835497743, "key": 0, "osmid": "380207685", "highway": "footway", "lanes": null, "maxspeed": null, "name": null, "ref": null, "oneway": false, "reversed": "False", "length": 6.1690620807592245, "junction": null, "width": null, "service": null, "access": null, "bridge": null }, "geometry": { "type": "LineString", "coordinates": [ [ 10.890375, 49.5674282 ], [ 10.8904598, 49.5674355 ] ] } },
{ "type": "Feature", "properties": { "u": 3867610366, "v": 3835497859, "key": 0, "osmid": "380207685", "highway": "footway", "lanes": null, "maxspeed": null, "name": null, "ref": null, "oneway": false, "reversed": "True", "length": 5.0190571972503824, "junction": null, "width": null, "service": null, "access": null, "bridge": null }, "geometry": { "type": "LineString", "coordinates": [ [ 10.890375, 49.5674282 ], [ 10.890306, 49.5674223 ] ] } },
{ "type": "Feature", "properties": { "u": 3867610366, "v": 270247371, "key": 0, "osmid": "30016260", "highway": "residential", "lanes": null, "maxspeed": "30", "name": "Eichendorffstraße", "ref": null, "oneway": false, "reversed": "False", "length": 19.872446305952309, "junction": null, "width": "7", "service": null, "access": null, "bridge": null }, "geometry": { "type": "LineString", "coordinates": [ [ 10.890375, 49.5674282 ], [ 10.8903712, 49.5673644 ], [ 10.8904003, 49.5672925 ], [ 10.8904162, 49.5672533 ] ] } },
{ "type": "Feature", "properties": { "u": 3867610367, "v": 3835514206, "key": 0, "osmid": "380209346", "highway": "footway", "lanes": null, "maxspeed": null, "name": null, "ref": null, "oneway": false, "reversed": "True", "length": 2.4346928238259449, "junction": null, "width": null, "service": null, "access": null, "bridge": null }, "geometry": { "type": "LineString", "coordinates": [ [ 10.8853011, 49.5675064 ], [ 10.8853194, 49.5675248 ] ] } },
{ "type": "Feature", "properties": { "u": 3867610367, "v": 3834587773, "key": 0, "osmid": "146456516", "highway": "residential", "lanes": null, "maxspeed": "30", "name": "Kellergasse", "ref": null, "oneway": true, "reversed": "False", "length": 82.253832504256422, "junction": null, "width": "5", "service": null, "access": null, "bridge": null }, "geometry": { "type": "LineString", "coordinates": [ [ 10.8853011, 49.5675064 ], [ 10.8857214, 49.5673205 ], [ 10.8862418, 49.5670881 ] ] } },
{ "type": "Feature", "properties": { "u": 3867610367, "v": 3835514184, "key": 0, "osmid": [ 380209346, 380209342 ], "highway": "footway", "lanes": null, "maxspeed": null, "name": null, "ref": null, "oneway": false, "reversed": [ false, true ], "length": 11.106844050591967, "junction": null, "width": null, "service": null, "access": null, "bridge": null }, "geometry": { "type": "LineString", "coordinates": [ [ 10.8853011, 49.5675064 ], [ 10.8852825, 49.5674878 ], [ 10.885257, 49.5674956 ], [ 10.8852074, 49.5675026 ], [ 10.8851698, 49.567513 ] ] } },
{ "type": "Feature", "properties": { "u": 3867610370, "v": 258070982, "key": 0, "osmid": "23815065", "highway": "residential", "lanes": null, "maxspeed": "30", "name": "Am Hallertürlein", "ref": null, "oneway": false, "reversed": "True", "length": 3.7823331047124396, "junction": null, "width": "6.5", "service": null, "access": null, "bridge": null }, "geometry": { "type": "LineString", "coordinates": [ [ 10.8849026, 49.5690709 ], [ 10.8849349, 49.5690441 ] ] } },
{ "type": "Feature", "properties": { "u": 3867610370, "v": 7553028478, "key": 0, "osmid": "23815065", "highway": "residential", "lanes": null, "maxspeed": "30", "name": "Am Hallertürlein", "ref": null, "oneway": false, "reversed": "False", "length": 31.08070794525009, "junction": null, "width": "6.5", "service": null, "access": null, "bridge": null }, "geometry": { "type": "LineString", "coordinates": [ [ 10.8849026, 49.5690709 ], [ 10.8847552, 49.569193 ], [ 10.8846671, 49.5692738 ], [ 10.8846404, 49.5692925 ] ] } },
{ "type": "Feature", "properties": { "u": 3867610370, "v": 3835514259, "key": 0, "osmid": "380209352", "highway": "footway", "lanes": null, "maxspeed": null, "name": null, "ref": null, "oneway": false, "reversed": "True", "length": 38.057474435039424, "junction": null, "width": null, "service": null, "access": null, "bridge": null }, "geometry": { "type": "LineString", "coordinates": [ [ 10.8849026, 49.5690709 ], [ 10.8849685, 49.5691411 ], [ 10.8850261, 49.5691863 ], [ 10.8850959, 49.5692333 ], [ 10.885171, 49.5692802 ], [ 10.8852513, 49.5693248 ] ] } },
{ "type": "Feature", "properties": { "u": 3867679857, "v": 2576374450, "key": 0, "osmid": "4838944", "highway": "residential", "lanes": null, "maxspeed": "30", "name": "Schützengraben", "ref": null, "oneway": false, "reversed": "False", "length": 24.262095526844227, "junction": null, "width": "6", "service": null, "access": null, "bridge": null }, "geometry": { "type": "LineString", "coordinates": [ [ 10.8913716, 49.567377 ], [ 10.8915222, 49.567432 ], [ 10.8916723, 49.5674742 ] ] } },
{ "type": "Feature", "properties": { "u": 3867679857, "v": 270247370, "key": 0, "osmid": "4838944", "highway": "residential", "lanes": null, "maxspeed": "30", "name": "Schützengraben", "ref": null, "oneway": false, "reversed": "True", "length": 4.993595826435091, "junction": null, "width": "6", "service": null, "access": null, "bridge": null }, "geometry": { "type": "LineString", "coordinates": [ [ 10.8913716, 49.567377 ], [ 10.8913575, 49.5673683 ], [ 10.8913215, 49.567346 ] ] } },
{ "type": "Feature", "properties": { "u": 3867679857, "v": 3867610362, "key": 0, "osmid": "30078597", "highway": "footway", "lanes": null, "maxspeed": null, "name": null, "ref": null, "oneway": false, "reversed": "False", "length": 81.456823363618469, "junction": null, "width": null, "service": null, "access": null, "bridge": null }, "geometry": { "type": "LineString", "coordinates": [ [ 10.8913716, 49.567377 ], [ 10.8914643, 49.5673572 ], [ 10.8915984, 49.5673189 ], [ 10.8917486, 49.567272 ], [ 10.8919431, 49.5672085 ], [ 10.8922247, 49.5671058 ], [ 10.8923818, 49.5670517 ] ] } },
{ "type": "Feature", "properties": { "u": 3867679857, "v": 3835490918, "key": 0, "osmid": "30078597", "highway": "footway", "lanes": null, "maxspeed": null, "name": null, "ref": null, "oneway": false, "reversed": "True", "length": 15.039275919212631, "junction": null, "width": null, "service": null, "access": null, "bridge": null }, "geometry": { "type": "LineString", "coordinates": [ [ 10.8913716, 49.567377 ], [ 10.8913342, 49.567385 ], [ 10.8911706, 49.5674129 ] ] } },
{ "type": "Feature", "properties": { "u": 3867680057, "v": 2783016379, "key": 0, "osmid": "273452262", "highway": "service", "lanes": null, "maxspeed": null, "name": null, "ref": null, "oneway": false, "reversed": "False", "length": 4.9736554607616945, "junction": null, "width": null, "service": "driveway", "access": null, "bridge": null }, "geometry": { "type": "LineString", "coordinates": [ [ 10.8877945, 49.5673884 ], [ 10.8877863, 49.5673772 ], [ 10.8877649, 49.567348 ] ] } },
{ "type": "Feature", "properties": { "u": 3867680057, "v": 9447934522, "key": 0, "osmid": "273452262", "highway": "service", "lanes": null, "maxspeed": null, "name": null, "ref": null, "oneway": false, "reversed": "True", "length": 12.952680496475089, "junction": null, "width": null, "service": "driveway", "access": null, "bridge": null }, "geometry": { "type": "LineString", "coordinates": [ [ 10.8877945, 49.5673884 ], [ 10.887829, 49.5674354 ], [ 10.8878729, 49.5674932 ] ] } },
{ "type": "Feature", "properties": { "u": 3867680057, "v": 9447934523, "key": 0, "osmid": "1276073629", "highway": "footway", "lanes": null, "maxspeed": null, "name": null, "ref": null, "oneway": false, "reversed": "False", "length": 59.82789486861828, "junction": null, "width": null, "service": null, "access": null, "bridge": null }, "geometry": { "type": "LineString", "coordinates": [ [ 10.8877945, 49.5673884 ], [ 10.8879399, 49.5673363 ], [ 10.8881813, 49.5672467 ], [ 10.8883154, 49.5672093 ], [ 10.8885099, 49.5671684 ], [ 10.8885431, 49.5671614 ] ] } },
{ "type": "Feature", "properties": { "u": 3867680057, "v": 3835513837, "key": 0, "osmid": "1276073629", "highway": "footway", "lanes": null, "maxspeed": null, "name": null, "ref": null, "oneway": false, "reversed": "True", "length": 42.089235513876382, "junction": null, "width": null, "service": null, "access": null, "bridge": null }, "geometry": { "type": "LineString", "coordinates": [ [ 10.8877945, 49.5673884 ], [ 10.8877213, 49.5674146 ], [ 10.8874799, 49.5674955 ], [ 10.8873726, 49.5675311 ], [ 10.8873223, 49.5675443 ], [ 10.8872995, 49.5675757 ] ] } },
{ "type": "Feature", "properties": { "u": 3867680058, "v": 330429824, "key": 0, "osmid": "273452261", "highway": "service", "lanes": null, "maxspeed": null, "name": null, "ref": null, "oneway": false, "reversed": "False", "length": 4.5524071485041047, "junction": null, "width": null, "service": "driveway", "access": null, "bridge": null }, "geometry": { "type": "LineString", "coordinates": [ [ 10.8903502, 49.5680772 ], [ 10.8904133, 49.568076 ] ] } },
{ "type": "Feature", "properties": { "u": 3867680058, "v": 2783016362, "key": 0, "osmid": "273452261", "highway": "service", "lanes": null, "maxspeed": null, "name": null, "ref": null, "oneway": false, "reversed": "True", "length": 17.582172909306493, "junction": null, "width": null, "service": "driveway", "access": null, "bridge": null }, "geometry": { "type": "LineString", "coordinates": [ [ 10.8903502, 49.5680772 ], [ 10.8901065, 49.5680819 ] ] } },
{ "type": "Feature", "properties": { "u": 3867680058, "v": 11862555295, "key": 0, "osmid": "380206458", "highway": "footway", "lanes": null, "maxspeed": null, "name": null, "ref": null, "oneway": false, "reversed": "False", "length": 46.706735619981643, "junction": null, "width": null, "service": null, "access": null, "bridge": null }, "geometry": { "type": "LineString", "coordinates": [ [ 10.8903502, 49.5680772 ], [ 10.8903525, 49.5681061 ], [ 10.8903763, 49.5684969 ] ] } },
{ "type": "Feature", "properties": { "u": 3867680058, "v": 3835497859, "key": 0, "osmid": "380206458", "highway": "footway", "lanes": null, "maxspeed": null, "name": null, "ref": null, "oneway": false, "reversed": "True", "length": 72.892625513822367, "junction": null, "width": null, "service": null, "access": null, "bridge": null }, "geometry": { "type": "LineString", "coordinates": [ [ 10.8903502, 49.5680772 ], [ 10.8903405, 49.5679547 ], [ 10.8903123, 49.5674972 ], [ 10.890306, 49.5674223 ] ] } },
{ "type": "Feature", "properties": { "u": 3938308468, "v": 3835525719, "key": 0, "osmid": "380210483", "highway": "footway", "lanes": null, "maxspeed": null, "name": null, "ref": null, "oneway": false, "reversed": "False", "length": 22.616943319245802, "junction": null, "width": null, "service": null, "access": null, "bridge": null }, "geometry": { "type": "LineString", "coordinates": [ [ 10.8883075, 49.5699271 ], [ 10.8883735, 49.5699986 ], [ 10.8884762, 49.5700985 ] ] } },
{ "type": "Feature", "properties": { "u": 3938308468, "v": 3938308471, "key": 0, "osmid": "380210483", "highway": "footway", "lanes": null, "maxspeed": null, "name": null, "ref": null, "oneway": false, "reversed": "True", "length": 26.929727789698571, "junction": null, "width": null, "service": null, "access": null, "bridge": null }, "geometry": { "type": "LineString", "coordinates": [ [ 10.8883075, 49.5699271 ], [ 10.8882676, 49.5698838 ], [ 10.8881455, 49.569736 ], [ 10.8881271, 49.5697151 ] ] } },
{ "type": "Feature", "properties": { "u": 3938308468, "v": 3938308470, "key": 0, "osmid": [ 1272542609, 1272542610, 390672401 ], "highway": [ "steps", "footway" ], "lanes": null, "maxspeed": null, "name": null, "ref": null, "oneway": false, "reversed": "False", "length": 41.299030621321663, "junction": null, "width": null, "service": null, "access": null, "bridge": null }, "geometry": { "type": "LineString", "coordinates": [ [ 10.8883075, 49.5699271 ], [ 10.8883916, 49.5698889 ], [ 10.8884536, 49.5698608 ], [ 10.8885587, 49.5698131 ], [ 10.8888247, 49.5698082 ] ] } },
{ "type": "Feature", "properties": { "u": 3938308470, "v": 3938308468, "key": 0, "osmid": [ 1272542609, 390672401, 1272542610 ], "highway": [ "steps", "footway" ], "lanes": null, "maxspeed": null, "name": null, "ref": null, "oneway": false, "reversed": "True", "length": 41.299030621321663, "junction": null, "width": null, "service": null, "access": null, "bridge": null }, "geometry": { "type": "LineString", "coordinates": [ [ 10.8888247, 49.5698082 ], [ 10.8885587, 49.5698131 ], [ 10.8884536, 49.5698608 ], [ 10.8883916, 49.5698889 ], [ 10.8883075, 49.5699271 ] ] } },
{ "type": "Feature", "properties": { "u": 3938308471, "v": 3938308468, "key": 0, "osmid": "380210483", "highway": "footway", "lanes": null, "maxspeed": null, "name": null, "ref": null, "oneway": false, "reversed": "False", "length": 26.929727789698568, "junction": null, "width": null, "service": null, "access": null, "bridge": null }, "geometry": { "type": "LineString", "coordinates": [ [ 10.8881271, 49.5697151 ], [ 10.8881455, 49.569736 ], [ 10.8882676, 49.5698838 ], [ 10.8883075, 49.5699271 ] ] } },
{ "type": "Feature", "properties": { "u": 3938308471, "v": 3835513837, "key": 0, "osmid": "380210483", "highway": "footway", "lanes": null, "maxspeed": null, "name": null, "ref": null, "oneway": false, "reversed": "True", "length": 247.68812828185818, "junction": null, "width": null, "service": null, "access": null, "bridge": null }, "geometry": { "type": "LineString", "coordinates": [ [ 10.8881271, 49.5697151 ], [ 10.8880758, 49.5696568 ], [ 10.8880061, 49.569569 ], [ 10.8879149, 49.5694472 ], [ 10.8878384, 49.5693516 ], [ 10.88777, 49.5692446 ], [ 10.8877164, 49.5691315 ], [ 10.8876949, 49.5690628 ], [ 10.8876587, 49.568901 ], [ 10.8876373, 49.5687801 ], [ 10.8876225, 49.5686201 ], [ 10.8876024, 49.5684731 ], [ 10.8875903, 49.5684166 ], [ 10.8874857, 49.5681095 ], [ 10.8874348, 49.5679165 ], [ 10.887365, 49.5677173 ], [ 10.8872993, 49.5676077 ], [ 10.8872995, 49.5675757 ] ] } },
{ "type": "Feature", "properties": { "u": 3938308471, "v": 3938308475, "key": 0, "osmid": [ 390672402, 1272542607 ], "highway": [ "steps", "footway" ], "lanes": null, "maxspeed": null, "name": null, "ref": null, "oneway": false, "reversed": "False", "length": 53.259140733000393, "junction": null, "width": null, "service": null, "access": null, "bridge": null }, "geometry": { "type": "LineString", "coordinates": [ [ 10.8881271, 49.5697151 ], [ 10.8882086, 49.5696853 ], [ 10.8882086, 49.5696593 ], [ 10.8883516, 49.5695966 ], [ 10.8887833, 49.569582 ] ] } },
{ "type": "Feature", "properties": { "u": 3938308475, "v": 3938308471, "key": 0, "osmid": [ 390672402, 1272542607 ], "highway": [ "steps", "footway" ], "lanes": null, "maxspeed": null, "name": null, "ref": null, "oneway": false, "reversed": "True", "length": 53.259140733000393, "junction": null, "width": null, "service": null, "access": null, "bridge": null }, "geometry": { "type": "LineString", "coordinates": [ [ 10.8887833, 49.569582 ], [ 10.8883516, 49.5695966 ], [ 10.8882086, 49.5696593 ], [ 10.8882086, 49.5696853 ], [ 10.8881271, 49.5697151 ] ] } },
{ "type": "Feature", "properties": { "u": 4924799673, "v": 2783016312, "key": 0, "osmid": "273452265", "highway": "service", "lanes": null, "maxspeed": null, "name": null, "ref": null, "oneway": false, "reversed": "False", "length": 13.321171030346639, "junction": null, "width": null, "service": null, "access": null, "bridge": null }, "geometry": { "type": "LineString", "coordinates": [ [ 10.8898168, 49.5682073 ], [ 10.8898168, 49.5680875 ] ] } },
{ "type": "Feature", "properties": { "u": 4924799673, "v": 2783016296, "key": 0, "osmid": "273452265", "highway": "service", "lanes": null, "maxspeed": null, "name": null, "ref": null, "oneway": false, "reversed": "True", "length": 34.781522014118771, "junction": null, "width": null, "service": null, "access": null, "bridge": null }, "geometry": { "type": "LineString", "coordinates": [ [ 10.8898168, 49.5682073 ], [ 10.8898168, 49.568286 ], [ 10.8898734, 49.568449 ], [ 10.8898756, 49.568516 ] ] } },
{ "type": "Feature", "properties": { "u": 4924799673, "v": 9447934522, "key": 0, "osmid": [ 273452262, 331465726 ], "highway": [ "service", "footway" ], "lanes": null, "maxspeed": null, "name": null, "ref": null, "oneway": false, "reversed": "False", "length": 183.29445174854328, "junction": null, "width": null, "service": "driveway", "access": null, "bridge": null }, "geometry": { "type": "LineString", "coordinates": [ [ 10.8898168, 49.5682073 ], [ 10.8893684, 49.56822 ], [ 10.8893263, 49.5682208 ], [ 10.8889585, 49.5680979 ], [ 10.8887946, 49.5680813 ], [ 10.8887491, 49.5680582 ], [ 10.888713, 49.5680207 ], [ 10.8886674, 49.5678511 ], [ 10.8886366, 49.5677726 ], [ 10.8885106, 49.5677726 ], [ 10.8883416, 49.5677622 ], [ 10.888178, 49.5677222 ], [ 10.888068, 49.5676893 ], [ 10.8879741, 49.567623 ], [ 10.8878883, 49.5675134 ], [ 10.8878729, 49.5674932 ] ] } },
{ "type": "Feature", "properties": { "u": 4924799675, "v": 2783016264, "key": 0, "osmid": "331465725", "highway": "footway", "lanes": null, "maxspeed": null, "name": null, "ref": null, "oneway": false, "reversed": "False", "length": 57.527039585623861, "junction": null, "width": null, "service": null, "access": null, "bridge": null }, "geometry": { "type": "LineString", "coordinates": [ [ 10.8889475, 49.5676854 ], [ 10.8890624, 49.5676716 ], [ 10.8891928, 49.567656 ], [ 10.8897319, 49.5675913 ] ] } },
{ "type": "Feature", "properties": { "u": 7183684257, "v": 3458817476, "key": 0, "osmid": "146456516", "highway": "residential", "lanes": null, "maxspeed": "30", "name": "Kellergasse", "ref": null, "oneway": true, "reversed": "False", "length": 61.010477415598572, "junction": null, "width": "5", "service": null, "access": null, "bridge": null }, "geometry": { "type": "LineString", "coordinates": [ [ 10.8863636, 49.5670338 ], [ 10.8864171, 49.5670099 ], [ 10.8869777, 49.5666572 ] ] } },
{ "type": "Feature", "properties": { "u": 7183684257, "v": 7183684262, "key": 0, "osmid": "769584462", "highway": "service", "lanes": null, "maxspeed": null, "name": "Kellergasse", "ref": null, "oneway": false, "reversed": "False", "length": 71.171909693326626, "junction": null, "width": null, "service": null, "access": null, "bridge": null }, "geometry": { "type": "LineString", "coordinates": [ [ 10.8863636, 49.5670338 ], [ 10.8865344, 49.5671959 ], [ 10.8866439, 49.567232 ], [ 10.8866906, 49.56726 ], [ 10.886766, 49.5673566 ], [ 10.8870623, 49.5672612 ] ] } },
{ "type": "Feature", "properties": { "u": 7183684262, "v": 7183684257, "key": 0, "osmid": "769584462", "highway": "service", "lanes": null, "maxspeed": null, "name": "Kellergasse", "ref": null, "oneway": false, "reversed": "True", "length": 71.171909693326626, "junction": null, "width": null, "service": null, "access": null, "bridge": null }, "geometry": { "type": "LineString", "coordinates": [ [ 10.8870623, 49.5672612 ], [ 10.886766, 49.5673566 ], [ 10.8866906, 49.56726 ], [ 10.8866439, 49.567232 ], [ 10.8865344, 49.5671959 ], [ 10.8863636, 49.5670338 ] ] } },
{ "type": "Feature", "properties": { "u": 7183684263, "v": 7183684267, "key": 0, "osmid": "769584463", "highway": "service", "lanes": null, "maxspeed": null, "name": null, "ref": null, "oneway": false, "reversed": "False", "length": 30.015739850945856, "junction": null, "width": null, "service": null, "access": null, "bridge": null }, "geometry": { "type": "LineString", "coordinates": [ [ 10.8865847, 49.5673462 ], [ 10.8866529, 49.5674242 ], [ 10.8867319, 49.5674347 ], [ 10.8867929, 49.5675564 ] ] } },
{ "type": "Feature", "properties": { "u": 7183684266, "v": 332262770, "key": 0, "osmid": "323785884", "highway": "residential", "lanes": null, "maxspeed": "30", "name": "Erlanger Straße", "ref": null, "oneway": false, "reversed": "True", "length": 9.2925941869190503, "junction": null, "width": "8", "service": null, "access": null, "bridge": null }, "geometry": { "type": "LineString", "coordinates": [ [ 10.8868102, 49.5675878 ], [ 10.8869361, 49.56757 ] ] } },
{ "type": "Feature", "properties": { "u": 7183684266, "v": 7183684267, "key": 0, "osmid": "769584463", "highway": "service", "lanes": null, "maxspeed": null, "name": null, "ref": null, "oneway": false, "reversed": "True", "length": 3.7077296722198398, "junction": null, "width": null, "service": null, "access": null, "bridge": null }, "geometry": { "type": "LineString", "coordinates": [ [ 10.8868102, 49.5675878 ], [ 10.8867929, 49.5675564 ] ] } },
{ "type": "Feature", "properties": { "u": 7183684266, "v": 727734905, "key": 0, "osmid": [ 330493360, 329597825, 323785884 ], "highway": "residential", "lanes": null, "maxspeed": "30", "name": "Erlanger Straße", "ref": null, "oneway": false, "reversed": "False", "length": 111.84710555722872, "junction": null, "width": [ "8", "6", "7" ], "service": null, "access": null, "bridge": null }, "geometry": { "type": "LineString", "coordinates": [ [ 10.8868102, 49.5675878 ], [ 10.8867759, 49.5675926 ], [ 10.8865834, 49.5676147 ], [ 10.8863477, 49.5676252 ], [ 10.8853939, 49.5676279 ], [ 10.8852668, 49.5676093 ] ] } },
{ "type": "Feature", "properties": { "u": 7183684267, "v": 3835513842, "key": 0, "osmid": "380209339", "highway": "footway", "lanes": null, "maxspeed": null, "name": null, "ref": null, "oneway": false, "reversed": "True", "length": 9.3553466668234631, "junction": null, "width": null, "service": null, "access": null, "bridge": null }, "geometry": { "type": "LineString", "coordinates": [ [ 10.8867929, 49.5675564 ], [ 10.8869186, 49.5675356 ] ] } },
{ "type": "Feature", "properties": { "u": 7183684267, "v": 7183684266, "key": 0, "osmid": "769584463", "highway": "service", "lanes": null, "maxspeed": null, "name": null, "ref": null, "oneway": false, "reversed": "False", "length": 3.7077296722198398, "junction": null, "width": null, "service": null, "access": null, "bridge": null }, "geometry": { "type": "LineString", "coordinates": [ [ 10.8867929, 49.5675564 ], [ 10.8868102, 49.5675878 ] ] } },
{ "type": "Feature", "properties": { "u": 7183684267, "v": 3835514206, "key": 0, "osmid": [ 1276073633, 380209339 ], "highway": "footway", "lanes": null, "maxspeed": null, "name": null, "ref": null, "oneway": false, "reversed": "False", "length": 113.92680535621164, "junction": null, "width": null, "service": null, "access": null, "bridge": null }, "geometry": { "type": "LineString", "coordinates": [ [ 10.8867929, 49.5675564 ], [ 10.8867416, 49.5675643 ], [ 10.8865766, 49.56758 ], [ 10.8864063, 49.567593 ], [ 10.886185, 49.5676 ], [ 10.8859758, 49.5675983 ], [ 10.8858086, 49.5675999 ], [ 10.8857425, 49.5676037 ], [ 10.8855617, 49.5676005 ], [ 10.885481, 49.5675956 ], [ 10.8853629, 49.5675896 ], [ 10.88532, 49.5675774 ], [ 10.8852972, 49.56756 ], [ 10.8853013, 49.5675365 ], [ 10.8853194, 49.5675248 ] ] } },
{ "type": "Feature", "properties": { "u": 7183684267, "v": 7183684263, "key": 0, "osmid": "769584463", "highway": "service", "lanes": null, "maxspeed": null, "name": null, "ref": null, "oneway": false, "reversed": "True", "length": 30.015739850945856, "junction": null, "width": null, "service": null, "access": null, "bridge": null }, "geometry": { "type": "LineString", "coordinates": [ [ 10.8867929, 49.5675564 ], [ 10.8867319, 49.5674347 ], [ 10.8866529, 49.5674242 ], [ 10.8865847, 49.5673462 ] ] } },
{ "type": "Feature", "properties": { "u": 7216306805, "v": 7357970585, "key": 0, "osmid": "772903536", "highway": "service", "lanes": null, "maxspeed": null, "name": null, "ref": null, "oneway": false, "reversed": "True", "length": 35.407217089684899, "junction": null, "width": null, "service": "driveway", "access": "permissive", "bridge": null }, "geometry": { "type": "LineString", "coordinates": [ [ 10.8909474, 49.5690616 ], [ 10.8909018, 49.5689642 ], [ 10.8905738, 49.5690052 ] ] } },
{ "type": "Feature", "properties": { "u": 7216306807, "v": 330429821, "key": 0, "osmid": "30016260", "highway": "residential", "lanes": null, "maxspeed": "30", "name": "Eichendorffstraße", "ref": null, "oneway": false, "reversed": "True", "length": 14.540858562284443, "junction": null, "width": "7", "service": null, "access": null, "bridge": null }, "geometry": { "type": "LineString", "coordinates": [ [ 10.8905196, 49.569012 ], [ 10.8905707, 49.5691385 ] ] } },
{ "type": "Feature", "properties": { "u": 7216306807, "v": 7357970585, "key": 0, "osmid": "772903536", "highway": "service", "lanes": null, "maxspeed": null, "name": null, "ref": null, "oneway": false, "reversed": "False", "length": 3.9810200254252348, "junction": null, "width": null, "service": "driveway", "access": "permissive", "bridge": null }, "geometry": { "type": "LineString", "coordinates": [ [ 10.8905196, 49.569012 ], [ 10.8905738, 49.5690052 ] ] } },
{ "type": "Feature", "properties": { "u": 7216306807, "v": 11862555293, "key": 0, "osmid": "30016260", "highway": "residential", "lanes": null, "maxspeed": "30", "name": "Eichendorffstraße", "ref": null, "oneway": false, "reversed": "False", "length": 58.088392442935799, "junction": null, "width": "7", "service": null, "access": null, "bridge": null }, "geometry": { "type": "LineString", "coordinates": [ [ 10.8905196, 49.569012 ], [ 10.8904644, 49.5688726 ], [ 10.8904538, 49.5687875 ], [ 10.8904371, 49.5684946 ] ] } },
{ "type": "Feature", "properties": { "u": 7229337180, "v": 7229337184, "key": 0, "osmid": "774890713", "highway": "service", "lanes": null, "maxspeed": null, "name": null, "ref": null, "oneway": false, "reversed": "False", "length": 38.81440784556122, "junction": null, "width": null, "service": null, "access": null, "bridge": null }, "geometry": { "type": "LineString", "coordinates": [ [ 10.8853498, 49.5697192 ], [ 10.8853087, 49.5696659 ], [ 10.8853142, 49.569641 ], [ 10.8854505, 49.5693919 ] ] } },
{ "type": "Feature", "properties": { "u": 7229337183, "v": 338728885, "key": 0, "osmid": "545009096", "highway": "tertiary", "lanes": "2", "maxspeed": "50", "name": "Zum Flughafen", "ref": "ERH 3", "oneway": false, "reversed": "False", "length": 11.627220672449432, "junction": null, "width": null, "service": null, "access": null, "bridge": null }, "geometry": { "type": "LineString", "coordinates": [ [ 10.8854696, 49.5693582 ], [ 10.8856228, 49.5693908 ] ] } },
{ "type": "Feature", "properties": { "u": 7229337183, "v": 7229337184, "key": 0, "osmid": "774890713", "highway": "service", "lanes": null, "maxspeed": null, "name": null, "ref": null, "oneway": false, "reversed": "True", "length": 3.9923903387511102, "junction": null, "width": null, "service": null, "access": null, "bridge": null }, "geometry": { "type": "LineString", "coordinates": [ [ 10.8854696, 49.5693582 ], [ 10.8854505, 49.5693919 ] ] } },
{ "type": "Feature", "properties": { "u": 7229337183, "v": 338728896, "key": 0, "osmid": "545009096", "highway": "tertiary", "lanes": "2", "maxspeed": "50", "name": "Zum Flughafen", "ref": "ERH 3", "oneway": false, "reversed": "True", "length": 14.915758673090229, "junction": null, "width": null, "service": null, "access": null, "bridge": null }, "geometry": { "type": "LineString", "coordinates": [ [ 10.8854696, 49.5693582 ], [ 10.8853919, 49.5693377 ], [ 10.8853214, 49.5693078 ], [ 10.8852899, 49.5692932 ] ] } },
{ "type": "Feature", "properties": { "u": 7229337184, "v": 7229337183, "key": 0, "osmid": "774890713", "highway": "service", "lanes": null, "maxspeed": null, "name": null, "ref": null, "oneway": false, "reversed": "False", "length": 3.9923903387511102, "junction": null, "width": null, "service": null, "access": null, "bridge": null }, "geometry": { "type": "LineString", "coordinates": [ [ 10.8854505, 49.5693919 ], [ 10.8854696, 49.5693582 ] ] } },
{ "type": "Feature", "properties": { "u": 7229337184, "v": 3835514265, "key": 0, "osmid": "380209350", "highway": "footway", "lanes": null, "maxspeed": null, "name": null, "ref": null, "oneway": false, "reversed": "False", "length": 10.728897088021466, "junction": null, "width": null, "service": null, "access": null, "bridge": null }, "geometry": { "type": "LineString", "coordinates": [ [ 10.8854505, 49.5693919 ], [ 10.8855168, 49.5694153 ], [ 10.8855383, 49.5694327 ], [ 10.8855508, 49.5694566 ] ] } },
{ "type": "Feature", "properties": { "u": 7229337184, "v": 9959067327, "key": 0, "osmid": "380209350", "highway": "footway", "lanes": null, "maxspeed": null, "name": null, "ref": null, "oneway": false, "reversed": "True", "length": 12.465180987198261, "junction": null, "width": null, "service": null, "access": null, "bridge": null }, "geometry": { "type": "LineString", "coordinates": [ [ 10.8854505, 49.5693919 ], [ 10.8854136, 49.5693805 ], [ 10.8853143, 49.5693492 ], [ 10.8852958, 49.569342 ] ] } },
{ "type": "Feature", "properties": { "u": 7229337184, "v": 7229337180, "key": 0, "osmid": "774890713", "highway": "service", "lanes": null, "maxspeed": null, "name": null, "ref": null, "oneway": false, "reversed": "True", "length": 38.81440784556122, "junction": null, "width": null, "service": null, "access": null, "bridge": null }, "geometry": { "type": "LineString", "coordinates": [ [ 10.8854505, 49.5693919 ], [ 10.8853142, 49.569641 ], [ 10.8853087, 49.5696659 ], [ 10.8853498, 49.5697192 ] ] } },
{ "type": "Feature", "properties": { "u": 7257519056, "v": 7257519057, "key": 0, "osmid": "777674487", "highway": "service", "lanes": null, "maxspeed": null, "name": null, "ref": null, "oneway": false, "reversed": "False", "length": 7.397453809743884, "junction": null, "width": null, "service": null, "access": null, "bridge": null }, "geometry": { "type": "LineString", "coordinates": [ [ 10.8917522, 49.5715567 ], [ 10.8917847, 49.5714936 ] ] } },
{ "type": "Feature", "properties": { "u": 7257519056, "v": 28099593, "key": 0, "osmid": "30604958", "highway": "tertiary", "lanes": "2", "maxspeed": "50", "name": "Zum Flughafen", "ref": "ERH 3", "oneway": false, "reversed": "False", "length": 49.291934660132988, "junction": null, "width": null, "service": null, "access": null, "bridge": null }, "geometry": { "type": "LineString", "coordinates": [ [ 10.8917522, 49.5715567 ], [ 10.8920463, 49.5716476 ], [ 10.892351, 49.5717692 ] ] } },
{ "type": "Feature", "properties": { "u": 7257519056, "v": 330429925, "key": 0, "osmid": "30604958", "highway": "tertiary", "lanes": "2", "maxspeed": "50", "name": "Zum Flughafen", "ref": "ERH 3", "oneway": false, "reversed": "True", "length": 59.438967089894476, "junction": null, "width": null, "service": null, "access": null, "bridge": null }, "geometry": { "type": "LineString", "coordinates": [ [ 10.8917522, 49.5715567 ], [ 10.8915964, 49.5715086 ], [ 10.8909928, 49.5713492 ] ] } },
{ "type": "Feature", "properties": { "u": 7257519057, "v": 7257519056, "key": 0, "osmid": "777674487", "highway": "service", "lanes": null, "maxspeed": null, "name": null, "ref": null, "oneway": false, "reversed": "True", "length": 7.397453809743884, "junction": null, "width": null, "service": null, "access": null, "bridge": null }, "geometry": { "type": "LineString", "coordinates": [ [ 10.8917847, 49.5714936 ], [ 10.8917522, 49.5715567 ] ] } },
{ "type": "Feature", "properties": { "u": 7257519057, "v": 3835525749, "key": 0, "osmid": "30079774", "highway": "path", "lanes": null, "maxspeed": null, "name": null, "ref": null, "oneway": false, "reversed": "False", "length": 52.362178117132572, "junction": null, "width": null, "service": null, "access": null, "bridge": null }, "geometry": { "type": "LineString", "coordinates": [ [ 10.8917847, 49.5714936 ], [ 10.8913979, 49.5713983 ], [ 10.8911086, 49.5713219 ] ] } },
{ "type": "Feature", "properties": { "u": 7257519057, "v": 7257519060, "key": 0, "osmid": "777674487", "highway": "service", "lanes": null, "maxspeed": null, "name": null, "ref": null, "oneway": false, "reversed": "False", "length": 44.117290456167581, "junction": null, "width": null, "service": null, "access": null, "bridge": null }, "geometry": { "type": "LineString", "coordinates": [ [ 10.8917847, 49.5714936 ], [ 10.8918332, 49.5713946 ], [ 10.8918772, 49.5712822 ], [ 10.8919391, 49.5711099 ] ] } },
{ "type": "Feature", "properties": { "u": 7257519060, "v": 7257519057, "key": 0, "osmid": "777674487", "highway": "service", "lanes": null, "maxspeed": null, "name": null, "ref": null, "oneway": false, "reversed": "True", "length": 44.117290456167581, "junction": null, "width": null, "service": null, "access": null, "bridge": null }, "geometry": { "type": "LineString", "coordinates": [ [ 10.8919391, 49.5711099 ], [ 10.8918772, 49.5712822 ], [ 10.8918332, 49.5713946 ], [ 10.8917847, 49.5714936 ] ] } },
{ "type": "Feature", "properties": { "u": 7357970585, "v": 7216306807, "key": 0, "osmid": "772903536", "highway": "service", "lanes": null, "maxspeed": null, "name": null, "ref": null, "oneway": false, "reversed": "True", "length": 3.9810200254252348, "junction": null, "width": null, "service": "driveway", "access": "permissive", "bridge": null }, "geometry": { "type": "LineString", "coordinates": [ [ 10.8905738, 49.5690052 ], [ 10.8905196, 49.569012 ] ] } },
{ "type": "Feature", "properties": { "u": 7357970585, "v": 11862555301, "key": 0, "osmid": "380206451", "highway": "footway", "lanes": null, "maxspeed": null, "name": null, "ref": null, "oneway": false, "reversed": "False", "length": 112.84154064742063, "junction": null, "width": null, "service": null, "access": null, "bridge": null }, "geometry": { "type": "LineString", "coordinates": [ [ 10.8905738, 49.5690052 ], [ 10.8905074, 49.5688537 ], [ 10.890498, 49.5688033 ], [ 10.8904846, 49.568611 ], [ 10.8904698, 49.5682023 ], [ 10.8904631, 49.5680718 ], [ 10.8904586, 49.5679972 ] ] } },
{ "type": "Feature", "properties": { "u": 7357970585, "v": 3867609158, "key": 0, "osmid": "380206451", "highway": "footway", "lanes": null, "maxspeed": null, "name": null, "ref": null, "oneway": false, "reversed": "True", "length": 153.32740577919762, "junction": null, "width": null, "service": null, "access": null, "bridge": null }, "geometry": { "type": "LineString", "coordinates": [ [ 10.8905738, 49.5690052 ], [ 10.8906013, 49.5690624 ], [ 10.8906764, 49.5692268 ], [ 10.8907112, 49.5693147 ], [ 10.8908252, 49.5695852 ], [ 10.8908507, 49.5696513 ], [ 10.8909057, 49.5698896 ], [ 10.8909231, 49.5699557 ], [ 10.8909821, 49.5702418 ], [ 10.8909955, 49.5702879 ], [ 10.8910197, 49.5703114 ], [ 10.8910452, 49.5703192 ], [ 10.8910457, 49.5703373 ] ] } },
{ "type": "Feature", "properties": { "u": 7357970585, "v": 7216306805, "key": 0, "osmid": "772903536", "highway": "service", "lanes": null, "maxspeed": null, "name": null, "ref": null, "oneway": false, "reversed": "False", "length": 35.407217089684899, "junction": null, "width": null, "service": "driveway", "access": "permissive", "bridge": null }, "geometry": { "type": "LineString", "coordinates": [ [ 10.8905738, 49.5690052 ], [ 10.8909018, 49.5689642 ], [ 10.8909474, 49.5690616 ] ] } },
{ "type": "Feature", "properties": { "u": 7517836796, "v": 3835490918, "key": 0, "osmid": "380206451", "highway": "footway", "lanes": null, "maxspeed": null, "name": null, "ref": null, "oneway": false, "reversed": "False", "length": 1.7574889970817928, "junction": null, "width": null, "service": null, "access": null, "bridge": null }, "geometry": { "type": "LineString", "coordinates": [ [ 10.8911463, 49.5674117 ], [ 10.8911706, 49.5674129 ] ] } },
{ "type": "Feature", "properties": { "u": 7517836796, "v": 3835497743, "key": 0, "osmid": "380206451", "highway": "footway", "lanes": null, "maxspeed": null, "name": null, "ref": null, "oneway": false, "reversed": "True", "length": 53.637894051735231, "junction": null, "width": null, "service": null, "access": null, "bridge": null }, "geometry": { "type": "LineString", "coordinates": [ [ 10.8911463, 49.5674117 ], [ 10.891062, 49.5674076 ], [ 10.8908984, 49.5673963 ], [ 10.8908555, 49.5673876 ], [ 10.89072, 49.5673711 ], [ 10.8906288, 49.5673598 ], [ 10.890547, 49.567372 ], [ 10.8904826, 49.5674033 ], [ 10.8904598, 49.5674355 ] ] } },
{ "type": "Feature", "properties": { "u": 7517836796, "v": 11862555304, "key": 0, "osmid": [ 1277017302, 1277016406, 1277016408, 1277017402, 1277017403, 1277016407 ], "highway": [ "steps", "footway" ], "lanes": null, "maxspeed": null, "name": null, "ref": null, "oneway": false, "reversed": "True", "length": 66.026847532616856, "junction": null, "width": null, "service": null, "access": null, "bridge": null }, "geometry": { "type": "LineString", "coordinates": [ [ 10.8911463, 49.5674117 ], [ 10.8911481, 49.5674806 ], [ 10.8912347, 49.5675457 ], [ 10.8912374, 49.5675732 ], [ 10.8912755, 49.5679581 ], [ 10.891277, 49.567973 ], [ 10.8912781, 49.5679837 ] ] } },
{ "type": "Feature", "properties": { "u": 7553028477, "v": 7553028478, "key": 0, "osmid": "807686544", "highway": "service", "lanes": null, "maxspeed": null, "name": null, "ref": null, "oneway": false, "reversed": "False", "length": 22.273178286234529, "junction": null, "width": null, "service": null, "access": null, "bridge": null }, "geometry": { "type": "LineString", "coordinates": [ [ 10.8848719, 49.5694251 ], [ 10.8846404, 49.5692925 ] ] } },
{ "type": "Feature", "properties": { "u": 7553028478, "v": 7553028477, "key": 0, "osmid": "807686544", "highway": "service", "lanes": null, "maxspeed": null, "name": null, "ref": null, "oneway": false, "reversed": "True", "length": 22.273178286234529, "junction": null, "width": null, "service": null, "access": null, "bridge": null }, "geometry": { "type": "LineString", "coordinates": [ [ 10.8846404, 49.5692925 ], [ 10.8848719, 49.5694251 ] ] } },
{ "type": "Feature", "properties": { "u": 7553028478, "v": 3867610370, "key": 0, "osmid": "23815065", "highway": "residential", "lanes": null, "maxspeed": "30", "name": "Am Hallertürlein", "ref": null, "oneway": false, "reversed": "True", "length": 31.08070794525009, "junction": null, "width": "6.5", "service": null, "access": null, "bridge": null }, "geometry": { "type": "LineString", "coordinates": [ [ 10.8846404, 49.5692925 ], [ 10.8846671, 49.5692738 ], [ 10.8847552, 49.569193 ], [ 10.8849026, 49.5690709 ] ] } },
{ "type": "Feature", "properties": { "u": 8253845340, "v": 3832875659, "key": 0, "osmid": "887749020", "highway": "service", "lanes": null, "maxspeed": null, "name": null, "ref": null, "oneway": false, "reversed": "True", "length": 24.91431733931471, "junction": null, "width": null, "service": null, "access": null, "bridge": null }, "geometry": { "type": "LineString", "coordinates": [ [ 10.8912038, 49.5695861 ], [ 10.8914996, 49.5696102 ], [ 10.891544, 49.5696209 ] ] } },
{ "type": "Feature", "properties": { "u": 8553233266, "v": 8553233267, "key": 0, "osmid": "921244166", "highway": "service", "lanes": null, "maxspeed": null, "name": null, "ref": null, "oneway": false, "reversed": "True", "length": 39.747902488192452, "junction": null, "width": null, "service": null, "access": null, "bridge": null }, "geometry": { "type": "LineString", "coordinates": [ [ 10.8898408, 49.5706741 ], [ 10.8896897, 49.5706777 ], [ 10.8896872, 49.5709371 ] ] } },
{ "type": "Feature", "properties": { "u": 8553233267, "v": 3458817474, "key": 0, "osmid": "921244166", "highway": "service", "lanes": null, "maxspeed": null, "name": null, "ref": null, "oneway": false, "reversed": "True", "length": 6.6051296808111468, "junction": null, "width": null, "service": null, "access": null, "bridge": null }, "geometry": { "type": "LineString", "coordinates": [ [ 10.8896872, 49.5709371 ], [ 10.8896866, 49.5709965 ] ] } },
{ "type": "Feature", "properties": { "u": 8553233267, "v": 331317091, "key": 0, "osmid": "30079774", "highway": "path", "lanes": null, "maxspeed": null, "name": null, "ref": null, "oneway": false, "reversed": "False", "length": 121.88859375460842, "junction": null, "width": null, "service": null, "access": null, "bridge": null }, "geometry": { "type": "LineString", "coordinates": [ [ 10.8896872, 49.5709371 ], [ 10.8895858, 49.5708935 ], [ 10.8891673, 49.570647 ], [ 10.8885553, 49.5702079 ], [ 10.888476, 49.5701795 ] ] } },
{ "type": "Feature", "properties": { "u": 8553233267, "v": 3835525750, "key": 0, "osmid": "30079774", "highway": "path", "lanes": null, "maxspeed": null, "name": null, "ref": null, "oneway": false, "reversed": "True", "length": 96.162719130219173, "junction": null, "width": null, "service": null, "access": null, "bridge": null }, "geometry": { "type": "LineString", "coordinates": [ [ 10.8896872, 49.5709371 ], [ 10.8898211, 49.5709948 ], [ 10.8900444, 49.5710666 ], [ 10.8909108, 49.571274 ] ] } },
{ "type": "Feature", "properties": { "u": 8553233267, "v": 8553233266, "key": 0, "osmid": "921244166", "highway": "service", "lanes": null, "maxspeed": null, "name": null, "ref": null, "oneway": false, "reversed": "False", "length": 39.747902488192452, "junction": null, "width": null, "service": null, "access": null, "bridge": null }, "geometry": { "type": "LineString", "coordinates": [ [ 10.8896872, 49.5709371 ], [ 10.8896897, 49.5706777 ], [ 10.8898408, 49.5706741 ] ] } },
{ "type": "Feature", "properties": { "u": 8796180645, "v": 338728885, "key": 0, "osmid": "545009096", "highway": "tertiary", "lanes": "2", "maxspeed": "50", "name": "Zum Flughafen", "ref": "ERH 3", "oneway": false, "reversed": "True", "length": 31.624089469444812, "junction": null, "width": null, "service": null, "access": null, "bridge": null }, "geometry": { "type": "LineString", "coordinates": [ [ 10.8860249, 49.5695043 ], [ 10.8856228, 49.5693908 ] ] } },
{ "type": "Feature", "properties": { "u": 8796180645, "v": 8796180646, "key": 0, "osmid": "950162718", "highway": "service", "lanes": null, "maxspeed": null, "name": null, "ref": null, "oneway": false, "reversed": "False", "length": 4.7605885007329407, "junction": null, "width": null, "service": "driveway", "access": "private", "bridge": null }, "geometry": { "type": "LineString", "coordinates": [ [ 10.8860249, 49.5695043 ], [ 10.8860662, 49.5694709 ] ] } },
{ "type": "Feature", "properties": { "u": 8796180645, "v": 28099684, "key": 0, "osmid": [ 545009096, 545009095 ], "highway": "tertiary", "lanes": "2", "maxspeed": "50", "name": "Zum Flughafen", "ref": "ERH 3", "oneway": false, "reversed": "False", "length": 173.00911567275941, "junction": null, "width": null, "service": null, "access": null, "bridge": null }, "geometry": { "type": "LineString", "coordinates": [ [ 10.8860249, 49.5695043 ], [ 10.8874437, 49.5699101 ], [ 10.8878465, 49.5700262 ], [ 10.8881831, 49.5701234 ], [ 10.8882178, 49.5701353 ] ] } },
{ "type": "Feature", "properties": { "u": 8796180646, "v": 8796180645, "key": 0, "osmid": "950162718", "highway": "service", "lanes": null, "maxspeed": null, "name": null, "ref": null, "oneway": false, "reversed": "True", "length": 4.7605885007329407, "junction": null, "width": null, "service": "driveway", "access": "private", "bridge": null }, "geometry": { "type": "LineString", "coordinates": [ [ 10.8860662, 49.5694709 ], [ 10.8860249, 49.5695043 ] ] } },
{ "type": "Feature", "properties": { "u": 8796180646, "v": 9961172162, "key": 0, "osmid": [ 381268800, 380209348 ], "highway": [ "path", "footway" ], "lanes": null, "maxspeed": null, "name": null, "ref": null, "oneway": false, "reversed": "False", "length": 164.66127075032412, "junction": null, "width": null, "service": null, "access": null, "bridge": null }, "geometry": { "type": "LineString", "coordinates": [ [ 10.8860662, 49.5694709 ], [ 10.8861539, 49.5694909 ], [ 10.8863322, 49.5695388 ], [ 10.8864526, 49.5695684 ], [ 10.8865803, 49.5695997 ], [ 10.8868499, 49.5696771 ], [ 10.8870658, 49.5697432 ], [ 10.8873783, 49.5698267 ], [ 10.8876264, 49.5698945 ], [ 10.8878919, 49.569971 ], [ 10.8881034, 49.5700424 ], [ 10.8881572, 49.5700629 ] ] } },
{ "type": "Feature", "properties": { "u": 8796180646, "v": 3835514236, "key": 0, "osmid": "380209348", "highway": "footway", "lanes": null, "maxspeed": null, "name": null, "ref": null, "oneway": false, "reversed": "True", "length": 58.24057678232694, "junction": null, "width": null, "service": null, "access": null, "bridge": null }, "geometry": { "type": "LineString", "coordinates": [ [ 10.8860662, 49.5694709 ], [ 10.8859406, 49.5694422 ], [ 10.8856979, 49.5693718 ], [ 10.8855396, 49.5693318 ], [ 10.8854028, 49.5692952 ], [ 10.8853277, 49.5692622 ] ] } },
{ "type": "Feature", "properties": { "u": 8796180646, "v": 8796180647, "key": 0, "osmid": "950162718", "highway": "service", "lanes": null, "maxspeed": null, "name": null, "ref": null, "oneway": false, "reversed": "False", "length": 34.376839256383171, "junction": null, "width": null, "service": "driveway", "access": "private", "bridge": null }, "geometry": { "type": "LineString", "coordinates": [ [ 10.8860662, 49.5694709 ], [ 10.8860985, 49.569452 ], [ 10.88642, 49.5692637 ] ] } },
{ "type": "Feature", "properties": { "u": 8796180647, "v": 8796180646, "key": 0, "osmid": "950162718", "highway": "service", "lanes": null, "maxspeed": null, "name": null, "ref": null, "oneway": false, "reversed": "True", "length": 34.376839256383171, "junction": null, "width": null, "service": "driveway", "access": "private", "bridge": null }, "geometry": { "type": "LineString", "coordinates": [ [ 10.88642, 49.5692637 ], [ 10.8860985, 49.569452 ], [ 10.8860662, 49.5694709 ] ] } },
{ "type": "Feature", "properties": { "u": 8839934708, "v": 8839934712, "key": 0, "osmid": [ 955087184, 955087183 ], "highway": [ "path", "service" ], "lanes": null, "maxspeed": null, "name": null, "ref": null, "oneway": false, "reversed": "False", "length": 42.473058760921496, "junction": null, "width": null, "service": "driveway", "access": null, "bridge": null }, "geometry": { "type": "LineString", "coordinates": [ [ 10.885079, 49.5701124 ], [ 10.8849297, 49.5701644 ], [ 10.8848993, 49.5701393 ], [ 10.884761, 49.5701626 ], [ 10.8846068, 49.570271 ] ] } },
{ "type": "Feature", "properties": { "u": 8839934712, "v": 338738376, "key": 0, "osmid": "30626565", "highway": "residential", "lanes": null, "maxspeed": "30", "name": "Edergasse", "ref": null, "oneway": false, "reversed": "True", "length": 98.9487841547503, "junction": null, "width": "3", "service": null, "access": null, "bridge": null }, "geometry": { "type": "LineString", "coordinates": [ [ 10.8846068, 49.570271 ], [ 10.8847426, 49.5703338 ], [ 10.8848518, 49.5704247 ], [ 10.8850301, 49.5706318 ], [ 10.8852829, 49.5709005 ], [ 10.8854272, 49.5709665 ] ] } },
{ "type": "Feature", "properties": { "u": 8839934712, "v": 8839934708, "key": 0, "osmid": [ 955087184, 955087183 ], "highway": [ "path", "service" ], "lanes": null, "maxspeed": null, "name": null, "ref": null, "oneway": false, "reversed": "True", "length": 42.473058760921496, "junction": null, "width": null, "service": "driveway", "access": null, "bridge": null }, "geometry": { "type": "LineString", "coordinates": [ [ 10.8846068, 49.570271 ], [ 10.884761, 49.5701626 ], [ 10.8848993, 49.5701393 ], [ 10.8849297, 49.5701644 ], [ 10.885079, 49.5701124 ] ] } },
{ "type": "Feature", "properties": { "u": 8839963629, "v": 338728888, "key": 0, "osmid": "955087186", "highway": "service", "lanes": null, "maxspeed": null, "name": null, "ref": null, "oneway": false, "reversed": "True", "length": 3.8667207827658663, "junction": null, "width": null, "service": "driveway", "access": null, "bridge": null }, "geometry": { "type": "LineString", "coordinates": [ [ 10.8859642, 49.5703201 ], [ 10.8860122, 49.5703046 ] ] } },
{ "type": "Feature", "properties": { "u": 8839963629, "v": 3835514282, "key": 0, "osmid": "380209350", "highway": "footway", "lanes": null, "maxspeed": null, "name": null, "ref": null, "oneway": false, "reversed": "False", "length": 69.349215007993195, "junction": null, "width": null, "service": null, "access": null, "bridge": null }, "geometry": { "type": "LineString", "coordinates": [ [ 10.8859642, 49.5703201 ], [ 10.885981, 49.5703657 ], [ 10.8860253, 49.5704892 ], [ 10.8860601, 49.5705866 ], [ 10.8860695, 49.5706483 ], [ 10.8860561, 49.5706901 ], [ 10.886032, 49.5707231 ], [ 10.8859904, 49.5707536 ], [ 10.8859207, 49.5707866 ], [ 10.8858174, 49.5708266 ], [ 10.8857678, 49.5708379 ] ] } },
{ "type": "Feature", "properties": { "u": 8839963629, "v": 8839963634, "key": 0, "osmid": "380209350", "highway": "footway", "lanes": null, "maxspeed": null, "name": null, "ref": null, "oneway": false, "reversed": "True", "length": 40.876155411903788, "junction": null, "width": null, "service": null, "access": null, "bridge": null }, "geometry": { "type": "LineString", "coordinates": [ [ 10.8859642, 49.5703201 ], [ 10.8859367, 49.5702456 ], [ 10.8859113, 49.5701778 ], [ 10.8858616, 49.5700552 ], [ 10.8858248, 49.5699638 ] ] } },
{ "type": "Feature", "properties": { "u": 8839963629, "v": 8839963631, "key": 0, "osmid": "955087186", "highway": "service", "lanes": null, "maxspeed": null, "name": null, "ref": null, "oneway": false, "reversed": "False", "length": 26.416255757256195, "junction": null, "width": null, "service": "driveway", "access": null, "bridge": null }, "geometry": { "type": "LineString", "coordinates": [ [ 10.8859642, 49.5703201 ], [ 10.885929, 49.5703311 ], [ 10.8856165, 49.5703941 ] ] } },
{ "type": "Feature", "properties": { "u": 8839963631, "v": 8839963629, "key": 0, "osmid": "955087186", "highway": "service", "lanes": null, "maxspeed": null, "name": null, "ref": null, "oneway": false, "reversed": "True", "length": 26.416255757256195, "junction": null, "width": null, "service": "driveway", "access": null, "bridge": null }, "geometry": { "type": "LineString", "coordinates": [ [ 10.8856165, 49.5703941 ], [ 10.885929, 49.5703311 ], [ 10.8859642, 49.5703201 ] ] } },
{ "type": "Feature", "properties": { "u": 8839963633, "v": 338728888, "key": 0, "osmid": "30625583", "highway": "residential", "lanes": null, "maxspeed": "30", "name": "Plonergasse", "ref": null, "oneway": false, "reversed": "False", "length": 40.147154959299172, "junction": null, "width": "5", "service": null, "access": null, "bridge": null }, "geometry": { "type": "LineString", "coordinates": [ [ 10.8858622, 49.5699569 ], [ 10.8860122, 49.5703046 ] ] } },
{ "type": "Feature", "properties": { "u": 8839963633, "v": 8839963634, "key": 0, "osmid": "955087187", "highway": "service", "lanes": null, "maxspeed": null, "name": null, "ref": null, "oneway": false, "reversed": "False", "length": 2.8040046415865629, "junction": null, "width": null, "service": "driveway", "access": null, "bridge": null }, "geometry": { "type": "LineString", "coordinates": [ [ 10.8858622, 49.5699569 ], [ 10.8858248, 49.5699638 ] ] } },
{ "type": "Feature", "properties": { "u": 8839963633, "v": 3867609972, "key": 0, "osmid": "30625583", "highway": "residential", "lanes": null, "maxspeed": "30", "name": "Plonergasse", "ref": null, "oneway": false, "reversed": "True", "length": 58.381103828997382, "junction": null, "width": "5", "service": null, "access": null, "bridge": null }, "geometry": { "type": "LineString", "coordinates": [ [ 10.8858622, 49.5699569 ], [ 10.8858256, 49.5698721 ], [ 10.8856165, 49.5694567 ] ] } },
{ "type": "Feature", "properties": { "u": 8839963634, "v": 8839963633, "key": 0, "osmid": "955087187", "highway": "service", "lanes": null, "maxspeed": null, "name": null, "ref": null, "oneway": false, "reversed": "True", "length": 2.8040046415865629, "junction": null, "width": null, "service": "driveway", "access": null, "bridge": null }, "geometry": { "type": "LineString", "coordinates": [ [ 10.8858248, 49.5699638 ], [ 10.8858622, 49.5699569 ] ] } },
{ "type": "Feature", "properties": { "u": 8839963634, "v": 8839963629, "key": 0, "osmid": "380209350", "highway": "footway", "lanes": null, "maxspeed": null, "name": null, "ref": null, "oneway": false, "reversed": "False", "length": 40.876155411903788, "junction": null, "width": null, "service": null, "access": null, "bridge": null }, "geometry": { "type": "LineString", "coordinates": [ [ 10.8858248, 49.5699638 ], [ 10.8858616, 49.5700552 ], [ 10.8859113, 49.5701778 ], [ 10.8859367, 49.5702456 ], [ 10.8859642, 49.5703201 ] ] } },
{ "type": "Feature", "properties": { "u": 8839963634, "v": 3835514265, "key": 0, "osmid": "380209350", "highway": "footway", "lanes": null, "maxspeed": null, "name": null, "ref": null, "oneway": false, "reversed": "True", "length": 59.777063723543435, "junction": null, "width": null, "service": null, "access": null, "bridge": null }, "geometry": { "type": "LineString", "coordinates": [ [ 10.8858248, 49.5699638 ], [ 10.885808, 49.5699221 ], [ 10.8857436, 49.5698082 ], [ 10.8856886, 49.5697081 ], [ 10.88558, 49.569509 ], [ 10.8855508, 49.5694566 ] ] } },
{ "type": "Feature", "properties": { "u": 8839963634, "v": 8839963635, "key": 0, "osmid": "955087187", "highway": "service", "lanes": null, "maxspeed": null, "name": null, "ref": null, "oneway": false, "reversed": "False", "length": 46.875337287899853, "junction": null, "width": null, "service": "driveway", "access": null, "bridge": null }, "geometry": { "type": "LineString", "coordinates": [ [ 10.8858248, 49.5699638 ], [ 10.8857936, 49.5699741 ], [ 10.885245, 49.5701544 ] ] } },
{ "type": "Feature", "properties": { "u": 8839963635, "v": 8839963634, "key": 0, "osmid": "955087187", "highway": "service", "lanes": null, "maxspeed": null, "name": null, "ref": null, "oneway": false, "reversed": "True", "length": 46.875337287899853, "junction": null, "width": null, "service": "driveway", "access": null, "bridge": null }, "geometry": { "type": "LineString", "coordinates": [ [ 10.885245, 49.5701544 ], [ 10.8857936, 49.5699741 ], [ 10.8858248, 49.5699638 ] ] } },
{ "type": "Feature", "properties": { "u": 9447934522, "v": 3867680057, "key": 0, "osmid": "273452262", "highway": "service", "lanes": null, "maxspeed": null, "name": null, "ref": null, "oneway": false, "reversed": "False", "length": 12.952680496475089, "junction": null, "width": null, "service": "driveway", "access": null, "bridge": null }, "geometry": { "type": "LineString", "coordinates": [ [ 10.8878729, 49.5674932 ], [ 10.887829, 49.5674354 ], [ 10.8877945, 49.5673884 ] ] } },
{ "type": "Feature", "properties": { "u": 9447934522, "v": 4924799673, "key": 0, "osmid": [ 273452262, 331465726 ], "highway": [ "service", "footway" ], "lanes": null, "maxspeed": null, "name": null, "ref": null, "oneway": false, "reversed": "True", "length": 183.29445174854334, "junction": null, "width": null, "service": "driveway", "access": null, "bridge": null }, "geometry": { "type": "LineString", "coordinates": [ [ 10.8878729, 49.5674932 ], [ 10.8878883, 49.5675134 ], [ 10.8879741, 49.567623 ], [ 10.888068, 49.5676893 ], [ 10.888178, 49.5677222 ], [ 10.8883416, 49.5677622 ], [ 10.8885106, 49.5677726 ], [ 10.8886366, 49.5677726 ], [ 10.8886674, 49.5678511 ], [ 10.888713, 49.5680207 ], [ 10.8887491, 49.5680582 ], [ 10.8887946, 49.5680813 ], [ 10.8889585, 49.5680979 ], [ 10.8893263, 49.5682208 ], [ 10.8893684, 49.56822 ], [ 10.8898168, 49.5682073 ] ] } },
{ "type": "Feature", "properties": { "u": 9447934522, "v": 9447934523, "key": 0, "osmid": "803682649", "highway": "footway", "lanes": null, "maxspeed": null, "name": null, "ref": null, "oneway": false, "reversed": "True", "length": 80.235704816133705, "junction": null, "width": null, "service": null, "access": null, "bridge": null }, "geometry": { "type": "LineString", "coordinates": [ [ 10.8878729, 49.5674932 ], [ 10.8879138, 49.5674819 ], [ 10.8886013, 49.5673919 ], [ 10.8886174, 49.5673501 ], [ 10.888551, 49.5671775 ], [ 10.8885431, 49.5671614 ] ] } },
{ "type": "Feature", "properties": { "u": 9447934523, "v": 9447934522, "key": 0, "osmid": "803682649", "highway": "footway", "lanes": null, "maxspeed": null, "name": null, "ref": null, "oneway": false, "reversed": "False", "length": 80.235704816133719, "junction": null, "width": null, "service": null, "access": null, "bridge": null }, "geometry": { "type": "LineString", "coordinates": [ [ 10.8885431, 49.5671614 ], [ 10.888551, 49.5671775 ], [ 10.8886174, 49.5673501 ], [ 10.8886013, 49.5673919 ], [ 10.8879138, 49.5674819 ], [ 10.8878729, 49.5674932 ] ] } },
{ "type": "Feature", "properties": { "u": 9447934523, "v": 9959047013, "key": 0, "osmid": "1276073629", "highway": "footway", "lanes": null, "maxspeed": null, "name": null, "ref": null, "oneway": false, "reversed": "False", "length": 96.901912507993615, "junction": null, "width": null, "service": null, "access": null, "bridge": null }, "geometry": { "type": "LineString", "coordinates": [ [ 10.8885431, 49.5671614 ], [ 10.8887566, 49.5671163 ], [ 10.8889202, 49.5671015 ], [ 10.8891241, 49.5670936 ], [ 10.8893293, 49.5670945 ], [ 10.8894929, 49.5671067 ], [ 10.8895827, 49.5671197 ], [ 10.8897611, 49.5671484 ], [ 10.889858, 49.5671729 ] ] } },
{ "type": "Feature", "properties": { "u": 9447934523, "v": 3867680057, "key": 0, "osmid": "1276073629", "highway": "footway", "lanes": null, "maxspeed": null, "name": null, "ref": null, "oneway": false, "reversed": "True", "length": 59.827894868618273, "junction": null, "width": null, "service": null, "access": null, "bridge": null }, "geometry": { "type": "LineString", "coordinates": [ [ 10.8885431, 49.5671614 ], [ 10.8885099, 49.5671684 ], [ 10.8883154, 49.5672093 ], [ 10.8881813, 49.5672467 ], [ 10.8879399, 49.5673363 ], [ 10.8877945, 49.5673884 ] ] } },
{ "type": "Feature", "properties": { "u": 9959047013, "v": 331459942, "key": 0, "osmid": "1086932998", "highway": "footway", "lanes": null, "maxspeed": null, "name": null, "ref": null, "oneway": false, "reversed": "True", "length": 1.2761727432644063, "junction": null, "width": null, "service": null, "access": null, "bridge": null }, "geometry": { "type": "LineString", "coordinates": [ [ 10.889858, 49.5671729 ], [ 10.8898516, 49.5671836 ] ] } },
{ "type": "Feature", "properties": { "u": 9959047013, "v": 3835497705, "key": 0, "osmid": "1276073629", "highway": "footway", "lanes": null, "maxspeed": null, "name": null, "ref": null, "oneway": false, "reversed": "False", "length": 13.285939111827394, "junction": null, "width": null, "service": null, "access": null, "bridge": null }, "geometry": { "type": "LineString", "coordinates": [ [ 10.889858, 49.5671729 ], [ 10.8899757, 49.5672023 ], [ 10.890029, 49.5672173 ] ] } },
{ "type": "Feature", "properties": { "u": 9959047013, "v": 9447934523, "key": 0, "osmid": "1276073629", "highway": "footway", "lanes": null, "maxspeed": null, "name": null, "ref": null, "oneway": false, "reversed": "True", "length": 96.901912507993615, "junction": null, "width": null, "service": null, "access": null, "bridge": null }, "geometry": { "type": "LineString", "coordinates": [ [ 10.889858, 49.5671729 ], [ 10.8897611, 49.5671484 ], [ 10.8895827, 49.5671197 ], [ 10.8894929, 49.5671067 ], [ 10.8893293, 49.5670945 ], [ 10.8891241, 49.5670936 ], [ 10.8889202, 49.5671015 ], [ 10.8887566, 49.5671163 ], [ 10.8885431, 49.5671614 ] ] } },
{ "type": "Feature", "properties": { "u": 9959067327, "v": 3835514259, "key": 0, "osmid": "380209350", "highway": "footway", "lanes": null, "maxspeed": null, "name": null, "ref": null, "oneway": false, "reversed": "True", "length": 3.7357394481476405, "junction": null, "width": null, "service": null, "access": null, "bridge": null }, "geometry": { "type": "LineString", "coordinates": [ [ 10.8852958, 49.569342 ], [ 10.8852513, 49.5693248 ] ] } },
{ "type": "Feature", "properties": { "u": 9959067327, "v": 338371279, "key": 0, "osmid": "1086936564", "highway": "footway", "lanes": null, "maxspeed": null, "name": null, "ref": null, "oneway": false, "reversed": "True", "length": 1.1479972802447913, "junction": null, "width": null, "service": null, "access": null, "bridge": null }, "geometry": { "type": "LineString", "coordinates": [ [ 10.8852958, 49.569342 ], [ 10.885288, 49.569351 ] ] } },
{ "type": "Feature", "properties": { "u": 9959067327, "v": 7229337184, "key": 0, "osmid": "380209350", "highway": "footway", "lanes": null, "maxspeed": null, "name": null, "ref": null, "oneway": false, "reversed": "False", "length": 12.465180987198263, "junction": null, "width": null, "service": null, "access": null, "bridge": null }, "geometry": { "type": "LineString", "coordinates": [ [ 10.8852958, 49.569342 ], [ 10.8853143, 49.5693492 ], [ 10.8854136, 49.5693805 ], [ 10.8854505, 49.5693919 ] ] } },
{ "type": "Feature", "properties": { "u": 9961150345, "v": 331499544, "key": 0, "osmid": "1087167404", "highway": "footway", "lanes": null, "maxspeed": null, "name": null, "ref": null, "oneway": false, "reversed": "True", "length": 1.325431267120144, "junction": null, "width": null, "service": null, "access": null, "bridge": null }, "geometry": { "type": "LineString", "coordinates": [ [ 10.8866601, 49.567639 ], [ 10.8866627, 49.5676508 ] ] } },
{ "type": "Feature", "properties": { "u": 9961150345, "v": 3867609967, "key": 0, "osmid": "380209340", "highway": "footway", "lanes": null, "maxspeed": null, "name": null, "ref": null, "oneway": false, "reversed": "False", "length": 101.98372678524716, "junction": null, "width": null, "service": null, "access": null, "bridge": null }, "geometry": { "type": "LineString", "coordinates": [ [ 10.8866601, 49.567639 ], [ 10.886519, 49.5676522 ], [ 10.8862481, 49.5676652 ], [ 10.8859624, 49.5676652 ], [ 10.885711, 49.5676513 ], [ 10.8854649, 49.5676583 ], [ 10.8853737, 49.56766 ], [ 10.885312, 49.5676635 ], [ 10.8852496, 49.5676619 ] ] } },
{ "type": "Feature", "properties": { "u": 9961150345, "v": 3835513841, "key": 0, "osmid": "380209340", "highway": "footway", "lanes": null, "maxspeed": null, "name": null, "ref": null, "oneway": false, "reversed": "True", "length": 20.999267223272401, "junction": null, "width": null, "service": null, "access": null, "bridge": null }, "geometry": { "type": "LineString", "coordinates": [ [ 10.8866601, 49.567639 ], [ 10.8867148, 49.5676339 ], [ 10.8869468, 49.5676061 ] ] } },
{ "type": "Feature", "properties": { "u": 9961172162, "v": 3835514250, "key": 0, "osmid": "381268800", "highway": "path", "lanes": null, "maxspeed": null, "name": null, "ref": null, "oneway": false, "reversed": "False", "length": 7.6163918432901729, "junction": null, "width": null, "service": null, "access": null, "bridge": null }, "geometry": { "type": "LineString", "coordinates": [ [ 10.8881572, 49.5700629 ], [ 10.8882488, 49.570097 ] ] } },
{ "type": "Feature", "properties": { "u": 9961172162, "v": 338370393, "key": 0, "osmid": "1087175251", "highway": "footway", "lanes": null, "maxspeed": null, "name": null, "ref": null, "oneway": false, "reversed": "True", "length": 0.86087664204438497, "junction": null, "width": null, "service": null, "access": null, "bridge": null }, "geometry": { "type": "LineString", "coordinates": [ [ 10.8881572, 49.5700629 ], [ 10.8881623, 49.5700559 ] ] } },
{ "type": "Feature", "properties": { "u": 9961172162, "v": 8796180646, "key": 0, "osmid": [ 381268800, 380209348 ], "highway": [ "path", "footway" ], "lanes": null, "maxspeed": null, "name": null, "ref": null, "oneway": false, "reversed": "True", "length": 164.66127075032418, "junction": null, "width": null, "service": null, "access": null, "bridge": null }, "geometry": { "type": "LineString", "coordinates": [ [ 10.8881572, 49.5700629 ], [ 10.8881034, 49.5700424 ], [ 10.8878919, 49.569971 ], [ 10.8876264, 49.5698945 ], [ 10.8873783, 49.5698267 ], [ 10.8870658, 49.5697432 ], [ 10.8868499, 49.5696771 ], [ 10.8865803, 49.5695997 ], [ 10.8864526, 49.5695684 ], [ 10.8863322, 49.5695388 ], [ 10.8861539, 49.5694909 ], [ 10.8860662, 49.5694709 ] ] } },
{ "type": "Feature", "properties": { "u": 11423582373, "v": 270248404, "key": 0, "osmid": "146456501", "highway": "residential", "lanes": null, "maxspeed": null, "name": "Eichelmühlgasse", "ref": null, "oneway": false, "reversed": "True", "length": 19.027541790038839, "junction": null, "width": "5", "service": null, "access": null, "bridge": null }, "geometry": { "type": "LineString", "coordinates": [ [ 10.8885851, 49.5667621 ], [ 10.8884081, 49.566889 ] ] } },
{ "type": "Feature", "properties": { "u": 11423582373, "v": 11423582374, "key": 0, "osmid": "1231759721", "highway": "service", "lanes": null, "maxspeed": null, "name": null, "ref": null, "oneway": false, "reversed": "False", "length": 4.8896065628368195, "junction": null, "width": null, "service": null, "access": null, "bridge": null }, "geometry": { "type": "LineString", "coordinates": [ [ 10.8885851, 49.5667621 ], [ 10.8886513, 49.5667716 ] ] } },
{ "type": "Feature", "properties": { "u": 11423582374, "v": 11423582373, "key": 0, "osmid": "1231759721", "highway": "service", "lanes": null, "maxspeed": null, "name": null, "ref": null, "oneway": false, "reversed": "True", "length": 4.8896065628368195, "junction": null, "width": null, "service": null, "access": null, "bridge": null }, "geometry": { "type": "LineString", "coordinates": [ [ 10.8886513, 49.5667716 ], [ 10.8885851, 49.5667621 ] ] } },
{ "type": "Feature", "properties": { "u": 11425621685, "v": 258070978, "key": 0, "osmid": [ 23815063, 1231902783 ], "highway": [ "service", "residential" ], "lanes": null, "maxspeed": "30", "name": "Störcher Straße", "ref": null, "oneway": false, "reversed": "True", "length": 73.390300385281833, "junction": null, "width": "6", "service": "driveway", "access": null, "bridge": null }, "geometry": { "type": "LineString", "coordinates": [ [ 10.8863332, 49.5689181 ], [ 10.8862715, 49.5687737 ], [ 10.886183, 49.5687824 ], [ 10.8860686, 49.5687778 ], [ 10.8859585, 49.5687631 ], [ 10.8858832, 49.5687354 ], [ 10.8857425, 49.568504 ] ] } },
{ "type": "Feature", "properties": { "u": 11838889225, "v": 11920492686, "key": 0, "osmid": "1275040459", "highway": "steps", "lanes": null, "maxspeed": null, "name": null, "ref": null, "oneway": false, "reversed": "False", "length": 2.9778742671664045, "junction": null, "width": null, "service": null, "access": null, "bridge": null }, "geometry": { "type": "LineString", "coordinates": [ [ 10.8846062, 49.5676165 ], [ 10.8845696, 49.5676289 ] ] } },
{ "type": "Feature", "properties": { "u": 11838889225, "v": 11920492687, "key": 0, "osmid": [ 380209528, 1275040458 ], "highway": "footway", "lanes": null, "maxspeed": null, "name": null, "ref": null, "oneway": false, "reversed": "False", "length": 15.185306120740483, "junction": null, "width": null, "service": null, "access": null, "bridge": null }, "geometry": { "type": "LineString", "coordinates": [ [ 10.8846062, 49.5676165 ], [ 10.8846043, 49.5676324 ], [ 10.8846868, 49.5677405 ] ] } },
{ "type": "Feature", "properties": { "u": 11838889225, "v": 3835514204, "key": 0, "osmid": [ 1275040454, 1275040455, 1275040456, 1275040457, 1275040458 ], "highway": [ "steps", "footway" ], "lanes": null, "maxspeed": null, "name": null, "ref": null, "oneway": false, "reversed": "True", "length": 23.539403319116147, "junction": null, "width": null, "service": null, "access": null, "bridge": null }, "geometry": { "type": "LineString", "coordinates": [ [ 10.8846062, 49.5676165 ], [ 10.8845845, 49.5676065 ], [ 10.8845739, 49.5675925 ], [ 10.8845635, 49.5675788 ], [ 10.8845533, 49.5675654 ], [ 10.8845272, 49.5675303 ], [ 10.8846037, 49.5675111 ], [ 10.8846895, 49.5675016 ] ] } },
{ "type": "Feature", "properties": { "u": 11838889226, "v": 11920492686, "key": 0, "osmid": "1275040459", "highway": "steps", "lanes": null, "maxspeed": null, "name": null, "ref": null, "oneway": false, "reversed": "True", "length": 0.51600143936959419, "junction": null, "width": null, "service": null, "access": null, "bridge": null }, "geometry": { "type": "LineString", "coordinates": [ [ 10.8845633, 49.5676311 ], [ 10.8845696, 49.5676289 ] ] } },
{ "type": "Feature", "properties": { "u": 11845362958, "v": 270248404, "key": 0, "osmid": "146456501", "highway": "residential", "lanes": null, "maxspeed": null, "name": "Eichelmühlgasse", "ref": null, "oneway": false, "reversed": "False", "length": 11.089855528460069, "junction": null, "width": "5", "service": null, "access": null, "bridge": null }, "geometry": { "type": "LineString", "coordinates": [ [ 10.8883252, 49.566973 ], [ 10.8884081, 49.566889 ] ] } },
{ "type": "Feature", "properties": { "u": 11845362958, "v": 11845362959, "key": 0, "osmid": "1275832980", "highway": "service", "lanes": null, "maxspeed": null, "name": null, "ref": null, "oneway": false, "reversed": "False", "length": 5.2444735510671023, "junction": null, "width": null, "service": "parking_aisle", "access": null, "bridge": null }, "geometry": { "type": "LineString", "coordinates": [ [ 10.8883252, 49.566973 ], [ 10.8883767, 49.5670063 ] ] } },
{ "type": "Feature", "properties": { "u": 11845362958, "v": 3867608761, "key": 0, "osmid": "146456501", "highway": "residential", "lanes": null, "maxspeed": null, "name": "Eichelmühlgasse", "ref": null, "oneway": false, "reversed": "True", "length": 18.396135369271121, "junction": null, "width": "5", "service": null, "access": null, "bridge": null }, "geometry": { "type": "LineString", "coordinates": [ [ 10.8883252, 49.566973 ], [ 10.8882658, 49.5670331 ], [ 10.8882572, 49.5670864 ], [ 10.8882666, 49.5671264 ] ] } },
{ "type": "Feature", "properties": { "u": 11845362959, "v": 11845362958, "key": 0, "osmid": "1275832980", "highway": "service", "lanes": null, "maxspeed": null, "name": null, "ref": null, "oneway": false, "reversed": "True", "length": 5.2444735510671023, "junction": null, "width": null, "service": "parking_aisle", "access": null, "bridge": null }, "geometry": { "type": "LineString", "coordinates": [ [ 10.8883767, 49.5670063 ], [ 10.8883252, 49.566973 ] ] } },
{ "type": "Feature", "properties": { "u": 11862555293, "v": 330429824, "key": 0, "osmid": "30016260", "highway": "residential", "lanes": null, "maxspeed": "30", "name": "Eichendorffstraße", "ref": null, "oneway": false, "reversed": "False", "length": 46.577894877854206, "junction": null, "width": "7", "service": null, "access": null, "bridge": null }, "geometry": { "type": "LineString", "coordinates": [ [ 10.8904371, 49.5684946 ], [ 10.8904133, 49.568076 ] ] } },
{ "type": "Feature", "properties": { "u": 11862555293, "v": 11862555295, "key": 0, "osmid": "1277857973", "highway": "service", "lanes": null, "maxspeed": null, "name": null, "ref": null, "oneway": false, "reversed": "False", "length": 4.3920017702879575, "junction": null, "width": null, "service": "emergency_access", "access": null, "bridge": null }, "geometry": { "type": "LineString", "coordinates": [ [ 10.8904371, 49.5684946 ], [ 10.8903763, 49.5684969 ] ] } },
{ "type": "Feature", "properties": { "u": 11862555293, "v": 7216306807, "key": 0, "osmid": "30016260", "highway": "residential", "lanes": null, "maxspeed": "30", "name": "Eichendorffstraße", "ref": null, "oneway": false, "reversed": "True", "length": 58.088392442935799, "junction": null, "width": "7", "service": null, "access": null, "bridge": null }, "geometry": { "type": "LineString", "coordinates": [ [ 10.8904371, 49.5684946 ], [ 10.8904538, 49.5687875 ], [ 10.8904644, 49.5688726 ], [ 10.8905196, 49.569012 ] ] } },
{ "type": "Feature", "properties": { "u": 11862555295, "v": 11862555293, "key": 0, "osmid": "1277857973", "highway": "service", "lanes": null, "maxspeed": null, "name": null, "ref": null, "oneway": false, "reversed": "True", "length": 4.3920017702879575, "junction": null, "width": null, "service": "emergency_access", "access": null, "bridge": null }, "geometry": { "type": "LineString", "coordinates": [ [ 10.8903763, 49.5684969 ], [ 10.8904371, 49.5684946 ] ] } },
{ "type": "Feature", "properties": { "u": 11862555295, "v": 3867609971, "key": 0, "osmid": "380206458", "highway": "footway", "lanes": null, "maxspeed": null, "name": null, "ref": null, "oneway": false, "reversed": "False", "length": 73.25252016796459, "junction": null, "width": null, "service": null, "access": null, "bridge": null }, "geometry": { "type": "LineString", "coordinates": [ [ 10.8903763, 49.5684969 ], [ 10.8903847, 49.5686349 ], [ 10.8903941, 49.5687358 ], [ 10.8904048, 49.5688558 ], [ 10.890492, 49.5690706 ], [ 10.8905292, 49.569144 ] ] } },
{ "type": "Feature", "properties": { "u": 11862555295, "v": 3867680058, "key": 0, "osmid": "380206458", "highway": "footway", "lanes": null, "maxspeed": null, "name": null, "ref": null, "oneway": false, "reversed": "True", "length": 46.706735619981643, "junction": null, "width": null, "service": null, "access": null, "bridge": null }, "geometry": { "type": "LineString", "coordinates": [ [ 10.8903763, 49.5684969 ], [ 10.8903525, 49.5681061 ], [ 10.8903502, 49.5680772 ] ] } },
{ "type": "Feature", "properties": { "u": 11862555295, "v": 2783016296, "key": 0, "osmid": "1277857973", "highway": "service", "lanes": null, "maxspeed": null, "name": null, "ref": null, "oneway": false, "reversed": "False", "length": 36.170058235855322, "junction": null, "width": null, "service": "emergency_access", "access": null, "bridge": null }, "geometry": { "type": "LineString", "coordinates": [ [ 10.8903763, 49.5684969 ], [ 10.8903613, 49.5684974 ], [ 10.8898756, 49.568516 ] ] } },
{ "type": "Feature", "properties": { "u": 11862555300, "v": 2783016296, "key": 0, "osmid": [ 1277857973, 1277857974 ], "highway": [ "path", "service" ], "lanes": null, "maxspeed": null, "name": null, "ref": null, "oneway": false, "reversed": "True", "length": 92.618108609946347, "junction": null, "width": null, "service": "emergency_access", "access": null, "bridge": null }, "geometry": { "type": "LineString", "coordinates": [ [ 10.8888652, 49.5688353 ], [ 10.8888454, 49.5687216 ], [ 10.8892903, 49.5685528 ], [ 10.8893436, 49.5685355 ], [ 10.8898756, 49.568516 ] ] } },
{ "type": "Feature", "properties": { "u": 11862555301, "v": 11862556557, "key": 0, "osmid": "1287172091", "highway": "path", "lanes": null, "maxspeed": null, "name": null, "ref": null, "oneway": false, "reversed": "False", "length": 10.926383954455494, "junction": null, "width": "3", "service": null, "access": null, "bridge": null }, "geometry": { "type": "LineString", "coordinates": [ [ 10.8904586, 49.5679972 ], [ 10.8906101, 49.5679959 ] ] } },
{ "type": "Feature", "properties": { "u": 11862555301, "v": 3867609968, "key": 0, "osmid": "380206451", "highway": "footway", "lanes": null, "maxspeed": null, "name": null, "ref": null, "oneway": false, "reversed": "False", "length": 27.304518645265915, "junction": null, "width": null, "service": null, "access": null, "bridge": null }, "geometry": { "type": "LineString", "coordinates": [ [ 10.8904586, 49.5679972 ], [ 10.8904497, 49.56785 ], [ 10.8904531, 49.567779 ], [ 10.8904521, 49.5677518 ] ] } },
{ "type": "Feature", "properties": { "u": 11862555301, "v": 7357970585, "key": 0, "osmid": "380206451", "highway": "footway", "lanes": null, "maxspeed": null, "name": null, "ref": null, "oneway": false, "reversed": "True", "length": 112.84154064742064, "junction": null, "width": null, "service": null, "access": null, "bridge": null }, "geometry": { "type": "LineString", "coordinates": [ [ 10.8904586, 49.5679972 ], [ 10.8904631, 49.5680718 ], [ 10.8904698, 49.5682023 ], [ 10.8904846, 49.568611 ], [ 10.890498, 49.5688033 ], [ 10.8905074, 49.5688537 ], [ 10.8905738, 49.5690052 ] ] } },
{ "type": "Feature", "properties": { "u": 11862555303, "v": 11862556552, "key": 0, "osmid": "251412555", "highway": "footway", "lanes": null, "maxspeed": null, "name": null, "ref": null, "oneway": false, "reversed": "False", "length": 85.692394267052137, "junction": null, "width": null, "service": null, "access": null, "bridge": null }, "geometry": { "type": "LineString", "coordinates": [ [ 10.8917213, 49.5679508 ], [ 10.8918269, 49.5687184 ] ] } },
{ "type": "Feature", "properties": { "u": 11862555303, "v": 11862555309, "key": 0, "osmid": "251412555", "highway": "footway", "lanes": null, "maxspeed": null, "name": null, "ref": null, "oneway": false, "reversed": "True", "length": 8.1609288168527243, "junction": null, "width": null, "service": null, "access": null, "bridge": null }, "geometry": { "type": "LineString", "coordinates": [ [ 10.8917213, 49.5679508 ], [ 10.8917112, 49.5678777 ] ] } },
{ "type": "Feature", "properties": { "u": 11862555303, "v": 11862555304, "key": 0, "osmid": "1277857975", "highway": "path", "lanes": null, "maxspeed": null, "name": null, "ref": null, "oneway": false, "reversed": "True", "length": 32.170087609043051, "junction": null, "width": "3", "service": null, "access": null, "bridge": null }, "geometry": { "type": "LineString", "coordinates": [ [ 10.8917213, 49.5679508 ], [ 10.8912781, 49.5679837 ] ] } },
{ "type": "Feature", "properties": { "u": 11862555304, "v": 11862555303, "key": 0, "osmid": "1277857975", "highway": "path", "lanes": null, "maxspeed": null, "name": null, "ref": null, "oneway": false, "reversed": "False", "length": 32.170087609043051, "junction": null, "width": "3", "service": null, "access": null, "bridge": null }, "geometry": { "type": "LineString", "coordinates": [ [ 10.8912781, 49.5679837 ], [ 10.8917213, 49.5679508 ] ] } },
{ "type": "Feature", "properties": { "u": 11862555304, "v": 7517836796, "key": 0, "osmid": [ 1277016406, 1277017302, 1277016408, 1277017402, 1277017403, 1277016407 ], "highway": [ "steps", "footway" ], "lanes": null, "maxspeed": null, "name": null, "ref": null, "oneway": false, "reversed": "False", "length": 66.026847532616841, "junction": null, "width": null, "service": null, "access": null, "bridge": null }, "geometry": { "type": "LineString", "coordinates": [ [ 10.8912781, 49.5679837 ], [ 10.891277, 49.567973 ], [ 10.8912755, 49.5679581 ], [ 10.8912374, 49.5675732 ], [ 10.8912347, 49.5675457 ], [ 10.8911481, 49.5674806 ], [ 10.8911463, 49.5674117 ] ] } },
{ "type": "Feature", "properties": { "u": 11862555304, "v": 11862556551, "key": 0, "osmid": [ 1277018202, 1277018098, 1277017301, 1277018199, 1277018200, 1277018201, 1277017402, 1277018203, 1277018204, 1277018205, 1277018206 ], "highway": [ "steps", "footway" ], "lanes": null, "maxspeed": null, "name": null, "ref": null, "oneway": false, "reversed": "True", "length": 83.522499371434719, "junction": null, "width": null, "service": null, "access": null, "bridge": null }, "geometry": { "type": "LineString", "coordinates": [ [ 10.8912781, 49.5679837 ], [ 10.8912792, 49.5679952 ], [ 10.8912801, 49.5680043 ], [ 10.8913063, 49.5682699 ], [ 10.8913119, 49.5683261 ], [ 10.8913159, 49.5683667 ], [ 10.8913189, 49.5683977 ], [ 10.8913289, 49.5684979 ], [ 10.8913311, 49.5685203 ], [ 10.8913457, 49.5686684 ], [ 10.8913484, 49.5686959 ], [ 10.8913521, 49.5687333 ] ] } },
{ "type": "Feature", "properties": { "u": 11862555304, "v": 11862556559, "key": 0, "osmid": [ 1287172091, 1277857975 ], "highway": "path", "lanes": null, "maxspeed": null, "name": null, "ref": null, "oneway": false, "reversed": "True", "length": 30.942273352368712, "junction": null, "width": "3", "service": null, "access": null, "bridge": null }, "geometry": { "type": "LineString", "coordinates": [ [ 10.8912781, 49.5679837 ], [ 10.8910341, 49.5679922 ], [ 10.8908494, 49.5679938 ] ] } },
{ "type": "Feature", "properties": { "u": 11862555306, "v": 3867608764, "key": 0, "osmid": [ 1277857977, 251412557 ], "highway": [ "path", "service" ], "lanes": null, "maxspeed": null, "name": "Am Friedhof", "ref": null, "oneway": false, "reversed": "True", "length": 33.336772386899604, "junction": null, "width": null, "service": "driveway", "access": "private", "bridge": null }, "geometry": { "type": "LineString", "coordinates": [ [ 10.8920727, 49.5679022 ], [ 10.8921342, 49.5679023 ], [ 10.892139, 49.5676424 ] ] } },
{ "type": "Feature", "properties": { "u": 11862555309, "v": 11862555303, "key": 0, "osmid": "251412555", "highway": "footway", "lanes": null, "maxspeed": null, "name": null, "ref": null, "oneway": false, "reversed": "False", "length": 8.1609288168527243, "junction": null, "width": null, "service": null, "access": null, "bridge": null }, "geometry": { "type": "LineString", "coordinates": [ [ 10.8917112, 49.5678777 ], [ 10.8917213, 49.5679508 ] ] } },
{ "type": "Feature", "properties": { "u": 11862555309, "v": 11862555313, "key": 0, "osmid": "1277857976", "highway": "footway", "lanes": null, "maxspeed": null, "name": null, "ref": null, "oneway": false, "reversed": "False", "length": 25.098240080183487, "junction": null, "width": null, "service": null, "access": null, "bridge": null }, "geometry": { "type": "LineString", "coordinates": [ [ 10.8917112, 49.5678777 ], [ 10.892059, 49.5678695 ] ] } },
{ "type": "Feature", "properties": { "u": 11862555309, "v": 3867608763, "key": 0, "osmid": "251412555", "highway": "footway", "lanes": null, "maxspeed": null, "name": null, "ref": null, "oneway": false, "reversed": "True", "length": 40.505730225332549, "junction": null, "width": null, "service": null, "access": null, "bridge": null }, "geometry": { "type": "LineString", "coordinates": [ [ 10.8917112, 49.5678777 ], [ 10.8917107, 49.5678741 ], [ 10.8916624, 49.5675228 ], [ 10.891664, 49.5675149 ] ] } },
{ "type": "Feature", "properties": { "u": 11862555310, "v": 11862555313, "key": 0, "osmid": "1277857976", "highway": "footway", "lanes": null, "maxspeed": null, "name": null, "ref": null, "oneway": false, "reversed": "True", "length": 0.88043789206553758, "junction": null, "width": null, "service": null, "access": null, "bridge": null }, "geometry": { "type": "LineString", "coordinates": [ [ 10.8920712, 49.5678692 ], [ 10.892059, 49.5678695 ] ] } },
{ "type": "Feature", "properties": { "u": 11862555312, "v": 11862555313, "key": 0, "osmid": "1277857978", "highway": "path", "lanes": null, "maxspeed": null, "name": null, "ref": null, "oneway": false, "reversed": "False", "length": 3.0489293908911073, "junction": null, "width": null, "service": null, "access": null, "bridge": null }, "geometry": { "type": "LineString", "coordinates": [ [ 10.8920606, 49.5678969 ], [ 10.892059, 49.5678695 ] ] } },
{ "type": "Feature", "properties": { "u": 11862555313, "v": 11862555310, "key": 0, "osmid": "1277857976", "highway": "footway", "lanes": null, "maxspeed": null, "name": null, "ref": null, "oneway": false, "reversed": "False", "length": 0.88043789206553758, "junction": null, "width": null, "service": null, "access": null, "bridge": null }, "geometry": { "type": "LineString", "coordinates": [ [ 10.892059, 49.5678695 ], [ 10.8920712, 49.5678692 ] ] } },
{ "type": "Feature", "properties": { "u": 11862555313, "v": 11862555309, "key": 0, "osmid": "1277857976", "highway": "footway", "lanes": null, "maxspeed": null, "name": null, "ref": null, "oneway": false, "reversed": "True", "length": 25.098240080183487, "junction": null, "width": null, "service": null, "access": null, "bridge": null }, "geometry": { "type": "LineString", "coordinates": [ [ 10.892059, 49.5678695 ], [ 10.8917112, 49.5678777 ] ] } },
{ "type": "Feature", "properties": { "u": 11862555313, "v": 11862555312, "key": 0, "osmid": "1277857978", "highway": "path", "lanes": null, "maxspeed": null, "name": null, "ref": null, "oneway": false, "reversed": "True", "length": 3.0489293908911073, "junction": null, "width": null, "service": null, "access": null, "bridge": null }, "geometry": { "type": "LineString", "coordinates": [ [ 10.892059, 49.5678695 ], [ 10.8920606, 49.5678969 ] ] } },
{ "type": "Feature", "properties": { "u": 11862556550, "v": 11862556551, "key": 0, "osmid": "1277861149", "highway": "path", "lanes": null, "maxspeed": null, "name": null, "ref": null, "oneway": false, "reversed": "False", "length": 12.023128753193104, "junction": null, "width": "3", "service": null, "access": null, "bridge": null }, "geometry": { "type": "LineString", "coordinates": [ [ 10.8911867, 49.5687469 ], [ 10.8913521, 49.5687333 ] ] } },
{ "type": "Feature", "properties": { "u": 11862556551, "v": 11862556552, "key": 0, "osmid": "1277861149", "highway": "path", "lanes": null, "maxspeed": null, "name": null, "ref": null, "oneway": false, "reversed": "False", "length": 34.279768520348647, "junction": null, "width": "3", "service": null, "access": null, "bridge": null }, "geometry": { "type": "LineString", "coordinates": [ [ 10.8913521, 49.5687333 ], [ 10.8918269, 49.5687184 ] ] } },
{ "type": "Feature", "properties": { "u": 11862556551, "v": 11862556550, "key": 0, "osmid": "1277861149", "highway": "path", "lanes": null, "maxspeed": null, "name": null, "ref": null, "oneway": false, "reversed": "True", "length": 12.023128753193104, "junction": null, "width": "3", "service": null, "access": null, "bridge": null }, "geometry": { "type": "LineString", "coordinates": [ [ 10.8913521, 49.5687333 ], [ 10.8911867, 49.5687469 ] ] } },
{ "type": "Feature", "properties": { "u": 11862556551, "v": 11862555304, "key": 0, "osmid": [ 1277017402, 1277018098, 1277017301, 1277018199, 1277018200, 1277018201, 1277018202, 1277018203, 1277018204, 1277018205, 1277018206 ], "highway": [ "steps", "footway" ], "lanes": null, "maxspeed": null, "name": null, "ref": null, "oneway": false, "reversed": "False", "length": 83.522499371434733, "junction": null, "width": null, "service": null, "access": null, "bridge": null }, "geometry": { "type": "LineString", "coordinates": [ [ 10.8913521, 49.5687333 ], [ 10.8913484, 49.5686959 ], [ 10.8913457, 49.5686684 ], [ 10.8913311, 49.5685203 ], [ 10.8913289, 49.5684979 ], [ 10.8913189, 49.5683977 ], [ 10.8913159, 49.5683667 ], [ 10.8913119, 49.5683261 ], [ 10.8913063, 49.5682699 ], [ 10.8912801, 49.5680043 ], [ 10.8912792, 49.5679952 ], [ 10.8912781, 49.5679837 ] ] } },
{ "type": "Feature", "properties": { "u": 11862556551, "v": 3832883577, "key": 0, "osmid": [ 379944338, 1277018198, 1277018199 ], "highway": [ "steps", "footway" ], "lanes": null, "maxspeed": null, "name": null, "ref": null, "oneway": false, "reversed": "True", "length": 100.83963123839739, "junction": null, "width": null, "service": null, "access": null, "bridge": null }, "geometry": { "type": "LineString", "coordinates": [ [ 10.8913521, 49.5687333 ], [ 10.8913562, 49.5687742 ], [ 10.8913587, 49.5687992 ], [ 10.8913853, 49.5690687 ], [ 10.8914056, 49.5691595 ], [ 10.891523, 49.5691551 ], [ 10.8915479, 49.5692239 ], [ 10.8915936, 49.5695063 ], [ 10.8916011, 49.5695542 ] ] } },
{ "type": "Feature", "properties": { "u": 11862556552, "v": 11862555303, "key": 0, "osmid": "251412555", "highway": "footway", "lanes": null, "maxspeed": null, "name": null, "ref": null, "oneway": false, "reversed": "True", "length": 85.692394267052137, "junction": null, "width": null, "service": null, "access": null, "bridge": null }, "geometry": { "type": "LineString", "coordinates": [ [ 10.8918269, 49.5687184 ], [ 10.8917213, 49.5679508 ] ] } },
{ "type": "Feature", "properties": { "u": 11862556552, "v": 11862556551, "key": 0, "osmid": "1277861149", "highway": "path", "lanes": null, "maxspeed": null, "name": null, "ref": null, "oneway": false, "reversed": "True", "length": 34.279768520348647, "junction": null, "width": "3", "service": null, "access": null, "bridge": null }, "geometry": { "type": "LineString", "coordinates": [ [ 10.8918269, 49.5687184 ], [ 10.8913521, 49.5687333 ] ] } },
{ "type": "Feature", "properties": { "u": 11862556552, "v": 2576374544, "key": 0, "osmid": "251412555", "highway": "footway", "lanes": null, "maxspeed": null, "name": null, "ref": null, "oneway": false, "reversed": "False", "length": 98.71588377355809, "junction": null, "width": null, "service": null, "access": null, "bridge": null }, "geometry": { "type": "LineString", "coordinates": [ [ 10.8918269, 49.5687184 ], [ 10.8918606, 49.5689635 ], [ 10.8919026, 49.5689612 ], [ 10.8919192, 49.5690824 ], [ 10.8918737, 49.5690859 ], [ 10.8919361, 49.5695471 ] ] } },
{ "type": "Feature", "properties": { "u": 11862556552, "v": 11862556555, "key": 0, "osmid": "1277861149", "highway": "path", "lanes": null, "maxspeed": null, "name": null, "ref": null, "oneway": false, "reversed": "False", "length": 51.561581798644852, "junction": null, "width": "3", "service": null, "access": null, "bridge": null }, "geometry": { "type": "LineString", "coordinates": [ [ 10.8918269, 49.5687184 ], [ 10.8921502, 49.568706 ], [ 10.8922748, 49.5686878 ], [ 10.892538, 49.5686809 ] ] } },
{ "type": "Feature", "properties": { "u": 11862556555, "v": 11862556552, "key": 0, "osmid": "1277861149", "highway": "path", "lanes": null, "maxspeed": null, "name": null, "ref": null, "oneway": false, "reversed": "True", "length": 51.561581798644852, "junction": null, "width": "3", "service": null, "access": null, "bridge": null }, "geometry": { "type": "LineString", "coordinates": [ [ 10.892538, 49.5686809 ], [ 10.8922748, 49.5686878 ], [ 10.8921502, 49.568706 ], [ 10.8918269, 49.5687184 ] ] } },
{ "type": "Feature", "properties": { "u": 11862556557, "v": 11862556558, "key": 0, "osmid": "1277861150", "highway": "path", "lanes": null, "maxspeed": null, "name": null, "ref": null, "oneway": false, "reversed": "False", "length": 5.9194418949006549, "junction": null, "width": null, "service": null, "access": null, "bridge": null }, "geometry": { "type": "LineString", "coordinates": [ [ 10.8906101, 49.5679959 ], [ 10.8906024, 49.5679429 ] ] } },
{ "type": "Feature", "properties": { "u": 11862556557, "v": 11862556559, "key": 0, "osmid": "1287172091", "highway": "path", "lanes": null, "maxspeed": null, "name": null, "ref": null, "oneway": false, "reversed": "False", "length": 17.258708086086234, "junction": null, "width": "3", "service": null, "access": null, "bridge": null }, "geometry": { "type": "LineString", "coordinates": [ [ 10.8906101, 49.5679959 ], [ 10.8908494, 49.5679938 ] ] } },
{ "type": "Feature", "properties": { "u": 11862556557, "v": 11862555301, "key": 0, "osmid": "1287172091", "highway": "path", "lanes": null, "maxspeed": null, "name": null, "ref": null, "oneway": false, "reversed": "True", "length": 10.926383954455494, "junction": null, "width": "3", "service": null, "access": null, "bridge": null }, "geometry": { "type": "LineString", "coordinates": [ [ 10.8906101, 49.5679959 ], [ 10.8904586, 49.5679972 ] ] } },
{ "type": "Feature", "properties": { "u": 11862556558, "v": 11862556557, "key": 0, "osmid": "1277861150", "highway": "path", "lanes": null, "maxspeed": null, "name": null, "ref": null, "oneway": false, "reversed": "True", "length": 5.9194418949006549, "junction": null, "width": null, "service": null, "access": null, "bridge": null }, "geometry": { "type": "LineString", "coordinates": [ [ 10.8906024, 49.5679429 ], [ 10.8906101, 49.5679959 ] ] } },
{ "type": "Feature", "properties": { "u": 11862556559, "v": 11862556560, "key": 0, "osmid": "1277861151", "highway": "path", "lanes": null, "maxspeed": null, "name": null, "ref": null, "oneway": false, "reversed": "False", "length": 7.2495357244902356, "junction": null, "width": null, "service": null, "access": null, "bridge": null }, "geometry": { "type": "LineString", "coordinates": [ [ 10.8908494, 49.5679938 ], [ 10.8908416, 49.5679288 ] ] } },
{ "type": "Feature", "properties": { "u": 11862556559, "v": 11862556557, "key": 0, "osmid": "1287172091", "highway": "path", "lanes": null, "maxspeed": null, "name": null, "ref": null, "oneway": false, "reversed": "True", "length": 17.258708086086234, "junction": null, "width": "3", "service": null, "access": null, "bridge": null }, "geometry": { "type": "LineString", "coordinates": [ [ 10.8908494, 49.5679938 ], [ 10.8906101, 49.5679959 ] ] } },
{ "type": "Feature", "properties": { "u": 11862556559, "v": 11862555304, "key": 0, "osmid": [ 1287172091, 1277857975 ], "highway": "path", "lanes": null, "maxspeed": null, "name": null, "ref": null, "oneway": false, "reversed": "False", "length": 30.942273352368712, "junction": null, "width": "3", "service": null, "access": null, "bridge": null }, "geometry": { "type": "LineString", "coordinates": [ [ 10.8908494, 49.5679938 ], [ 10.8910341, 49.5679922 ], [ 10.8912781, 49.5679837 ] ] } },
{ "type": "Feature", "properties": { "u": 11862556560, "v": 11862556559, "key": 0, "osmid": "1277861151", "highway": "path", "lanes": null, "maxspeed": null, "name": null, "ref": null, "oneway": false, "reversed": "True", "length": 7.2495357244902356, "junction": null, "width": null, "service": null, "access": null, "bridge": null }, "geometry": { "type": "LineString", "coordinates": [ [ 10.8908416, 49.5679288 ], [ 10.8908494, 49.5679938 ] ] } },
{ "type": "Feature", "properties": { "u": 11862594175, "v": 3867609971, "key": 0, "osmid": "30625517", "highway": "living_street", "lanes": null, "maxspeed": "7", "name": "Brentanostraße", "ref": null, "oneway": false, "reversed": "True", "length": 67.895176506495901, "junction": null, "width": "5.5", "service": null, "access": null, "bridge": null }, "geometry": { "type": "LineString", "coordinates": [ [ 10.8899012, 49.5694572 ], [ 10.8899344, 49.5694292 ], [ 10.8899157, 49.569342 ], [ 10.8899261, 49.5692993 ], [ 10.8899707, 49.5692423 ], [ 10.8900351, 49.5692097 ], [ 10.8905292, 49.569144 ] ] } },
{ "type": "Feature", "properties": { "u": 11862594175, "v": 11862594179, "key": 0, "osmid": "251412481", "highway": "living_street", "lanes": null, "maxspeed": "7", "name": "Brentanostraße", "ref": null, "oneway": false, "reversed": "False", "length": 13.51943111193134, "junction": null, "width": "6", "service": null, "access": null, "bridge": null }, "geometry": { "type": "LineString", "coordinates": [ [ 10.8899012, 49.5694572 ], [ 10.8899285, 49.5694718 ], [ 10.8899465, 49.5694915 ], [ 10.8899532, 49.5695124 ], [ 10.8899493, 49.5695335 ], [ 10.8899354, 49.5695529 ], [ 10.8899229, 49.5695614 ] ] } },
{ "type": "Feature", "properties": { "u": 11862594175, "v": 2576374538, "key": 0, "osmid": "251412481", "highway": "living_street", "lanes": null, "maxspeed": "7", "name": "Brentanostraße", "ref": null, "oneway": false, "reversed": "True", "length": 12.733751359780488, "junction": null, "width": "6", "service": null, "access": null, "bridge": null }, "geometry": { "type": "LineString", "coordinates": [ [ 10.8899012, 49.5694572 ], [ 10.889868, 49.5694495 ], [ 10.8898327, 49.5694495 ], [ 10.8897994, 49.5694572 ], [ 10.8897722, 49.5694718 ], [ 10.8897541, 49.5694915 ] ] } },
{ "type": "Feature", "properties": { "u": 11862594177, "v": 11862594179, "key": 0, "osmid": "1277861153", "highway": "living_street", "lanes": null, "maxspeed": "7", "name": "Brentanostraße", "ref": null, "oneway": false, "reversed": "False", "length": 19.87343180308725, "junction": null, "width": "5.5", "service": null, "access": null, "bridge": null }, "geometry": { "type": "LineString", "coordinates": [ [ 10.8901751, 49.569622 ], [ 10.8899727, 49.5695911 ], [ 10.8899229, 49.5695614 ] ] } },
{ "type": "Feature", "properties": { "u": 11862594179, "v": 2576374538, "key": 0, "osmid": "251412481", "highway": "living_street", "lanes": null, "maxspeed": "7", "name": "Brentanostraße", "ref": null, "oneway": false, "reversed": "False", "length": 20.192218402827827, "junction": null, "width": "6", "service": null, "access": null, "bridge": null }, "geometry": { "type": "LineString", "coordinates": [ [ 10.8899229, 49.5695614 ], [ 10.8899128, 49.5695683 ], [ 10.8898839, 49.5695784 ], [ 10.8898515, 49.5695821 ], [ 10.889819, 49.5695789 ], [ 10.8897897, 49.5695693 ], [ 10.8897665, 49.5695541 ], [ 10.8897519, 49.569535 ], [ 10.8897473, 49.5695139 ], [ 10.8897541, 49.5694915 ] ] } },
{ "type": "Feature", "properties": { "u": 11862594179, "v": 11862594175, "key": 0, "osmid": "251412481", "highway": "living_street", "lanes": null, "maxspeed": "7", "name": "Brentanostraße", "ref": null, "oneway": false, "reversed": "True", "length": 13.51943111193134, "junction": null, "width": "6", "service": null, "access": null, "bridge": null }, "geometry": { "type": "LineString", "coordinates": [ [ 10.8899229, 49.5695614 ], [ 10.8899354, 49.5695529 ], [ 10.8899493, 49.5695335 ], [ 10.8899532, 49.5695124 ], [ 10.8899465, 49.5694915 ], [ 10.8899285, 49.5694718 ], [ 10.8899012, 49.5694572 ] ] } },
{ "type": "Feature", "properties": { "u": 11862594179, "v": 11862594177, "key": 0, "osmid": "1277861153", "highway": "living_street", "lanes": null, "maxspeed": "7", "name": "Brentanostraße", "ref": null, "oneway": false, "reversed": "True", "length": 19.87343180308725, "junction": null, "width": "5.5", "service": null, "access": null, "bridge": null }, "geometry": { "type": "LineString", "coordinates": [ [ 10.8899229, 49.5695614 ], [ 10.8899727, 49.5695911 ], [ 10.8901751, 49.569622 ] ] } },
{ "type": "Feature", "properties": { "u": 11920492686, "v": 11838889226, "key": 0, "osmid": "1275040459", "highway": "steps", "lanes": null, "maxspeed": null, "name": null, "ref": null, "oneway": false, "reversed": "False", "length": 0.51600143936959419, "junction": null, "width": null, "service": null, "access": null, "bridge": null }, "geometry": { "type": "LineString", "coordinates": [ [ 10.8845696, 49.5676289 ], [ 10.8845633, 49.5676311 ] ] } },
{ "type": "Feature", "properties": { "u": 11920492686, "v": 11838889225, "key": 0, "osmid": "1275040459", "highway": "steps", "lanes": null, "maxspeed": null, "name": null, "ref": null, "oneway": false, "reversed": "True", "length": 2.9778742671664045, "junction": null, "width": null, "service": null, "access": null, "bridge": null }, "geometry": { "type": "LineString", "coordinates": [ [ 10.8845696, 49.5676289 ], [ 10.8846062, 49.5676165 ] ] } },
{ "type": "Feature", "properties": { "u": 11920492686, "v": 11920492687, "key": 0, "osmid": [ 1284960659, 1284960660 ], "highway": "path", "lanes": null, "maxspeed": null, "name": null, "ref": null, "oneway": false, "reversed": "True", "length": 15.570160570147424, "junction": null, "width": null, "service": null, "access": null, "bridge": null }, "geometry": { "type": "LineString", "coordinates": [ [ 10.8845696, 49.5676289 ], [ 10.8846334, 49.5677193 ], [ 10.8846868, 49.5677405 ] ] } },
{ "type": "Feature", "properties": { "u": 11920492687, "v": 3835516654, "key": 0, "osmid": "380209528", "highway": "footway", "lanes": null, "maxspeed": null, "name": null, "ref": null, "oneway": false, "reversed": "False", "length": 3.488123113160075, "junction": null, "width": null, "service": null, "access": null, "bridge": null }, "geometry": { "type": "LineString", "coordinates": [ [ 10.8846868, 49.5677405 ], [ 10.8847083, 49.5677686 ] ] } },
{ "type": "Feature", "properties": { "u": 11920492687, "v": 11838889225, "key": 0, "osmid": [ 380209528, 1275040458 ], "highway": "footway", "lanes": null, "maxspeed": null, "name": null, "ref": null, "oneway": false, "reversed": "True", "length": 15.185306120740483, "junction": null, "width": null, "service": null, "access": null, "bridge": null }, "geometry": { "type": "LineString", "coordinates": [ [ 10.8846868, 49.5677405 ], [ 10.8846043, 49.5676324 ], [ 10.8846062, 49.5676165 ] ] } },
{ "type": "Feature", "properties": { "u": 11920492687, "v": 11920492686, "key": 0, "osmid": [ 1284960659, 1284960660 ], "highway": "path", "lanes": null, "maxspeed": null, "name": null, "ref": null, "oneway": false, "reversed": "False", "length": 15.570160570147424, "junction": null, "width": null, "service": null, "access": null, "bridge": null }, "geometry": { "type": "LineString", "coordinates": [ [ 10.8846868, 49.5677405 ], [ 10.8846334, 49.5677193 ], [ 10.8845696, 49.5676289 ] ] } },
{ "type": "Feature", "properties": { "u": 11926769116, "v": 3867608873, "key": 0, "osmid": [ 30625515, 1285641349, 1285641230 ], "highway": "residential", "lanes": null, "maxspeed": "30", "name": "Karl-Bröger-Straße", "ref": null, "oneway": false, "reversed": "False", "length": 92.985380485634607, "junction": null, "width": [ "3", "5" ], "service": null, "access": null, "bridge": null }, "geometry": { "type": "LineString", "coordinates": [ [ 10.8896, 49.5700929 ], [ 10.8896884, 49.5701078 ], [ 10.8899358, 49.5701496 ], [ 10.8900751, 49.5701731 ], [ 10.8908479, 49.5703035 ] ] } }
]
}
